ปี พ.ศ.,ประเภทรถ,ยี่ห้อ,รุ่น,จำนวน
2568,รถยนต์นั่งส่วนบุคคลไม่เกิน 7 คน,ABARTH,500e,1
2568,รถยนต์นั่งส่วนบุคคลไม่เกิน 7 คน,AION,AION ES,89
2568,รถยนต์นั่งส่วนบุคคลไม่เกิน 7 คน,AION,AION UT 420 STANDARD,2782
2568,รถยนต์นั่งส่วนบุคคลไม่เกิน 7 คน,AION,AION UT 500 PREMIUM,947
2568,รถยนต์นั่งส่วนบุคคลไม่เกิน 7 คน,AION,AION V 602 LUXURY,4085
2568,รถยนต์นั่งส่วนบุคคลไม่เกิน 7 คน,AION,AION Y PLUS,1947
2568,รถยนต์นั่งส่วนบุคคลไม่เกิน 7 คน,AION,AION Y PLUS 490 PREMIUM,31
2568,รถยนต์นั่งส่วนบุคคลไม่เกิน 7 คน,AION,HYPTEC HT 620 LUXURY,247
2568,รถยนต์นั่งส่วนบุคคลไม่เกิน 7 คน,AION,HYPTEC HT 620 PREMIUM,1839
2568,รถยนต์นั่งส่วนบุคคลไม่เกิน 7 คน,AION,HYPTEC SSR,2
2568,รถยนต์นั่งส่วนบุคคลไม่เกิน 7 คน,ALFA ROMEO,GIULIA VELOCE,1
2568,รถยนต์นั่งส่วนบุคคลไม่เกิน 7 คน,ALPINE,A110 S,2
2568,รถยนต์นั่งส่วนบุคคลไม่เกิน 7 คน,ASTON MARTIN,DB12 COUPE,2
2568,รถยนต์นั่งส่วนบุคคลไม่เกิน 7 คน,ASTON MARTIN,DB12 V8 COUPE,2
2568,รถยนต์นั่งส่วนบุคคลไม่เกิน 7 คน,ASTON MARTIN,DBS SUPERLEGGERA COUPE,1
2568,รถยนต์นั่งส่วนบุคคลไม่เกิน 7 คน,ASTON MARTIN,DBX 707,2
2568,รถยนต์นั่งส่วนบุคคลไม่เกิน 7 คน,ASTON MARTIN,RAPIDE S,1
2568,รถยนต์นั่งส่วนบุคคลไม่เกิน 7 คน,ASTON MARTIN,VANTAGE COUPE,5
2568,รถยนต์นั่งส่วนบุคคลไม่เกิน 7 คน,ASTON MARTIN,VANTAGE ROADSTER,1
2568,รถยนต์นั่งส่วนบุคคลไม่เกิน 7 คน,AUDI,A3 SB 35 TFSI S line,1
2568,รถยนต์นั่งส่วนบุคคลไม่เกิน 7 คน,AUDI,A4 40 TFSI S line IB,11
2568,รถยนต์นั่งส่วนบุคคลไม่เกิน 7 คน,AUDI,A4 AV 45 TFSI q S line BE,1
2568,รถยนต์นั่งส่วนบุคคลไม่เกิน 7 คน,AUDI,A4 AV 45 TFSI q S line IB,9
2568,รถยนต์นั่งส่วนบุคคลไม่เกิน 7 คน,AUDI,A5 Avant e-hybrid q Tech Pro,2
2568,รถยนต์นั่งส่วนบุคคลไม่เกิน 7 คน,AUDI,A5 CP 40 TFSI S line,22
2568,รถยนต์นั่งส่วนบุคคลไม่เกิน 7 คน,AUDI,A5 CP 40 TFSI S line eo,62
2568,รถยนต์นั่งส่วนบุคคลไม่เกิน 7 คน,AUDI,A5 CP 45 TFSI q S line BE,13
2568,รถยนต์นั่งส่วนบุคคลไม่เกิน 7 คน,AUDI,A5 CP 45 TFSI q S line eo,2
2568,รถยนต์นั่งส่วนบุคคลไม่เกิน 7 คน,AUDI,A5 SB 40 TFSI S line,11
2568,รถยนต์นั่งส่วนบุคคลไม่เกิน 7 คน,AUDI,A5 SB 40 TFSI S line eo,64
2568,รถยนต์นั่งส่วนบุคคลไม่เกิน 7 คน,AUDI,A5 SB 45 TFSI q S line,1
2568,รถยนต์นั่งส่วนบุคคลไม่เกิน 7 คน,AUDI,A5 SB 45 TFSI q S line BE,9
2568,รถยนต์นั่งส่วนบุคคลไม่เกิน 7 คน,AUDI,A5 SB 45 TFSI q S line eo,6
2568,รถยนต์นั่งส่วนบุคคลไม่เกิน 7 คน,AUDI,A5 SB e-hybrid q Tech Plus,4
2568,รถยนต์นั่งส่วนบุคคลไม่เกิน 7 คน,AUDI,A5 SB e-hybrid q Tech Pro,4
2568,รถยนต์นั่งส่วนบุคคลไม่เกิน 7 คน,AUDI,A6 40 TFSI S line,3
2568,รถยนต์นั่งส่วนบุคคลไม่เกิน 7 คน,AUDI,A6 AV 45 TFSI q S line BE,1
2568,รถยนต์นั่งส่วนบุคคลไม่เกิน 7 คน,AUDI,A7 SB 55 TFSI q S line,1
2568,รถยนต์นั่งส่วนบุคคลไม่เกิน 7 คน,AUDI,A7 SB 55 TFSIe q Sline,3
2568,รถยนต์นั่งส่วนบุคคลไม่เกิน 7 คน,AUDI,A7 SB 55 TFSIe q Sline BE,1
2568,รถยนต์นั่งส่วนบุคคลไม่เกิน 7 คน,AUDI,A7 SPORTBACK 40 TDI,1
2568,รถยนต์นั่งส่วนบุคคลไม่เกิน 7 คน,AUDI,A8L 60 TFSIe q Pstg Sline,4
2568,รถยนต์นั่งส่วนบุคคลไม่เกิน 7 คน,AUDI,e-tron 55 q,1
2568,รถยนต์นั่งส่วนบุคคลไม่เกิน 7 คน,AUDI,e-tron GT quattro PF,7
2568,รถยนต์นั่งส่วนบุคคลไม่เกิน 7 คน,AUDI,e-tron SB 55 q S line,2
2568,รถยนต์นั่งส่วนบุคคลไม่เกิน 7 คน,AUDI,Q3 35 TFSI S line,22
2568,รถยนต์นั่งส่วนบุคคลไม่เกิน 7 คน,AUDI,Q3 40 TFSI q S line BE,27
2568,รถยนต์นั่งส่วนบุคคลไม่เกิน 7 คน,AUDI,Q3 SB 40 TFSI q S line BE,49
2568,รถยนต์นั่งส่วนบุคคลไม่เกิน 7 คน,AUDI,Q5 35 TDI q,1
2568,รถยนต์นั่งส่วนบุคคลไม่เกิน 7 คน,AUDI,Q5 55 TFSI e q S line,5
2568,รถยนต์นั่งส่วนบุคคลไม่เกิน 7 คน,AUDI,Q5 55 TFSI e q S line BE,43
2568,รถยนต์นั่งส่วนบุคคลไม่เกิน 7 คน,AUDI,Q5 SB 55 TFSIe q S lineBE,40
2568,รถยนต์นั่งส่วนบุคคลไม่เกิน 7 คน,AUDI,Q7 45 TDI q,1
2568,รถยนต์นั่งส่วนบุคคลไม่เกิน 7 คน,AUDI,Q7 45 TDI q S line,1
2568,รถยนต์นั่งส่วนบุคคลไม่เกิน 7 คน,AUDI,Q7 55 TFSI q S line,1
2568,รถยนต์นั่งส่วนบุคคลไม่เกิน 7 คน,AUDI,Q7 60 TFSI e q S line BE,19
2568,รถยนต์นั่งส่วนบุคคลไม่เกิน 7 คน,AUDI,Q7 TFSI e q S line edition one,3
2568,รถยนต์นั่งส่วนบุคคลไม่เกิน 7 คน,AUDI,Q8 55 TFSI q S line,1
2568,รถยนต์นั่งส่วนบุคคลไม่เกิน 7 คน,AUDI,Q8 60 TFSI e q S line BE,35
2568,รถยนต์นั่งส่วนบุคคลไม่เกิน 7 คน,AUDI,Q8 e-tron 50 q,2
2568,รถยนต์นั่งส่วนบุคคลไม่เกิน 7 คน,AUDI,Q8 etron 55 q BE,19
2568,รถยนต์นั่งส่วนบุคคลไม่เกิน 7 คน,AUDI,Q8 SB e-tron 50 q S line,7
2568,รถยนต์นั่งส่วนบุคคลไม่เกิน 7 คน,AUDI,Q8 SB etron 55 q Sline BE,20
2568,รถยนต์นั่งส่วนบุคคลไม่เกิน 7 คน,AUDI,Q8 TFSI e q S line edition one,14
2568,รถยนต์นั่งส่วนบุคคลไม่เกิน 7 คน,AUDI,R8 SPYDER V10,1
2568,รถยนต์นั่งส่วนบุคคลไม่เกิน 7 คน,AUDI,R8 V10 COUPE,1
2568,รถยนต์นั่งส่วนบุคคลไม่เกิน 7 คน,AUDI,RS 3 Sportback quattro,5
2568,รถยนต์นั่งส่วนบุคคลไม่เกิน 7 คน,AUDI,RS 4 Avant q competition,7
2568,รถยนต์นั่งส่วนบุคคลไม่เกิน 7 คน,AUDI,RS 4 AV q,4
2568,รถยนต์นั่งส่วนบุคคลไม่เกิน 7 คน,AUDI,RS 5 Coupe q competition,10
2568,รถยนต์นั่งส่วนบุคคลไม่เกิน 7 คน,AUDI,RS 5 Coupe quattro,5
2568,รถยนต์นั่งส่วนบุคคลไม่เกิน 7 คน,AUDI,RS 6 Avant q performance,5
2568,รถยนต์นั่งส่วนบุคคลไม่เกิน 7 คน,AUDI,RS 6 Avant quattro,1
2568,รถยนต์นั่งส่วนบุคคลไม่เกิน 7 คน,AUDI,RS 7 SB q performance,1
2568,รถยนต์นั่งส่วนบุคคลไม่เกิน 7 คน,AUDI,RS e-tron GT quattro,5
2568,รถยนต์นั่งส่วนบุคคลไม่เกิน 7 คน,AUDI,RS Q3 SB edition 10 years,3
2568,รถยนต์นั่งส่วนบุคคลไม่เกิน 7 คน,AUDI,RS Q3 Sportback quattro,5
2568,รถยนต์นั่งส่วนบุคคลไม่เกิน 7 คน,AUDI,RS Q8 q,1
2568,รถยนต์นั่งส่วนบุคคลไม่เกิน 7 คน,AUDI,RS Q8 quattro performance,2
2568,รถยนต์นั่งส่วนบุคคลไม่เกิน 7 คน,AUDI,RS3 SPORTBACK,1
2568,รถยนต์นั่งส่วนบุคคลไม่เกิน 7 คน,AUDI,RS6 AVANT,1
2568,รถยนต์นั่งส่วนบุคคลไม่เกิน 7 คน,AUDI,S3 Sportback quattro,7
2568,รถยนต์นั่งส่วนบุคคลไม่เกิน 7 คน,AUDI,TT Coupe 45 TFSI q S line,13
2568,รถยนต์นั่งส่วนบุคคลไม่เกิน 7 คน,AUDI,TT Coupe Final Icon Black,110
2568,รถยนต์นั่งส่วนบุคคลไม่เกิน 7 คน,AUDI,TT RD 45 TFSI q S line,2
2568,รถยนต์นั่งส่วนบุคคลไม่เกิน 7 คน,AUDI,TT RD Final Icon Black,1
2568,รถยนต์นั่งส่วนบุคคลไม่เกิน 7 คน,AUDI,TT RS Coupe q,11
2568,รถยนต์นั่งส่วนบุคคลไม่เกิน 7 คน,AUDI,TT RS Heritage Edition,8
2568,รถยนต์นั่งส่วนบุคคลไม่เกิน 7 คน,AVATR,AVATR 11 LONG RANGE,656
2568,รถยนต์นั่งส่วนบุคคลไม่เกิน 7 คน,AVATR,AVATR 11 STANDARD RANGE,38
2568,รถยนต์นั่งส่วนบุคคลไม่เกิน 7 คน,AXION,T5,1
2568,รถยนต์นั่งส่วนบุคคลไม่เกิน 7 คน,BENTLEY,BENTAYGA A V8,1
2568,รถยนต์นั่งส่วนบุคคลไม่เกิน 7 คน,BENTLEY,BENTAYGA ATELIER HYBRID,1
2568,รถยนต์นั่งส่วนบุคคลไม่เกิน 7 คน,BENTLEY,BENTAYGA AZURE HYBRID,2
2568,รถยนต์นั่งส่วนบุคคลไม่เกิน 7 คน,BENTLEY,BENTAYGA HYBRID,17
2568,รถยนต์นั่งส่วนบุคคลไม่เกิน 7 คน,BENTLEY,BENTAYGA S HYBRID,1
2568,รถยนต์นั่งส่วนบุคคลไม่เกิน 7 คน,BENTLEY,CONTINENTAL GT AZURE V8,1
2568,รถยนต์นั่งส่วนบุคคลไม่เกิน 7 คน,BENTLEY,CONTINENTAL GT CONVERTIBLE V8,1
2568,รถยนต์นั่งส่วนบุคคลไม่เกิน 7 คน,BENTLEY,CONTINENTAL GT S V8,1
2568,รถยนต์นั่งส่วนบุคคลไม่เกิน 7 คน,BENTLEY,CONTINENTAL GT V8,5
2568,รถยนต์นั่งส่วนบุคคลไม่เกิน 7 คน,BENTLEY,CONTINENTAL GTC V8,2
2568,รถยนต์นั่งส่วนบุคคลไม่เกิน 7 คน,BENTLEY,FLYING SPUR A HYBRID,2
2568,รถยนต์นั่งส่วนบุคคลไม่เกิน 7 คน,BENTLEY,FLYING SPUR AZURE HYBRID,10
2568,รถยนต์นั่งส่วนบุคคลไม่เกิน 7 คน,BENTLEY,FLYING SPUR HYBRID,12
2568,รถยนต์นั่งส่วนบุคคลไม่เกิน 7 คน,BENTLEY,FLYING SPUR HYBRID S,1
2568,รถยนต์นั่งส่วนบุคคลไม่เกิน 7 คน,BENTLEY,FLYING SPUR MULLINER HYBRID,1
2568,รถยนต์นั่งส่วนบุคคลไม่เกิน 7 คน,BENTLEY,GT SPEED CONVERTIBLE,1
2568,รถยนต์นั่งส่วนบุคคลไม่เกิน 7 คน,BMW,118i M Sport,1
2568,รถยนต์นั่งส่วนบุคคลไม่เกิน 7 คน,BMW,220 Gran Coupe M Sport Pr,81
2568,รถยนต์นั่งส่วนบุคคลไม่เกิน 7 คน,BMW,220i Gran Coupe M Sport,599
2568,รถยนต์นั่งส่วนบุคคลไม่เกิน 7 คน,BMW,220i Gran Coupe Sport,2
2568,รถยนต์นั่งส่วนบุคคลไม่เกิน 7 คน,BMW,220I COUPE RHD,1
2568,รถยนต์นั่งส่วนบุคคลไม่เกิน 7 คน,BMW,320d,3
2568,รถยนต์นั่งส่วนบุคคลไม่เกิน 7 คน,BMW,320d GT Luxury,3
2568,รถยนต์นั่งส่วนบุคคลไม่เกิน 7 คน,BMW,320d GT M Sport,1
2568,รถยนต์นั่งส่วนบุคคลไม่เกิน 7 คน,BMW,320d GT Sport,1
2568,รถยนต์นั่งส่วนบุคคลไม่เกิน 7 คน,BMW,320d M Sport,1119
2568,รถยนต์นั่งส่วนบุคคลไม่เกิน 7 คน,BMW,320d Sport,174
2568,รถยนต์นั่งส่วนบุคคลไม่เกิน 7 คน,BMW,320D GT SPORT,1
2568,รถยนต์นั่งส่วนบุคคลไม่เกิน 7 คน,BMW,320Li,4
2568,รถยนต์นั่งส่วนบุคคลไม่เกิน 7 คน,BMW,320Li Limousine LWB RHD,285
2568,รถยนต์นั่งส่วนบุคคลไม่เกิน 7 คน,BMW,328I M SPORT,1
2568,รถยนต์นั่งส่วนบุคคลไม่เกิน 7 คน,BMW,330e M Sport,1011
2568,รถยนต์นั่งส่วนบุคคลไม่เกิน 7 คน,BMW,330i Limousine RHD,2
2568,รถยนต์นั่งส่วนบุคคลไม่เกิน 7 คน,BMW,330Li,98
2568,รถยนต์นั่งส่วนบุคคลไม่เกิน 7 คน,BMW,330Li Limousine RHD,4
2568,รถยนต์นั่งส่วนบุคคลไม่เกิน 7 คน,BMW,420D COUPE RHD,1
2568,รถยนต์นั่งส่วนบุคคลไม่เกิน 7 คน,BMW,420i Coupe RHD,55
2568,รถยนต์นั่งส่วนบุคคลไม่เกิน 7 คน,BMW,430D CONVERTIBLE Mild-hybrid,1
2568,รถยนต์นั่งส่วนบุคคลไม่เกิน 7 คน,BMW,430i Cabrio RHD,20
2568,รถยนต์นั่งส่วนบุคคลไม่เกิน 7 คน,BMW,430i Convertible RHD,20
2568,รถยนต์นั่งส่วนบุคคลไม่เกิน 7 คน,BMW,430i Coupe RHD,100
2568,รถยนต์นั่งส่วนบุคคลไม่เกิน 7 คน,BMW,520d M Sport,119
2568,รถยนต์นั่งส่วนบุคคลไม่เกิน 7 คน,BMW,520d M Sport Pro,608
2568,รถยนต์นั่งส่วนบุคคลไม่เกิน 7 คน,BMW,520d Sport,1
2568,รถยนต์นั่งส่วนบุคคลไม่เกิน 7 คน,BMW,530e Elite,3
2568,รถยนต์นั่งส่วนบุคคลไม่เกิน 7 คน,BMW,530e Inspiring,133
2568,รถยนต์นั่งส่วนบุคคลไม่เกิน 7 คน,BMW,530e Luxury,34
2568,รถยนต์นั่งส่วนบุคคลไม่เกิน 7 คน,BMW,530e M Sport,112
2568,รถยนต์นั่งส่วนบุคคลไม่เกิน 7 คน,BMW,530e M Sport Pro,511
2568,รถยนต์นั่งส่วนบุคคลไม่เกิน 7 คน,BMW,630i Gran Turismo RHD,76
2568,รถยนต์นั่งส่วนบุคคลไม่เกิน 7 คน,BMW,730Ld M Sport,4
2568,รถยนต์นั่งส่วนบุคคลไม่เกิน 7 คน,BMW,740d M Sport,41
2568,รถยนต์นั่งส่วนบุคคลไม่เกิน 7 คน,BMW,745Le xDrive M Sport,5
2568,รถยนต์นั่งส่วนบุคคลไม่เกิน 7 คน,BMW,750e xDrive M Sport,62
2568,รถยนต์นั่งส่วนบุคคลไม่เกิน 7 คน,BMW,840I M SPORT COUPE,1
2568,รถยนต์นั่งส่วนบุคคลไม่เกิน 7 คน,BMW,i4 eDrive35 Gran Coupe RH,104
2568,รถยนต์นั่งส่วนบุคคลไม่เกิน 7 คน,BMW,i4 eDrive40 Gran Coupe RH,1
2568,รถยนต์นั่งส่วนบุคคลไม่เกิน 7 คน,BMW,i4 M50 Gran Coupe RHD,17
2568,รถยนต์นั่งส่วนบุคคลไม่เกิน 7 คน,BMW,i5 eDrive40 RHD,173
2568,รถยนต์นั่งส่วนบุคคลไม่เกิน 7 คน,BMW,i5 eDrive40 Touring RHD,8
2568,รถยนต์นั่งส่วนบุคคลไม่เกิน 7 คน,BMW,i5 M60 xDrive RHD,60
2568,รถยนต์นั่งส่วนบุคคลไม่เกิน 7 คน,BMW,i7 M70 xDrive RHD,1
2568,รถยนต์นั่งส่วนบุคคลไม่เกิน 7 คน,BMW,i7 xDrive60 Limousine RHD,102
2568,รถยนต์นั่งส่วนบุคคลไม่เกิน 7 คน,BMW,iX xDrive40 RHD,56
2568,รถยนต์นั่งส่วนบุคคลไม่เกิน 7 คน,BMW,iX xDrive50,1
2568,รถยนต์นั่งส่วนบุคคลไม่เกิน 7 คน,BMW,iX xDrive50 RHD,165
2568,รถยนต์นั่งส่วนบุคคลไม่เกิน 7 คน,BMW,iX1 eDrive20L,83
2568,รถยนต์นั่งส่วนบุคคลไม่เกิน 7 คน,BMW,iX2 xDrive30 RHD,47
2568,รถยนต์นั่งส่วนบุคคลไม่เกิน 7 คน,BMW,iX3 M Sport RHD,443
2568,รถยนต์นั่งส่วนบุคคลไม่เกิน 7 คน,BMW,I8,1
2568,รถยนต์นั่งส่วนบุคคลไม่เกิน 7 คน,BMW,M2 Comptetition RHD,1
2568,รถยนต์นั่งส่วนบุคคลไม่เกิน 7 คน,BMW,M2 Coupe RHD MX,27
2568,รถยนต์นั่งส่วนบุคคลไม่เกิน 7 คน,BMW,M2 RHD,12
2568,รถยนต์นั่งส่วนบุคคลไม่เกิน 7 คน,BMW,M240i xDrive Coupe RHD MX,61
2568,รถยนต์นั่งส่วนบุคคลไม่เกิน 7 คน,BMW,M3 Competition M xDrive T,6
2568,รถยนต์นั่งส่วนบุคคลไม่เกิน 7 คน,BMW,M3 COMPETITION M X-DRIVE,1
2568,รถยนต์นั่งส่วนบุคคลไม่เกิน 7 คน,BMW,M340i xDrive,104
2568,รถยนต์นั่งส่วนบุคคลไม่เกิน 7 คน,BMW,M4 Competition Coupe RHD,2
2568,รถยนต์นั่งส่วนบุคคลไม่เกิน 7 คน,BMW,M4 Competition M xDrive C,3
2568,รถยนต์นั่งส่วนบุคคลไม่เกิน 7 คน,BMW,M4 COMPETITION COUPE,1
2568,รถยนต์นั่งส่วนบุคคลไม่เกิน 7 คน,BMW,M4 COMPETITION COUPE WITH M,1
2568,รถยนต์นั่งส่วนบุคคลไม่เกิน 7 คน,BMW,M4 CSL,1
2568,รถยนต์นั่งส่วนบุคคลไม่เกิน 7 คน,BMW,M440i xDrive Coupe RHD,13
2568,รถยนต์นั่งส่วนบุคคลไม่เกิน 7 คน,BMW,M760e xDrive,41
2568,รถยนต์นั่งส่วนบุคคลไม่เกิน 7 คน,BMW,M850i xDrive Cabrio RHD,1
2568,รถยนต์นั่งส่วนบุคคลไม่เกิน 7 คน,BMW,M850i xDrive RHD,1
2568,รถยนต์นั่งส่วนบุคคลไม่เกิน 7 คน,BMW,X1 sDrive18d xLine,5
2568,รถยนต์นั่งส่วนบุคคลไม่เกิน 7 คน,BMW,X1 sDrive18i,5
2568,รถยนต์นั่งส่วนบุคคลไม่เกิน 7 คน,BMW,X1 sDrive20d M Sport,27
2568,รถยนต์นั่งส่วนบุคคลไม่เกิน 7 คน,BMW,X1 sDrive20d xLine,19
2568,รถยนต์นั่งส่วนบุคคลไม่เกิน 7 คน,BMW,X1 sDrive20i M Sport,1204
2568,รถยนต์นั่งส่วนบุคคลไม่เกิน 7 คน,BMW,X1 sDrive20i xLine,405
2568,รถยนต์นั่งส่วนบุคคลไม่เกิน 7 คน,BMW,X1 SDRIVE20D XLINE,1
2568,รถยนต์นั่งส่วนบุคคลไม่เกิน 7 คน,BMW,X1 xDrive30e,3
2568,รถยนต์นั่งส่วนบุคคลไม่เกิน 7 คน,BMW,X1 xDrive30e M Sport,99
2568,รถยนต์นั่งส่วนบุคคลไม่เกิน 7 คน,BMW,X3 20d xDrive M Sport Pro,388
2568,รถยนต์นั่งส่วนบุคคลไม่เกิน 7 คน,BMW,X3 20d xDrive RHD,7
2568,รถยนต์นั่งส่วนบุคคลไม่เกิน 7 คน,BMW,X3 M RHD,1
2568,รถยนต์นั่งส่วนบุคคลไม่เกิน 7 คน,BMW,X3 M50 xDrive,41
2568,รถยนต์นั่งส่วนบุคคลไม่เกิน 7 คน,BMW,X3 xDrive20d M Sport,67
2568,รถยนต์นั่งส่วนบุคคลไม่เกิน 7 คน,BMW,X3 xDrive20d xLine,2
2568,รถยนต์นั่งส่วนบุคคลไม่เกิน 7 คน,BMW,X3 xDrive30e M Sport,203
2568,รถยนต์นั่งส่วนบุคคลไม่เกิน 7 คน,BMW,X3 xDrive30e xLine,2
2568,รถยนต์นั่งส่วนบุคคลไม่เกิน 7 คน,BMW,X4 M RHD,9
2568,รถยนต์นั่งส่วนบุคคลไม่เกิน 7 คน,BMW,X4 xDrive20d M Sport,2
2568,รถยนต์นั่งส่วนบุคคลไม่เกิน 7 คน,BMW,X4 xDrive20d RHD,342
2568,รถยนต์นั่งส่วนบุคคลไม่เกิน 7 คน,BMW,X5 xDrive30d M Sport,243
2568,รถยนต์นั่งส่วนบุคคลไม่เกิน 7 คน,BMW,X5 xDrive45e M Sport,32
2568,รถยนต์นั่งส่วนบุคคลไม่เกิน 7 คน,BMW,X5 xDrive50e RHD,184
2568,รถยนต์นั่งส่วนบุคคลไม่เกิน 7 คน,BMW,X6 xDrive40i M Sport,163
2568,รถยนต์นั่งส่วนบุคคลไม่เกิน 7 คน,BMW,X7 M60i xDrive,1
2568,รถยนต์นั่งส่วนบุคคลไม่เกิน 7 คน,BMW,X7 xDrive30d M Sport,3
2568,รถยนต์นั่งส่วนบุคคลไม่เกิน 7 คน,BMW,X7 xDrive40d M Sport,147
2568,รถยนต์นั่งส่วนบุคคลไม่เกิน 7 คน,BMW,XM 50e RHD,72
2568,รถยนต์นั่งส่วนบุคคลไม่เกิน 7 คน,BMW,XM Label RHD,2
2568,รถยนต์นั่งส่วนบุคคลไม่เกิน 7 คน,BMW,XM RHD,2
2568,รถยนต์นั่งส่วนบุคคลไม่เกิน 7 คน,BMW,Z4 M40i RHD,24
2568,รถยนต์นั่งส่วนบุคคลไม่เกิน 7 คน,BMW,Z4 sDrive30i RHD,40
2568,รถยนต์นั่งส่วนบุคคลไม่เกิน 7 คน,BMW,,1
2568,รถยนต์นั่งส่วนบุคคลไม่เกิน 7 คน,BYD,BYD ATTO 3,44
2568,รถยนต์นั่งส่วนบุคคลไม่เกิน 7 คน,BYD,BYD ATTO 3 (410KM),1
2568,รถยนต์นั่งส่วนบุคคลไม่เกิน 7 คน,BYD,BYD ATTO3 (410KM-DYNAMIC),51
2568,รถยนต์นั่งส่วนบุคคลไม่เกิน 7 คน,BYD,BYD ATTO3 (410KM-PREMIUM),4596
2568,รถยนต์นั่งส่วนบุคคลไม่เกิน 7 คน,BYD,BYD ATTO3 (480KM-EXT),3266
2568,รถยนต์นั่งส่วนบุคคลไม่เกิน 7 คน,BYD,BYD DOLPHIN (435KM-STD),10233
2568,รถยนต์นั่งส่วนบุคคลไม่เกิน 7 คน,BYD,BYD DOLPHIN (490KM-EXT),2143
2568,รถยนต์นั่งส่วนบุคคลไม่เกิน 7 คน,BYD,BYD DOLPHIN EXD,44
2568,รถยนต์นั่งส่วนบุคคลไม่เกิน 7 คน,BYD,BYD DOLPHIN STD,14
2568,รถยนต์นั่งส่วนบุคคลไม่เกิน 7 คน,BYD,BYD M6 DYNAMIC,419
2568,รถยนต์นั่งส่วนบุคคลไม่เกิน 7 คน,BYD,BYD M6 EXTENDED,1835
2568,รถยนต์นั่งส่วนบุคคลไม่เกิน 7 คน,BYD,BYD SEAL 5 DM-i PREMIUM,650
2568,รถยนต์นั่งส่วนบุคคลไม่เกิน 7 คน,BYD,BYD SEAL EXD AWD,464
2568,รถยนต์นั่งส่วนบุคคลไม่เกิน 7 คน,BYD,BYD SEAL EXD RWD,837
2568,รถยนต์นั่งส่วนบุคคลไม่เกิน 7 คน,BYD,BYD SEAL STD RWD,342
2568,รถยนต์นั่งส่วนบุคคลไม่เกิน 7 คน,BYD,BYD SEAL U (DMI-PREMIUM),7
2568,รถยนต์นั่งส่วนบุคคลไม่เกิน 7 คน,BYD,BYD SEALION 6,69
2568,รถยนต์นั่งส่วนบุคคลไม่เกิน 7 คน,BYD,BYD SEALION 6 DM-i DYNAMIC,1465
2568,รถยนต์นั่งส่วนบุคคลไม่เกิน 7 คน,BYD,BYD SEALION 6 DM-i PREMIUM,6309
2568,รถยนต์นั่งส่วนบุคคลไม่เกิน 7 คน,BYD,BYD SEALION 7 AWD,4485
2568,รถยนต์นั่งส่วนบุคคลไม่เกิน 7 คน,BYD,BYD SEALION 7 RWD,3887
2568,รถยนต์นั่งส่วนบุคคลไม่เกิน 7 คน,BYD,E6,18
2568,รถยนต์นั่งส่วนบุคคลไม่เกิน 7 คน,BYD,T3,1
2568,รถยนต์นั่งส่วนบุคคลไม่เกิน 7 คน,CHANGAN,LUMIN,204
2568,รถยนต์นั่งส่วนบุคคลไม่เกิน 7 คน,CHANGAN,LUMIN L DC,3048
2568,รถยนต์นั่งส่วนบุคคลไม่เกิน 7 คน,CHERY,EQ1,1
2568,รถยนต์นั่งส่วนบุคคลไม่เกิน 7 คน,CHERY,V23 2WD PLAY,136
2568,รถยนต์นั่งส่วนบุคคลไม่เกิน 7 คน,CHERY,V23 2WD PLUS,321
2568,รถยนต์นั่งส่วนบุคคลไม่เกิน 7 คน,CHERY,V23 4WD PEAK,291
2568,รถยนต์นั่งส่วนบุคคลไม่เกิน 7 คน,CHEVROLET,CAMARO COUPE,1
2568,รถยนต์นั่งส่วนบุคคลไม่เกิน 7 คน,CHEVROLET,CAPTIVA,4
2568,รถยนต์นั่งส่วนบุคคลไม่เกิน 7 คน,CHEVROLET,COLORADO,5
2568,รถยนต์นั่งส่วนบุคคลไม่เกิน 7 คน,CHEVROLET,CORVETTE STINGRAY CONVERTIBLE,4
2568,รถยนต์นั่งส่วนบุคคลไม่เกิน 7 คน,CHEVROLET,CORVETTE STINGRAY COUPE,5
2568,รถยนต์นั่งส่วนบุคคลไม่เกิน 7 คน,CHEVROLET,CORVETTE STINGRAY COUPE 2LT,1
2568,รถยนต์นั่งส่วนบุคคลไม่เกิน 7 คน,CHEVROLET,CORVETTE STINGRAY COUPE 3LT,1
2568,รถยนต์นั่งส่วนบุคคลไม่เกิน 7 คน,CHEVROLET,CORVETTE Z06,1
2568,รถยนต์นั่งส่วนบุคคลไม่เกิน 7 คน,CHEVROLET,CORVETTE Z06 CONVERTIBLE 3LZ,1
2568,รถยนต์นั่งส่วนบุคคลไม่เกิน 7 คน,CHEVROLET,TRAILBLAZER,1
2568,รถยนต์นั่งส่วนบุคคลไม่เกิน 7 คน,DAIHATSU,ATRAI RS 2WD,1
2568,รถยนต์นั่งส่วนบุคคลไม่เกิน 7 คน,DAIHATSU,COPEN CERO S,2
2568,รถยนต์นั่งส่วนบุคคลไม่เกิน 7 คน,DAIHATSU,COPEN GR SPORT,2
2568,รถยนต์นั่งส่วนบุคคลไม่เกิน 7 คน,DAIHATSU,MOVE CANBUS STRIPES G TURBO,4
2568,รถยนต์นั่งส่วนบุคคลไม่เกิน 7 คน,DAIHATSU,MOVE CANBUS THEORY G,2
2568,รถยนต์นั่งส่วนบุคคลไม่เกิน 7 คน,DAIHATSU,MOVE CANBUS THEORY G TURBO,2
2568,รถยนต์นั่งส่วนบุคคลไม่เกิน 7 คน,DEEPAL,E07 PERFORMANCE AWD,102
2568,รถยนต์นั่งส่วนบุคคลไม่เกิน 7 คน,DEEPAL,E07 PLUS,134
2568,รถยนต์นั่งส่วนบุคคลไม่เกิน 7 คน,DEEPAL,HUNTER K50,12
2568,รถยนต์นั่งส่วนบุคคลไม่เกิน 7 คน,DEEPAL,L07,410
2568,รถยนต์นั่งส่วนบุคคลไม่เกิน 7 คน,DEEPAL,L07 S,31
2568,รถยนต์นั่งส่วนบุคคลไม่เกิน 7 คน,DEEPAL,S05 MAX,2400
2568,รถยนต์นั่งส่วนบุคคลไม่เกิน 7 คน,DEEPAL,S05 PLUS,177
2568,รถยนต์นั่งส่วนบุคคลไม่เกิน 7 คน,DEEPAL,S05 REEV MAX,602
2568,รถยนต์นั่งส่วนบุคคลไม่เกิน 7 คน,DEEPAL,S07,4214
2568,รถยนต์นั่งส่วนบุคคลไม่เกิน 7 คน,DEEPAL,S07 L,319
2568,รถยนต์นั่งส่วนบุคคลไม่เกิน 7 คน,DENZA,DENZA D9 AWD,391
2568,รถยนต์นั่งส่วนบุคคลไม่เกิน 7 คน,DENZA,DENZA D9 FWD,2703
2568,รถยนต์นั่งส่วนบุคคลไม่เกิน 7 คน,DFSK,GLORY 560,4
2568,รถยนต์นั่งส่วนบุคคลไม่เกิน 7 คน,DFSK,GLORY 580 I-AUTO,4
2568,รถยนต์นั่งส่วนบุคคลไม่เกิน 7 คน,DONGFENG,NAMMI 06,2
2568,รถยนต์นั่งส่วนบุคคลไม่เกิน 7 คน,DONGFENG,S73,2
2568,รถยนต์นั่งส่วนบุคคลไม่เกิน 7 คน,FENGCHI,DYQ1030BEV1-H,2
2568,รถยนต์นั่งส่วนบุคคลไม่เกิน 7 คน,FERRARI,12Cilindri,1
2568,รถยนต์นั่งส่วนบุคคลไม่เกิน 7 คน,FERRARI,12Cilindri Spider,1
2568,รถยนต์นั่งส่วนบุคคลไม่เกิน 7 คน,FERRARI,296 GTB,13
2568,รถยนต์นั่งส่วนบุคคลไม่เกิน 7 คน,FERRARI,296 GTS,15
2568,รถยนต์นั่งส่วนบุคคลไม่เกิน 7 คน,FERRARI,488 GTB,1
2568,รถยนต์นั่งส่วนบุคคลไม่เกิน 7 คน,FERRARI,488 PISTA,1
2568,รถยนต์นั่งส่วนบุคคลไม่เกิน 7 คน,FERRARI,812 COMPETIZIONE A,1
2568,รถยนต์นั่งส่วนบุคคลไม่เกิน 7 คน,FERRARI,812 SUPERFAST,1
2568,รถยนต์นั่งส่วนบุคคลไม่เกิน 7 คน,FERRARI,F8 TRIBUTO,3
2568,รถยนต์นั่งส่วนบุคคลไม่เกิน 7 คน,FERRARI,PORTOFINO M,1
2568,รถยนต์นั่งส่วนบุคคลไม่เกิน 7 คน,FERRARI,PUROSANGUE,11
2568,รถยนต์นั่งส่วนบุคคลไม่เกิน 7 คน,FERRARI,ROMA,1
2568,รถยนต์นั่งส่วนบุคคลไม่เกิน 7 คน,FERRARI,ROMA SPIDER,1
2568,รถยนต์นั่งส่วนบุคคลไม่เกิน 7 คน,FERRARI,SF90 SPIDER,1
2568,รถยนต์นั่งส่วนบุคคลไม่เกิน 7 คน,FERRARI,SF90 XX STRADALE,1
2568,รถยนต์นั่งส่วนบุคคลไม่เกิน 7 คน,FOMM,FOMM ONE,3
2568,รถยนต์นั่งส่วนบุคคลไม่เกิน 7 คน,FORD,EVEREST,7907
2568,รถยนต์นั่งส่วนบุคคลไม่เกิน 7 คน,FORD,Ford Focus,3
2568,รถยนต์นั่งส่วนบุคคลไม่เกิน 7 คน,FORD,FORD EVEREST,1
2568,รถยนต์นั่งส่วนบุคคลไม่เกิน 7 คน,FORD,FORD EVEREST zFAE9BC,1
2568,รถยนต์นั่งส่วนบุคคลไม่เกิน 7 คน,FORD,FORD FIESTA,1
2568,รถยนต์นั่งส่วนบุคคลไม่เกิน 7 คน,FORD,FORD RANGER,2
2568,รถยนต์นั่งส่วนบุคคลไม่เกิน 7 คน,FORD,FORD RANGER iFBT9AH,1
2568,รถยนต์นั่งส่วนบุคคลไม่เกิน 7 คน,FORD,MUSTANG,15
2568,รถยนต์นั่งส่วนบุคคลไม่เกิน 7 คน,FORD,MUSTANG 2.3 ECOBOOST PREMIUM,2
2568,รถยนต์นั่งส่วนบุคคลไม่เกิน 7 คน,FORD,MUSTANG 2.3L ECOBOOST FASTBACK,1
2568,รถยนต์นั่งส่วนบุคคลไม่เกิน 7 คน,FORD,MUSTANG 2.3L ECOBOOST PREMIUM,2
2568,รถยนต์นั่งส่วนบุคคลไม่เกิน 7 คน,FORD,MUSTANG 5.0 GT FASTBACK,1
2568,รถยนต์นั่งส่วนบุคคลไม่เกิน 7 คน,FORD,MUSTANG 5.0 GT PREMIUM,1
2568,รถยนต์นั่งส่วนบุคคลไม่เกิน 7 คน,FORD,MUSTANG DARK HORSE,2
2568,รถยนต์นั่งส่วนบุคคลไม่เกิน 7 คน,FORD,MUSTANG ECOBOOST 2.3,4
2568,รถยนต์นั่งส่วนบุคคลไม่เกิน 7 คน,FORD,MUSTANG ECOBOOST FASTBACK,6
2568,รถยนต์นั่งส่วนบุคคลไม่เกิน 7 คน,FORD,MUSTANG ECOBOOST PREMIUM,1
2568,รถยนต์นั่งส่วนบุคคลไม่เกิน 7 คน,FORD,MUSTANG MACH 1,1
2568,รถยนต์นั่งส่วนบุคคลไม่เกิน 7 คน,FORD,MUSTANG MACH-E AWD,1
2568,รถยนต์นั่งส่วนบุคคลไม่เกิน 7 คน,FORD,MUSTANG MACH-E RWD,1
2568,รถยนต์นั่งส่วนบุคคลไม่เกิน 7 คน,FORD,RANGER,8963
2568,รถยนต์นั่งส่วนบุคคลไม่เกิน 7 คน,FORD,RANGER RAPTOR,1846
2568,รถยนต์นั่งส่วนบุคคลไม่เกิน 7 คน,FORD,RANGER SWB,1
2568,รถยนต์นั่งส่วนบุคคลไม่เกิน 7 คน,FOTON,E-TUNLAND,1
2568,รถยนต์นั่งส่วนบุคคลไม่เกิน 7 คน,GAC,M8 PHEV PREMIUM,111
2568,รถยนต์นั่งส่วนบุคคลไม่เกิน 7 คน,GEELY,EX5,1607
2568,รถยนต์นั่งส่วนบุคคลไม่เกิน 7 คน,GEELY,GALAXY E5,1
2568,รถยนต์นั่งส่วนบุคคลไม่เกิน 7 คน,GMC,HUMMER EV EDITION 1,1
2568,รถยนต์นั่งส่วนบุคคลไม่เกิน 7 คน,GMC,HUMMER EV2X,1
2568,รถยนต์นั่งส่วนบุคคลไม่เกิน 7 คน,GMC,YUKON DENALI,1
2568,รถยนต์นั่งส่วนบุคคลไม่เกิน 7 คน,GWM,GWM TANK 300,4591
2568,รถยนต์นั่งส่วนบุคคลไม่เกิน 7 คน,GWM,GWM TANK 500,280
2568,รถยนต์นั่งส่วนบุคคลไม่เกิน 7 คน,GWM TANK,300 HYBRID,439
2568,รถยนต์นั่งส่วนบุคคลไม่เกิน 7 คน,GWM TANK,500 HYBRID,115
2568,รถยนต์นั่งส่วนบุคคลไม่เกิน 7 คน,HAVAL,H6 HEV PRO,18
2568,รถยนต์นั่งส่วนบุคคลไม่เกิน 7 คน,HAVAL,H6 HEV ULTRA,304
2568,รถยนต์นั่งส่วนบุคคลไม่เกิน 7 คน,HAVAL,H6 HYBRID,100
2568,รถยนต์นั่งส่วนบุคคลไม่เกิน 7 คน,HAVAL,H6 PLUG-IN HYBRID,604
2568,รถยนต์นั่งส่วนบุคคลไม่เกิน 7 คน,HAVAL,JOLION HYBRID,1013
2568,รถยนต์นั่งส่วนบุคคลไม่เกิน 7 คน,HONDA,ACCORD,1753
2568,รถยนต์นั่งส่วนบุคคลไม่เกิน 7 คน,HONDA,ACCORD HYBRID,5
2568,รถยนต์นั่งส่วนบุคคลไม่เกิน 7 คน,HONDA,BR-V,79
2568,รถยนต์นั่งส่วนบุคคลไม่เกิน 7 คน,HONDA,CITY,12753
2568,รถยนต์นั่งส่วนบุคคลไม่เกิน 7 คน,HONDA,CITY HATCHBACK,16344
2568,รถยนต์นั่งส่วนบุคคลไม่เกิน 7 คน,HONDA,CIVIC,11140
2568,รถยนต์นั่งส่วนบุคคลไม่เกิน 7 คน,HONDA,CIVIC TYPE R,33
2568,รถยนต์นั่งส่วนบุคคลไม่เกิน 7 คน,HONDA,CIVIC TYPE R RACING BLACK,1
2568,รถยนต์นั่งส่วนบุคคลไม่เกิน 7 คน,HONDA,CR-V,6369
2568,รถยนต์นั่งส่วนบุคคลไม่เกิน 7 คน,HONDA,CR-V'14,1
2568,รถยนต์นั่งส่วนบุคคลไม่เกิน 7 คน,HONDA,e:N1,238
2568,รถยนต์นั่งส่วนบุคคลไม่เกิน 7 คน,HONDA,E ADVANCE,1
2568,รถยนต์นั่งส่วนบุคคลไม่เกิน 7 คน,HONDA,FIT RS,1
2568,รถยนต์นั่งส่วนบุคคลไม่เกิน 7 คน,HONDA,HR-V,22051
2568,รถยนต์นั่งส่วนบุคคลไม่เกิน 7 คน,HONDA,JAZZ,6
2568,รถยนต์นั่งส่วนบุคคลไม่เกิน 7 คน,HONDA,JAZZ HYBRID'12,1
2568,รถยนต์นั่งส่วนบุคคลไม่เกิน 7 คน,HONDA,MOBILIO,1
2568,รถยนต์นั่งส่วนบุคคลไม่เกิน 7 คน,HONDA,N BOX CUSTOM,1
2568,รถยนต์นั่งส่วนบุคคลไม่เกิน 7 คน,HONDA,N VAN TEN STYLE FUN,2
2568,รถยนต์นั่งส่วนบุคคลไม่เกิน 7 คน,HONDA,N-BOX CUSTOM L TURBO,2
2568,รถยนต์นั่งส่วนบุคคลไม่เกิน 7 คน,HONDA,N-BOX CUSTOM TURBO,1
2568,รถยนต์นั่งส่วนบุคคลไม่เกิน 7 คน,HONDA,N-BOX JOY TURBO,1
2568,รถยนต์นั่งส่วนบุคคลไม่เกิน 7 คน,HONDA,NSX HYBRID,1
2568,รถยนต์นั่งส่วนบุคคลไม่เกิน 7 คน,HONDA,NSX TYPE S,1
2568,รถยนต์นั่งส่วนบุคคลไม่เกิน 7 คน,HONDA,ODYSSEY e-HEV ABSOLUTE EX,18
2568,รถยนต์นั่งส่วนบุคคลไม่เกิน 7 คน,HONDA,S660,1
2568,รถยนต์นั่งส่วนบุคคลไม่เกิน 7 คน,HONDA,S660 ALPHA,1
2568,รถยนต์นั่งส่วนบุคคลไม่เกิน 7 คน,HONDA,S660 BETA,1
2568,รถยนต์นั่งส่วนบุคคลไม่เกิน 7 คน,HONDA,STEP WGN AIR,2
2568,รถยนต์นั่งส่วนบุคคลไม่เกิน 7 คน,HONDA,STEP WGN e-HEV AIR,38
2568,รถยนต์นั่งส่วนบุคคลไม่เกิน 7 คน,HONDA,STEP WGN e-HEV SPADA,2
2568,รถยนต์นั่งส่วนบุคคลไม่เกิน 7 คน,HONDA,STEP WGN e-HEV SPADA PREMIUM,159
2568,รถยนต์นั่งส่วนบุคคลไม่เกิน 7 คน,HONDA,STEP WGN SPADA,1
2568,รถยนต์นั่งส่วนบุคคลไม่เกิน 7 คน,HONDA,STEP WGN SPADA HYBRID PREMIUM,7
2568,รถยนต์นั่งส่วนบุคคลไม่เกิน 7 คน,HONDA,STEP WGN SPADA PREMIUM LINE,8
2568,รถยนต์นั่งส่วนบุคคลไม่เกิน 7 คน,HONDA,STEPWAGON e:HEV SPADA PREMIUM,7
2568,รถยนต์นั่งส่วนบุคคลไม่เกิน 7 คน,HONDA,STEPWGN e:HEV AIR,9
2568,รถยนต์นั่งส่วนบุคคลไม่เกิน 7 คน,HONDA,STEPWGN e:HEV SPADA,1
2568,รถยนต์นั่งส่วนบุคคลไม่เกิน 7 คน,HONDA,WR-V,468
2568,รถยนต์นั่งส่วนบุคคลไม่เกิน 7 คน,HONDA,,1
2568,รถยนต์นั่งส่วนบุคคลไม่เกิน 7 คน,HYUNDAI,CRETA,171
2568,รถยนต์นั่งส่วนบุคคลไม่เกิน 7 คน,HYUNDAI,ELANTRA N,2
2568,รถยนต์นั่งส่วนบุคคลไม่เกิน 7 คน,HYUNDAI,GENESIS G80 EV,1
2568,รถยนต์นั่งส่วนบุคคลไม่เกิน 7 คน,HYUNDAI,GRAND STAREX,1
2568,รถยนต์นั่งส่วนบุคคลไม่เกิน 7 คน,HYUNDAI,IONIQ EV,1
2568,รถยนต์นั่งส่วนบุคคลไม่เกิน 7 คน,HYUNDAI,IONIQ HEV,1
2568,รถยนต์นั่งส่วนบุคคลไม่เกิน 7 คน,HYUNDAI,IONIQ5,113
2568,รถยนต์นั่งส่วนบุคคลไม่เกิน 7 คน,HYUNDAI,IONIQ5 N,13
2568,รถยนต์นั่งส่วนบุคคลไม่เกิน 7 คน,HYUNDAI,IONIQ6,24
2568,รถยนต์นั่งส่วนบุคคลไม่เกิน 7 คน,HYUNDAI,PALISADE,202
2568,รถยนต์นั่งส่วนบุคคลไม่เกิน 7 คน,HYUNDAI,SANTA FE,216
2568,รถยนต์นั่งส่วนบุคคลไม่เกิน 7 คน,HYUNDAI,STARGAZER,493
2568,รถยนต์นั่งส่วนบุคคลไม่เกิน 7 คน,ISUZU,CAB4 SL 2.5,1
2568,รถยนต์นั่งส่วนบุคคลไม่เกิน 7 คน,ISUZU,D-MAX,26691
2568,รถยนต์นั่งส่วนบุคคลไม่เกิน 7 คน,ISUZU,FXZ77QXDFV,1
2568,รถยนต์นั่งส่วนบุคคลไม่เกิน 7 คน,ISUZU,MU-X,12131
2568,รถยนต์นั่งส่วนบุคคลไม่เกิน 7 คน,ISUZU,TFR86JCMH3 (M),2
2568,รถยนต์นั่งส่วนบุคคลไม่เกิน 7 คน,ISUZU,TFR86JCRH6 (P),1
2568,รถยนต์นั่งส่วนบุคคลไม่เกิน 7 คน,ISUZU,TFR87GWRH1 (M),6
2568,รถยนต์นั่งส่วนบุคคลไม่เกิน 7 คน,ISUZU,TFS54HPY,1
2568,รถยนต์นั่งส่วนบุคคลไม่เกิน 7 คน,ISUZU,,4
2568,รถยนต์นั่งส่วนบุคคลไม่เกิน 7 คน,JAC,EVO-T8,2
2568,รถยนต์นั่งส่วนบุคคลไม่เกิน 7 คน,JAC,T8EV,1
2568,รถยนต์นั่งส่วนบุคคลไม่เกิน 7 คน,JAC,T9EV,1
2568,รถยนต์นั่งส่วนบุคคลไม่เกิน 7 คน,JAECOO,5 EV Long Range Dynamic,105
2568,รถยนต์นั่งส่วนบุคคลไม่เกิน 7 คน,JAECOO,5 EV Long Range Max,5514
2568,รถยนต์นั่งส่วนบุคคลไม่เกิน 7 คน,JAECOO,6 EV Long Range 2WD,371
2568,รถยนต์นั่งส่วนบุคคลไม่เกิน 7 คน,JAECOO,6 EV Long Range 2WD PRO,577
2568,รถยนต์นั่งส่วนบุคคลไม่เกิน 7 คน,JAECOO,6 EV Long Range 4WD,2054
2568,รถยนต์นั่งส่วนบุคคลไม่เกิน 7 คน,JAECOO,7 SHS Max,352
2568,รถยนต์นั่งส่วนบุคคลไม่เกิน 7 คน,JAECOO,,12
2568,รถยนต์นั่งส่วนบุคคลไม่เกิน 7 คน,JAGUAR,F-PACE 5.0L S/C PETROL AWD,1
2568,รถยนต์นั่งส่วนบุคคลไม่เกิน 7 คน,JAGUAR,F-TYPE 2.0 LITRE T/C PETROL,2
2568,รถยนต์นั่งส่วนบุคคลไม่เกิน 7 คน,JEEP,GLADIATOR RUBICON,2
2568,รถยนต์นั่งส่วนบุคคลไม่เกิน 7 คน,JEEP,RENEGADE SUMMIT E-HYBRID MHEV,1
2568,รถยนต์นั่งส่วนบุคคลไม่เกิน 7 คน,JEEP,WRANGLER 4 DOOR 2.0 RUBICON,1
2568,รถยนต์นั่งส่วนบุคคลไม่เกิน 7 คน,JEEP,WRANGLER RUBICON,1
2568,รถยนต์นั่งส่วนบุคคลไม่เกิน 7 คน,JEEP,WRANGLER RUBICON 2 DOOR,1
2568,รถยนต์นั่งส่วนบุคคลไม่เกิน 7 คน,JEEP,WRANGLER RUBICON 4 DOOR,32
2568,รถยนต์นั่งส่วนบุคคลไม่เกิน 7 คน,JIAYUAN,JY7222-ZQR,1
2568,รถยนต์นั่งส่วนบุคคลไม่เกิน 7 คน,JIAYUAN,JY7252-ZQR,1
2568,รถยนต์นั่งส่วนบุคคลไม่เกิน 7 คน,JUNEYAO,JY AIR Plus,14
2568,รถยนต์นั่งส่วนบุคคลไม่เกิน 7 คน,JUNEYAO,JY AIR Standard,7
2568,รถยนต์นั่งส่วนบุคคลไม่เกิน 7 คน,KIA,CARNIVAL,179
2568,รถยนต์นั่งส่วนบุคคลไม่เกิน 7 คน,KIA,CARNIVAL HEV 7P LUXURY,15
2568,รถยนต์นั่งส่วนบุคคลไม่เกิน 7 คน,KIA,CARNIVAL HEV 7P PREMIUM,1
2568,รถยนต์นั่งส่วนบุคคลไม่เกิน 7 คน,KIA,EV5,690
2568,รถยนต์นั่งส่วนบุคคลไม่เกิน 7 คน,KIA,EV9 EARTH LONG RANGE,1
2568,รถยนต์นั่งส่วนบุคคลไม่เกิน 7 คน,KIA,EV9 GT LINE AWD,29
2568,รถยนต์นั่งส่วนบุคคลไม่เกิน 7 คน,KIA,SORENTO,123
2568,รถยนต์นั่งส่วนบุคคลไม่เกิน 7 คน,KING LONG,DRACON,6
2568,รถยนต์นั่งส่วนบุคคลไม่เกิน 7 คน,LAMBORGHINI,AVENTADOR SVJ 63 COUPE,1
2568,รถยนต์นั่งส่วนบุคคลไม่เกิน 7 คน,LAMBORGHINI,AVENTADOR ULTIMAE,2
2568,รถยนต์นั่งส่วนบุคคลไม่เกิน 7 คน,LAMBORGHINI,HURACAN EVO,2
2568,รถยนต์นั่งส่วนบุคคลไม่เกิน 7 คน,LAMBORGHINI,HURACAN EVO RWD,5
2568,รถยนต์นั่งส่วนบุคคลไม่เกิน 7 คน,LAMBORGHINI,HURACAN EVO SPYDER,1
2568,รถยนต์นั่งส่วนบุคคลไม่เกิน 7 คน,LAMBORGHINI,HURACAN STERRATO,1
2568,รถยนต์นั่งส่วนบุคคลไม่เกิน 7 คน,LAMBORGHINI,HURACAN STO,6
2568,รถยนต์นั่งส่วนบุคคลไม่เกิน 7 คน,LAMBORGHINI,HURACAN TECNICA,10
2568,รถยนต์นั่งส่วนบุคคลไม่เกิน 7 คน,LAMBORGHINI,REVUELTO,4
2568,รถยนต์นั่งส่วนบุคคลไม่เกิน 7 คน,LAMBORGHINI,URUS,4
2568,รถยนต์นั่งส่วนบุคคลไม่เกิน 7 คน,LAMBORGHINI,URUS PERFORMANTE,11
2568,รถยนต์นั่งส่วนบุคคลไม่เกิน 7 คน,LAMBORGHINI,URUS PERFORMANTE V8,1
2568,รถยนต์นั่งส่วนบุคคลไม่เกิน 7 คน,LAMBORGHINI,URUS S,7
2568,รถยนต์นั่งส่วนบุคคลไม่เกิน 7 คน,LAND ROVER,DEFENDER 110 FIRST EDITION,1
2568,รถยนต์นั่งส่วนบุคคลไม่เกิน 7 คน,LAND ROVER,DEFENDER 2.0L T/C AWD AUTO SE,1
2568,รถยนต์นั่งส่วนบุคคลไม่เกิน 7 คน,LAND ROVER,DEFENDER 2.0L T/C PETROL PHEV,28
2568,รถยนต์นั่งส่วนบุคคลไม่เกิน 7 คน,LAND ROVER,DEFENDER 3.0 LITRE T/C MHEV,11
2568,รถยนต์นั่งส่วนบุคคลไม่เกิน 7 คน,LAND ROVER,DEFENDER 4.4 LITRE T/C PETROL,2
2568,รถยนต์นั่งส่วนบุคคลไม่เกิน 7 คน,LAND ROVER,DEFENDER 75TH LIMITED EDITION,2
2568,รถยนต์นั่งส่วนบุคคลไม่เกิน 7 คน,LAND ROVER,DEFENDER 90 75TH  LIMITED,4
2568,รถยนต์นั่งส่วนบุคคลไม่เกิน 7 คน,LAND ROVER,DEFENDER 90 HERITAGE STATION,1
2568,รถยนต์นั่งส่วนบุคคลไม่เกิน 7 คน,LAND ROVER,RANGE ROVER 2.0L T/C PETROL,1
2568,รถยนต์นั่งส่วนบุคคลไม่เกิน 7 คน,LAND ROVER,RANGE ROVER 3.0 LITRE T/C,41
2568,รถยนต์นั่งส่วนบุคคลไม่เกิน 7 คน,LAND ROVER,RANGE ROVER 3.0 LITRE T/C AWD,1
2568,รถยนต์นั่งส่วนบุคคลไม่เกิน 7 คน,LAND ROVER,RANGE ROVER EVOQUE 1.5LITRE,2
2568,รถยนต์นั่งส่วนบุคคลไม่เกิน 7 คน,LAND ROVER,RANGE ROVER P440E PHEV,2
2568,รถยนต์นั่งส่วนบุคคลไม่เกิน 7 คน,LAND ROVER,RANGE ROVER P460E PHEV,1
2568,รถยนต์นั่งส่วนบุคคลไม่เกิน 7 คน,LAND ROVER,RANGE ROVER SPORT 3.0 LITRE,19
2568,รถยนต์นั่งส่วนบุคคลไม่เกิน 7 คน,LAND ROVER,RANGE ROVER SV P615 LWB,1
2568,รถยนต์นั่งส่วนบุคคลไม่เกิน 7 คน,LAND ROVER,RANGE ROVER VELAR 2.0 LITRE,13
2568,รถยนต์นั่งส่วนบุคคลไม่เกิน 7 คน,LAND ROVER,RANGE ROVER VELAR DYNAMIC HSE,1
2568,รถยนต์นั่งส่วนบุคคลไม่เกิน 7 คน,LEAPMOTOR,B10 Design BEV,25
2568,รถยนต์นั่งส่วนบุคคลไม่เกิน 7 คน,LEAPMOTOR,B10 Life BEV,1
2568,รถยนต์นั่งส่วนบุคคลไม่เกิน 7 คน,LEAPMOTOR,C10 EV,96
2568,รถยนต์นั่งส่วนบุคคลไม่เกิน 7 คน,LEAPMOTOR,T03 300,1
2568,รถยนต์นั่งส่วนบุคคลไม่เกิน 7 คน,LEAPMOTOR,T03 400,1
2568,รถยนต์นั่งส่วนบุคคลไม่เกิน 7 คน,LEXUS,ES300H,25
2568,รถยนต์นั่งส่วนบุคคลไม่เกิน 7 คน,LEXUS,GX550,2
2568,รถยนต์นั่งส่วนบุคคลไม่เกิน 7 คน,LEXUS,IS300H,17
2568,รถยนต์นั่งส่วนบุคคลไม่เกิน 7 คน,LEXUS,LBX,31
2568,รถยนต์นั่งส่วนบุคคลไม่เกิน 7 คน,LEXUS,LC500,1
2568,รถยนต์นั่งส่วนบุคคลไม่เกิน 7 คน,LEXUS,LC500 5.0 V8,1
2568,รถยนต์นั่งส่วนบุคคลไม่เกิน 7 คน,LEXUS,LM300h,11
2568,รถยนต์นั่งส่วนบุคคลไม่เกิน 7 คน,LEXUS,LM350H,317
2568,รถยนต์นั่งส่วนบุคคลไม่เกิน 7 คน,LEXUS,LM350H 2.5L,7
2568,รถยนต์นั่งส่วนบุคคลไม่เกิน 7 คน,LEXUS,LM350H 2.5L 4 SEATS,1
2568,รถยนต์นั่งส่วนบุคคลไม่เกิน 7 คน,LEXUS,LM500H,119
2568,รถยนต์นั่งส่วนบุคคลไม่เกิน 7 คน,LEXUS,LM500H AWD,8
2568,รถยนต์นั่งส่วนบุคคลไม่เกิน 7 คน,LEXUS,LS500,1
2568,รถยนต์นั่งส่วนบุคคลไม่เกิน 7 คน,LEXUS,LS500H,2
2568,รถยนต์นั่งส่วนบุคคลไม่เกิน 7 คน,LEXUS,LX 600,1
2568,รถยนต์นั่งส่วนบุคคลไม่เกิน 7 คน,LEXUS,LX600 F SPORT,1
2568,รถยนต์นั่งส่วนบุคคลไม่เกิน 7 คน,LEXUS,NX300,1
2568,รถยนต์นั่งส่วนบุคคลไม่เกิน 7 คน,LEXUS,NX350H,94
2568,รถยนต์นั่งส่วนบุคคลไม่เกิน 7 คน,LEXUS,NX450H+,76
2568,รถยนต์นั่งส่วนบุคคลไม่เกิน 7 คน,LEXUS,RX350H,43
2568,รถยนต์นั่งส่วนบุคคลไม่เกิน 7 คน,LEXUS,RX450H+,73
2568,รถยนต์นั่งส่วนบุคคลไม่เกิน 7 คน,LEXUS,RX500H,20
2568,รถยนต์นั่งส่วนบุคคลไม่เกิน 7 คน,LEXUS,RZ450E,19
2568,รถยนต์นั่งส่วนบุคคลไม่เกิน 7 คน,LEXUS,UX250H,1
2568,รถยนต์นั่งส่วนบุคคลไม่เกิน 7 คน,LEXUS,UX300H,17
2568,รถยนต์นั่งส่วนบุคคลไม่เกิน 7 คน,LOTUS,ELETRE R,32
2568,รถยนต์นั่งส่วนบุคคลไม่เกิน 7 คน,LOTUS,ELETRE S,53
2568,รถยนต์นั่งส่วนบุคคลไม่เกิน 7 คน,LOTUS,EMEYA R,6
2568,รถยนต์นั่งส่วนบุคคลไม่เกิน 7 คน,LOTUS,EMEYA S,16
2568,รถยนต์นั่งส่วนบุคคลไม่เกิน 7 คน,LOTUS,EMIRA I4 FIRST EDITION,1
2568,รถยนต์นั่งส่วนบุคคลไม่เกิน 7 คน,LOTUS,EMIRA V6 FIRST EDITION,1
2568,รถยนต์นั่งส่วนบุคคลไม่เกิน 7 คน,MASERATI,GHIBLI DIESEL GRANLUSSO,2
2568,รถยนต์นั่งส่วนบุคคลไม่เกิน 7 คน,MASERATI,GHIBLI GRANLUSSO,2
2568,รถยนต์นั่งส่วนบุคคลไม่เกิน 7 คน,MASERATI,GHIBLI GT HYBRID,4
2568,รถยนต์นั่งส่วนบุคคลไม่เกิน 7 คน,MASERATI,GHIBLI MILD HYBRID GRANLUSSO,1
2568,รถยนต์นั่งส่วนบุคคลไม่เกิน 7 คน,MASERATI,GHIBLI MILD HYBRID GRANSPORT,1
2568,รถยนต์นั่งส่วนบุคคลไม่เกิน 7 คน,MASERATI,GRANTURISMO FOLGORE,1
2568,รถยนต์นั่งส่วนบุคคลไม่เกิน 7 คน,MASERATI,GRANTURISMO MODENA,2
2568,รถยนต์นั่งส่วนบุคคลไม่เกิน 7 คน,MASERATI,GRANTURISMO SPORT,1
2568,รถยนต์นั่งส่วนบุคคลไม่เกิน 7 คน,MASERATI,GRECALE FOLGORE,4
2568,รถยนต์นั่งส่วนบุคคลไม่เกิน 7 คน,MASERATI,GRECALE GT HYBRID,25
2568,รถยนต์นั่งส่วนบุคคลไม่เกิน 7 คน,MASERATI,GRECALE MODENA HYBRID,1
2568,รถยนต์นั่งส่วนบุคคลไม่เกิน 7 คน,MASERATI,GRECALE TROFEO,1
2568,รถยนต์นั่งส่วนบุคคลไม่เกิน 7 คน,MASERATI,LEVANTE DIESEL GRANLUSSO,1
2568,รถยนต์นั่งส่วนบุคคลไม่เกิน 7 คน,MASERATI,LEVANTE DIESEL GRANSPORT,3
2568,รถยนต์นั่งส่วนบุคคลไม่เกิน 7 คน,MASERATI,LEVANTE GRANSPORT,1
2568,รถยนต์นั่งส่วนบุคคลไม่เกิน 7 คน,MASERATI,LEVANTE GT HYBRID,3
2568,รถยนต์นั่งส่วนบุคคลไม่เกิน 7 คน,MAXUS,MIFA9,2
2568,รถยนต์นั่งส่วนบุคคลไม่เกิน 7 คน,MAZDA,CX-3,185
2568,รถยนต์นั่งส่วนบุคคลไม่เกิน 7 คน,MAZDA,MAZDA 2,3932
2568,รถยนต์นั่งส่วนบุคคลไม่เกิน 7 คน,MAZDA,MAZDA 3,335
2568,รถยนต์นั่งส่วนบุคคลไม่เกิน 7 คน,MAZDA,MAZDA 6,9
2568,รถยนต์นั่งส่วนบุคคลไม่เกิน 7 คน,MAZDA,MAZDA BT-50,80
2568,รถยนต์นั่งส่วนบุคคลไม่เกิน 7 คน,MAZDA,MAZDA CX-3,1083
2568,รถยนต์นั่งส่วนบุคคลไม่เกิน 7 คน,MAZDA,MAZDA CX-30,1156
2568,รถยนต์นั่งส่วนบุคคลไม่เกิน 7 คน,MAZDA,MAZDA CX-5,708
2568,รถยนต์นั่งส่วนบุคคลไม่เกิน 7 คน,MAZDA,MAZDA CX-8,193
2568,รถยนต์นั่งส่วนบุคคลไม่เกิน 7 คน,MAZDA,MAZDA MX-5,4
2568,รถยนต์นั่งส่วนบุคคลไม่เกิน 7 คน,MAZDA,MX-5,8
2568,รถยนต์นั่งส่วนบุคคลไม่เกิน 7 คน,MAZDA,MX-5 ROADSTER BROWN TOP,1
2568,รถยนต์นั่งส่วนบุคคลไม่เกิน 7 คน,MAZDA,MX-5 ROADSTER S,1
2568,รถยนต์นั่งส่วนบุคคลไม่เกิน 7 คน,MAZDA,ROADSTER,1
2568,รถยนต์นั่งส่วนบุคคลไม่เกิน 7 คน,MAZDA,ROADSTER 990S,8
2568,รถยนต์นั่งส่วนบุคคลไม่เกิน 7 คน,MAZDA,ROADSTER 990S 1.5L,2
2568,รถยนต์นั่งส่วนบุคคลไม่เกิน 7 คน,MAZDA,ROADSTER RF 35TH ANNIVERSARY,5
2568,รถยนต์นั่งส่วนบุคคลไม่เกิน 7 คน,MAZDA,ROADSTER S LEATHER PACKAGE,6
2568,รถยนต์นั่งส่วนบุคคลไม่เกิน 7 คน,MAZDA,RX-7 SPIRIT R TYPE A,1
2568,รถยนต์นั่งส่วนบุคคลไม่เกิน 7 คน,MCLAREN,750S COUPE,1
2568,รถยนต์นั่งส่วนบุคคลไม่เกิน 7 คน,MCLAREN,ARTURA COUPE,1
2568,รถยนต์นั่งส่วนบุคคลไม่เกิน 7 คน,MCLAREN,ARTURA SPIDER,1
2568,รถยนต์นั่งส่วนบุคคลไม่เกิน 7 คน,MCLAREN,ARTURA-COUPE,1
2568,รถยนต์นั่งส่วนบุคคลไม่เกิน 7 คน,MERCEDES BENZ,A 200,384
2568,รถยนต์นั่งส่วนบุคคลไม่เกิน 7 คน,MERCEDES BENZ,AMG C 43 4MATIC,3
2568,รถยนต์นั่งส่วนบุคคลไม่เกิน 7 คน,MERCEDES BENZ,AMG C43 4MATIC Coupe,21
2568,รถยนต์นั่งส่วนบุคคลไม่เกิน 7 คน,MERCEDES BENZ,AMG CLA 35 4MATIC Coupe,1
2568,รถยนต์นั่งส่วนบุคคลไม่เกิน 7 คน,MERCEDES BENZ,AMG CLE 53 4MATIC coupe,139
2568,รถยนต์นั่งส่วนบุคคลไม่เกิน 7 คน,MERCEDES BENZ,AMG CLS 53 4MATIC,243
2568,รถยนต์นั่งส่วนบุคคลไม่เกิน 7 คน,MERCEDES BENZ,AMG E 53 4MATIC+,2
2568,รถยนต์นั่งส่วนบุคคลไม่เกิน 7 คน,MERCEDES BENZ,AMG EQE 53 4MATIC+,12
2568,รถยนต์นั่งส่วนบุคคลไม่เกิน 7 คน,MERCEDES BENZ,AMG G 63,24
2568,รถยนต์นั่งส่วนบุคคลไม่เกิน 7 คน,MERCEDES BENZ,AMG G400D,1
2568,รถยนต์นั่งส่วนบุคคลไม่เกิน 7 คน,MERCEDES BENZ,AMG GLA 35 4MATIC,28
2568,รถยนต์นั่งส่วนบุคคลไม่เกิน 7 คน,MERCEDES BENZ,AMG GLC 43 4MATIC Coupe,59
2568,รถยนต์นั่งส่วนบุคคลไม่เกิน 7 คน,MERCEDES BENZ,AMG GLE 53 4MATIC+,15
2568,รถยนต์นั่งส่วนบุคคลไม่เกิน 7 คน,MERCEDES BENZ,AMG GLE 53 HYBRID 4MATIC+,85
2568,รถยนต์นั่งส่วนบุคคลไม่เกิน 7 คน,MERCEDES BENZ,AMG GT 53 4MATIC+,2
2568,รถยนต์นั่งส่วนบุคคลไม่เกิน 7 คน,MERCEDES BENZ,AMG GT C,1
2568,รถยนต์นั่งส่วนบุคคลไม่เกิน 7 คน,MERCEDES BENZ,AMG SL 43,5
2568,รถยนต์นั่งส่วนบุคคลไม่เกิน 7 คน,MERCEDES BENZ,C 180 COUPE,1
2568,รถยนต์นั่งส่วนบุคคลไม่เกิน 7 คน,MERCEDES BENZ,C 200 Coupe,91
2568,รถยนต์นั่งส่วนบุคคลไม่เกิน 7 คน,MERCEDES BENZ,C 200 SEDAN,1
2568,รถยนต์นั่งส่วนบุคคลไม่เกิน 7 คน,MERCEDES BENZ,C 220 d,917
2568,รถยนต์นั่งส่วนบุคคลไม่เกิน 7 คน,MERCEDES BENZ,C 300 BLUETEC HYBRID,1
2568,รถยนต์นั่งส่วนบุคคลไม่เกิน 7 คน,MERCEDES BENZ,C 300 e,17
2568,รถยนต์นั่งส่วนบุคคลไม่เกิน 7 คน,MERCEDES BENZ,C 350 e,599
2568,รถยนต์นั่งส่วนบุคคลไม่เกิน 7 คน,MERCEDES BENZ,C250,1
2568,รถยนต์นั่งส่วนบุคคลไม่เกิน 7 คน,MERCEDES BENZ,C250 COUPE,2
2568,รถยนต์นั่งส่วนบุคคลไม่เกิน 7 คน,MERCEDES BENZ,CLA200,1
2568,รถยนต์นั่งส่วนบุคคลไม่เกิน 7 คน,MERCEDES BENZ,CLA250,3
2568,รถยนต์นั่งส่วนบุคคลไม่เกิน 7 คน,MERCEDES BENZ,CLE 300 4MATIC coupe,269
2568,รถยนต์นั่งส่วนบุคคลไม่เกิน 7 คน,MERCEDES BENZ,CLS 220 d,620
2568,รถยนต์นั่งส่วนบุคคลไม่เกิน 7 คน,MERCEDES BENZ,CLS 250 CDI BE COUPE,1
2568,รถยนต์นั่งส่วนบุคคลไม่เกิน 7 คน,MERCEDES BENZ,CLS 300 d,16
2568,รถยนต์นั่งส่วนบุคคลไม่เกิน 7 คน,MERCEDES BENZ,CLS 300 d Coupe,4
2568,รถยนต์นั่งส่วนบุคคลไม่เกิน 7 คน,MERCEDES BENZ,E 200 Cabriolet,1
2568,รถยนต์นั่งส่วนบุคคลไม่เกิน 7 คน,MERCEDES BENZ,E 200 Coupe,25
2568,รถยนต์นั่งส่วนบุคคลไม่เกิน 7 คน,MERCEDES BENZ,E 220 d,451
2568,รถยนต์นั่งส่วนบุคคลไม่เกิน 7 คน,MERCEDES BENZ,E 300 Coupe,1
2568,รถยนต์นั่งส่วนบุคคลไม่เกิน 7 คน,MERCEDES BENZ,E 300 e,261
2568,รถยนต์นั่งส่วนบุคคลไม่เกิน 7 คน,MERCEDES BENZ,E 350 e,686
2568,รถยนต์นั่งส่วนบุคคลไม่เกิน 7 คน,MERCEDES BENZ,E250 COUPE,1
2568,รถยนต์นั่งส่วนบุคคลไม่เกิน 7 คน,MERCEDES BENZ,E300 AMG LINE CONVERTIBLE,1
2568,รถยนต์นั่งส่วนบุคคลไม่เกิน 7 คน,MERCEDES BENZ,EQB 250,1
2568,รถยนต์นั่งส่วนบุคคลไม่เกิน 7 คน,MERCEDES BENZ,EQB 250+,1
2568,รถยนต์นั่งส่วนบุคคลไม่เกิน 7 คน,MERCEDES BENZ,EQE 300,135
2568,รถยนต์นั่งส่วนบุคคลไม่เกิน 7 คน,MERCEDES BENZ,EQE 350 4MATIC SUV,197
2568,รถยนต์นั่งส่วนบุคคลไม่เกิน 7 คน,MERCEDES BENZ,EQS 450 4MATIC SUV,57
2568,รถยนต์นั่งส่วนบุคคลไม่เกิน 7 คน,MERCEDES BENZ,EQS 450 PLUS,1
2568,รถยนต์นั่งส่วนบุคคลไม่เกิน 7 คน,MERCEDES BENZ,EQS 450+,28
2568,รถยนต์นั่งส่วนบุคคลไม่เกิน 7 คน,MERCEDES BENZ,EQS 500 4MATIC,72
2568,รถยนต์นั่งส่วนบุคคลไม่เกิน 7 คน,MERCEDES BENZ,EQS 500 4MATIC SUV,5
2568,รถยนต์นั่งส่วนบุคคลไม่เกิน 7 คน,MERCEDES BENZ,G 350 d,1
2568,รถยนต์นั่งส่วนบุคคลไม่เกิน 7 คน,MERCEDES BENZ,G 450 d,21
2568,รถยนต์นั่งส่วนบุคคลไม่เกิน 7 คน,MERCEDES BENZ,G 450 D,22
2568,รถยนต์นั่งส่วนบุคคลไม่เกิน 7 คน,MERCEDES BENZ,G 450 D AMG-Line,5
2568,รถยนต์นั่งส่วนบุคคลไม่เกิน 7 คน,MERCEDES BENZ,G 580,10
2568,รถยนต์นั่งส่วนบุคคลไม่เกิน 7 คน,MERCEDES BENZ,G400 D,28
2568,รถยนต์นั่งส่วนบุคคลไม่เกิน 7 คน,MERCEDES BENZ,G400 D AMG LINE,2
2568,รถยนต์นั่งส่วนบุคคลไม่เกิน 7 คน,MERCEDES BENZ,G400 D PROFESSIONAL,3
2568,รถยนต์นั่งส่วนบุคคลไม่เกิน 7 คน,MERCEDES BENZ,G400 D PROFESSIONAL EDITION,1
2568,รถยนต์นั่งส่วนบุคคลไม่เกิน 7 คน,MERCEDES BENZ,G450 D AMG PREMIUM LINE PLUS,1
2568,รถยนต์นั่งส่วนบุคคลไม่เกิน 7 คน,MERCEDES BENZ,G63 AMG,2
2568,รถยนต์นั่งส่วนบุคคลไม่เกิน 7 คน,MERCEDES BENZ,GLA 200,636
2568,รถยนต์นั่งส่วนบุคคลไม่เกิน 7 คน,MERCEDES BENZ,GLA 250,2
2568,รถยนต์นั่งส่วนบุคคลไม่เกิน 7 คน,MERCEDES BENZ,GLB 200,3
2568,รถยนต์นั่งส่วนบุคคลไม่เกิน 7 คน,MERCEDES BENZ,GLC 220 d,56
2568,รถยนต์นั่งส่วนบุคคลไม่เกิน 7 คน,MERCEDES BENZ,GLC 220 d 4MATIC,353
2568,รถยนต์นั่งส่วนบุคคลไม่เกิน 7 คน,MERCEDES BENZ,GLC 220 d 4MATIC Coupe,50
2568,รถยนต์นั่งส่วนบุคคลไม่เกิน 7 คน,MERCEDES BENZ,GLC 250 4MATIC Coupe,2
2568,รถยนต์นั่งส่วนบุคคลไม่เกิน 7 คน,MERCEDES BENZ,GLC 250 d 4MATIC,1
2568,รถยนต์นั่งส่วนบุคคลไม่เกิน 7 คน,MERCEDES BENZ,GLC 300 e 4MATIC,41
2568,รถยนต์นั่งส่วนบุคคลไม่เกิน 7 คน,MERCEDES BENZ,GLC 300 e 4MATIC Coupe,33
2568,รถยนต์นั่งส่วนบุคคลไม่เกิน 7 คน,MERCEDES BENZ,GLC 350 e 4MATIC,389
2568,รถยนต์นั่งส่วนบุคคลไม่เกิน 7 คน,MERCEDES BENZ,GLC 350 e 4MATIC coupe,304
2568,รถยนต์นั่งส่วนบุคคลไม่เกิน 7 คน,MERCEDES BENZ,GLE 300 d 4MATIC,196
2568,รถยนต์นั่งส่วนบุคคลไม่เกิน 7 คน,MERCEDES BENZ,GLE 350 de 4MATIC,31
2568,รถยนต์นั่งส่วนบุคคลไม่เกิน 7 คน,MERCEDES BENZ,GLE 500 e 4MATIC,1
2568,รถยนต์นั่งส่วนบุคคลไม่เกิน 7 คน,MERCEDES BENZ,GLS 350 d 4MATIC,13
2568,รถยนต์นั่งส่วนบุคคลไม่เกิน 7 คน,MERCEDES BENZ,GLS 450 d 4MATIC,63
2568,รถยนต์นั่งส่วนบุคคลไม่เกิน 7 คน,MERCEDES BENZ,Maybach GLS 600 4MATIC,3
2568,รถยนต์นั่งส่วนบุคคลไม่เกิน 7 คน,MERCEDES BENZ,Maybach S 580 4MATIC,1
2568,รถยนต์นั่งส่วนบุคคลไม่เกิน 7 คน,MERCEDES BENZ,Maybach S 580 e,71
2568,รถยนต์นั่งส่วนบุคคลไม่เกิน 7 คน,MERCEDES BENZ,MAYBACH EQS 680 SUV,1
2568,รถยนต์นั่งส่วนบุคคลไม่เกิน 7 คน,MERCEDES BENZ,MAYBACH GLS600,1
2568,รถยนต์นั่งส่วนบุคคลไม่เกิน 7 คน,MERCEDES BENZ,MERCEDES-AMG CLE 53,47
2568,รถยนต์นั่งส่วนบุคคลไม่เกิน 7 คน,MERCEDES BENZ,MERCEDES-AMG GLE 53,4
2568,รถยนต์นั่งส่วนบุคคลไม่เกิน 7 คน,MERCEDES BENZ,S 350 d,48
2568,รถยนต์นั่งส่วนบุคคลไม่เกิน 7 คน,MERCEDES BENZ,S 350D LWB SALOON,1
2568,รถยนต์นั่งส่วนบุคคลไม่เกิน 7 คน,MERCEDES BENZ,S 560 e,9
2568,รถยนต์นั่งส่วนบุคคลไม่เกิน 7 คน,MERCEDES BENZ,S 580 e,76
2568,รถยนต์นั่งส่วนบุคคลไม่เกิน 7 คน,MERCEDES BENZ,S63 AMG,1
2568,รถยนต์นั่งส่วนบุคคลไม่เกิน 7 คน,MERCEDES BENZ,SPRINTER 316 CDI,1
2568,รถยนต์นั่งส่วนบุคคลไม่เกิน 7 คน,MERCEDES BENZ,SPRINTER 319 CDI,1
2568,รถยนต์นั่งส่วนบุคคลไม่เกิน 7 คน,MERCEDES BENZ,V 250 d,14
2568,รถยนต์นั่งส่วนบุคคลไม่เกิน 7 คน,MERCEDES BENZ,V 300 d,56
2568,รถยนต์นั่งส่วนบุคคลไม่เกิน 7 คน,MERCEDES BENZ,,5
2568,รถยนต์นั่งส่วนบุคคลไม่เกิน 7 คน,MG,CYBERSTER,166
2568,รถยนต์นั่งส่วนบุคคลไม่เกิน 7 คน,MG,EP,654
2568,รถยนต์นั่งส่วนบุคคลไม่เกิน 7 คน,MG,ES,47
2568,รถยนต์นั่งส่วนบุคคลไม่เกิน 7 คน,MG,HS,83
2568,รถยนต์นั่งส่วนบุคคลไม่เกิน 7 คน,MG,HS PHEV,591
2568,รถยนต์นั่งส่วนบุคคลไม่เกิน 7 คน,MG,IM6,1258
2568,รถยนต์นั่งส่วนบุคคลไม่เกิน 7 คน,MG,MAXUS 7,274
2568,รถยนต์นั่งส่วนบุคคลไม่เกิน 7 คน,MG,MAXUS 9,252
2568,รถยนต์นั่งส่วนบุคคลไม่เกิน 7 คน,MG,MG EXTENDER,472
2568,รถยนต์นั่งส่วนบุคคลไม่เกิน 7 คน,MG,MG3,1563
2568,รถยนต์นั่งส่วนบุคคลไม่เกิน 7 คน,MG,MG4 ELECTRIC,10759
2568,รถยนต์นั่งส่วนบุคคลไม่เกิน 7 คน,MG,MG5,1834
2568,รถยนต์นั่งส่วนบุคคลไม่เกิน 7 คน,MG,MG6,1
2568,รถยนต์นั่งส่วนบุคคลไม่เกิน 7 คน,MG,NEW MG3,4
2568,รถยนต์นั่งส่วนบุคคลไม่เกิน 7 คน,MG,S5 EV,3001
2568,รถยนต์นั่งส่วนบุคคลไม่เกิน 7 คน,MG,VS HEV,606
2568,รถยนต์นั่งส่วนบุคคลไม่เกิน 7 คน,MG,ZS,657
2568,รถยนต์นั่งส่วนบุคคลไม่เกิน 7 คน,MG,ZS EV,442
2568,รถยนต์นั่งส่วนบุคคลไม่เกิน 7 คน,MG,ZS1,1
2568,รถยนต์นั่งส่วนบุคคลไม่เกิน 7 คน,MINI,Aceman SE RHD,511
2568,รถยนต์นั่งส่วนบุคคลไม่เกิน 7 คน,MINI,Cooper Clubman RHD,8
2568,รถยนต์นั่งส่วนบุคคลไม่เกิน 7 คน,MINI,Cooper D Clubman RHD,1
2568,รถยนต์นั่งส่วนบุคคลไม่เกิน 7 คน,MINI,Cooper Hatch RHD,16
2568,รถยนต์นั่งส่วนบุคคลไม่เกิน 7 คน,MINI,Cooper S Cabrio RHD,43
2568,รถยนต์นั่งส่วนบุคคลไม่เกิน 7 คน,MINI,Cooper S Clubman RHD,30
2568,รถยนต์นั่งส่วนบุคคลไม่เกิน 7 คน,MINI,Cooper S Convertible RHD,5
2568,รถยนต์นั่งส่วนบุคคลไม่เกิน 7 คน,MINI,Cooper S Countryman,2
2568,รถยนต์นั่งส่วนบุคคลไม่เกิน 7 คน,MINI,Cooper S Countryman RHD,210
2568,รถยนต์นั่งส่วนบุคคลไม่เกิน 7 คน,MINI,Cooper S Hatch RHD,38
2568,รถยนต์นั่งส่วนบุคคลไม่เกิน 7 คน,MINI,Cooper SE Hatch RHD,12
2568,รถยนต์นั่งส่วนบุคคลไม่เกิน 7 คน,MINI,Cooper SE RHD,436
2568,รถยนต์นั่งส่วนบุคคลไม่เกิน 7 คน,MINI,Countryman S ALL4,151
2568,รถยนต์นั่งส่วนบุคคลไม่เกิน 7 คน,MINI,Countryman SE ALL4 RHD,11
2568,รถยนต์นั่งส่วนบุคคลไม่เกิน 7 คน,MINI,JCW Aceman E,55
2568,รถยนต์นั่งส่วนบุคคลไม่เกิน 7 คน,MINI,JCW Convertible RHD,1
2568,รถยนต์นั่งส่วนบุคคลไม่เกิน 7 คน,MINI,JCW Countryman ALL4,1
2568,รถยนต์นั่งส่วนบุคคลไม่เกิน 7 คน,MINI,JCW Countryman ALL4 RHD,2
2568,รถยนต์นั่งส่วนบุคคลไม่เกิน 7 คน,MINI,JCW E,79
2568,รถยนต์นั่งส่วนบุคคลไม่เกิน 7 คน,MINI,JCW RHD,4
2568,รถยนต์นั่งส่วนบุคคลไม่เกิน 7 คน,MINI,John Cooper Works ALL4 Cl,4
2568,รถยนต์นั่งส่วนบุคคลไม่เกิน 7 คน,MINI,John Cooper Works ALL4 Co,2
2568,รถยนต์นั่งส่วนบุคคลไม่เกิน 7 คน,MINI,John Cooper Works cabrio,15
2568,รถยนต์นั่งส่วนบุคคลไม่เกิน 7 คน,MINI,John Cooper Works GP RHD,1
2568,รถยนต์นั่งส่วนบุคคลไม่เกิน 7 คน,MINI,John Cooper Works Hatch R,27
2568,รถยนต์นั่งส่วนบุคคลไม่เกิน 7 คน,MITSUBISHI,A03AXTMHRU,1
2568,รถยนต์นั่งส่วนบุคคลไม่เกิน 7 คน,MITSUBISHI,ATTRAGE,2571
2568,รถยนต์นั่งส่วนบุคคลไม่เกิน 7 คน,MITSUBISHI,KB4TGJNXZPRU,1
2568,รถยนต์นั่งส่วนบุคคลไม่เกิน 7 คน,MITSUBISHI,KH4WGYPZRU,1
2568,รถยนต์นั่งส่วนบุคคลไม่เกิน 7 คน,MITSUBISHI,LANCER EVOLUTION VI GSR TOMMI,1
2568,รถยนต์นั่งส่วนบุคคลไม่เกิน 7 คน,MITSUBISHI,LANCER EVOLUTION X FINAL,1
2568,รถยนต์นั่งส่วนบุคคลไม่เกิน 7 คน,MITSUBISHI,MIRAGE,2843
2568,รถยนต์นั่งส่วนบุคคลไม่เกิน 7 คน,MITSUBISHI,OUTLANDER PHEV,11
2568,รถยนต์นั่งส่วนบุคคลไม่เกิน 7 คน,MITSUBISHI,PAJERO SPORT,1846
2568,รถยนต์นั่งส่วนบุคคลไม่เกิน 7 คน,MITSUBISHI,TRITON,4279
2568,รถยนต์นั่งส่วนบุคคลไม่เกิน 7 คน,MITSUBISHI,XFORCE HEV,4103
2568,รถยนต์นั่งส่วนบุคคลไม่เกิน 7 คน,MITSUBISHI,XPANDER,1058
2568,รถยนต์นั่งส่วนบุคคลไม่เกิน 7 คน,MITSUBISHI,XPANDER CROSS HEV,4229
2568,รถยนต์นั่งส่วนบุคคลไม่เกิน 7 คน,MITSUBISHI,XPANDER HEV,1474
2568,รถยนต์นั่งส่วนบุคคลไม่เกิน 7 คน,NAZA,FORZA,2
2568,รถยนต์นั่งส่วนบุคคลไม่เกิน 7 คน,NETA,NETA V,37
2568,รถยนต์นั่งส่วนบุคคลไม่เกิน 7 คน,NETA,NETA V-II,2384
2568,รถยนต์นั่งส่วนบุคคลไม่เกิน 7 คน,NETA,NETA X,835
2568,รถยนต์นั่งส่วนบุคคลไม่เกิน 7 คน,NEX,NPD,1
2568,รถยนต์นั่งส่วนบุคคลไม่เกิน 7 คน,NISSAN,ALMERA,2905
2568,รถยนต์นั่งส่วนบุคคลไม่เกิน 7 คน,NISSAN,BDWARBGN17XHB-----,1
2568,รถยนต์นั่งส่วนบุคคลไม่เกิน 7 คน,NISSAN,BDWARBZN17XHAF---B,1
2568,รถยนต์นั่งส่วนบุคคลไม่เกิน 7 คน,NISSAN,ELGRAND 250 HIGHWAY STAR,2
2568,รถยนต์นั่งส่วนบุคคลไม่เกิน 7 คน,NISSAN,FAIRLADY Z,4
2568,รถยนต์นั่งส่วนบุคคลไม่เกิน 7 คน,NISSAN,FAIRLADY Z  VERSION ST,1
2568,รถยนต์นั่งส่วนบุคคลไม่เกิน 7 คน,NISSAN,FAIRLADY Z NISMO,1
2568,รถยนต์นั่งส่วนบุคคลไม่เกิน 7 คน,NISSAN,FAIRLADY Z PROTO,1
2568,รถยนต์นั่งส่วนบุคคลไม่เกิน 7 คน,NISSAN,FDWURVZK13EH5-----,1
2568,รถยนต์นั่งส่วนบุคคลไม่เกิน 7 คน,NISSAN,GT-R,4
2568,รถยนต์นั่งส่วนบุคคลไม่เกิน 7 คน,NISSAN,GT-R NISMO,2
2568,รถยนต์นั่งส่วนบุคคลไม่เกิน 7 คน,NISSAN,GT-R NISMO SPECIAL EDITION,2
2568,รถยนต์นั่งส่วนบุคคลไม่เกิน 7 คน,NISSAN,GT-R PREMIUM EDITION,3
2568,รถยนต์นั่งส่วนบุคคลไม่เกิน 7 คน,NISSAN,GT-R PREMIUM EDITION T-SPEC,6
2568,รถยนต์นั่งส่วนบุคคลไม่เกิน 7 คน,NISSAN,GT-R PURE EDITION,16
2568,รถยนต์นั่งส่วนบุคคลไม่เกิน 7 คน,NISSAN,GT-R TRACK EDITION T-SPEC,1
2568,รถยนต์นั่งส่วนบุคคลไม่เกิน 7 คน,NISSAN,GT-R TRACKEDITION NISMO T-SPEC,1
2568,รถยนต์นั่งส่วนบุคคลไม่เกิน 7 คน,NISSAN,GTR BLACK EDITION,4
2568,รถยนต์นั่งส่วนบุคคลไม่เกิน 7 คน,NISSAN,GTR PURE EDITION,3
2568,รถยนต์นั่งส่วนบุคคลไม่เกิน 7 คน,NISSAN,KICKS,1877
2568,รถยนต์นั่งส่วนบุคคลไม่เกิน 7 คน,NISSAN,LEAF,3
2568,รถยนต์นั่งส่วนบุคคลไม่เกิน 7 คน,NISSAN,MARCH,2
2568,รถยนต์นั่งส่วนบุคคลไม่เกิน 7 คน,NISSAN,NAVARA,1077
2568,รถยนต์นั่งส่วนบุคคลไม่เกิน 7 คน,NISSAN,NOTE,2
2568,รถยนต์นั่งส่วนบุคคลไม่เกิน 7 คน,NISSAN,SAKURA G,1
2568,รถยนต์นั่งส่วนบุคคลไม่เกิน 7 คน,NISSAN,SERENA,552
2568,รถยนต์นั่งส่วนบุคคลไม่เกิน 7 คน,NISSAN,SERENA e-POWER,1304
2568,รถยนต์นั่งส่วนบุคคลไม่เกิน 7 คน,NISSAN,SERENA HYBRID 2.0 HIGHWAY STAR,1
2568,รถยนต์นั่งส่วนบุคคลไม่เกิน 7 คน,NISSAN,SKYLINE GT-R NISMO,1
2568,รถยนต์นั่งส่วนบุคคลไม่เกิน 7 คน,NISSAN,SYLPHY 1.6 E CVT,7
2568,รถยนต์นั่งส่วนบุคคลไม่เกิน 7 คน,NISSAN,TDWARFZE12EHA-----,1
2568,รถยนต์นั่งส่วนบุคคลไม่เกิน 7 คน,NISSAN,TEANA,2
2568,รถยนต์นั่งส่วนบุคคลไม่เกิน 7 คน,NISSAN,TERRA,491
2568,รถยนต์นั่งส่วนบุคคลไม่เกิน 7 คน,NISSAN,VVLGRVYD40UHGLD-HT,1
2568,รถยนต์นั่งส่วนบุคคลไม่เกิน 7 คน,NISSAN,X-TRAIL,6
2568,รถยนต์นั่งส่วนบุคคลไม่เกิน 7 คน,NISSAN,X-TRIAL e-POWER,3
2568,รถยนต์นั่งส่วนบุคคลไม่เกิน 7 คน,OMODA,C5 EV Long Range Dynamic,33
2568,รถยนต์นั่งส่วนบุคคลไม่เกิน 7 คน,OMODA,C5 EV Long Range Max,1495
2568,รถยนต์นั่งส่วนบุคคลไม่เกิน 7 คน,OMODA,C5 EV Long Range Plus,115
2568,รถยนต์นั่งส่วนบุคคลไม่เกิน 7 คน,OMODA,C5 EV Long Range Ultimate,976
2568,รถยนต์นั่งส่วนบุคคลไม่เกิน 7 คน,ORA,GOOD CAT,5946
2568,รถยนต์นั่งส่วนบุคคลไม่เกิน 7 คน,ORA,GRAND CAT,2
2568,รถยนต์นั่งส่วนบุคคลไม่เกิน 7 คน,ORA,ORA 07,827
2568,รถยนต์นั่งส่วนบุคคลไม่เกิน 7 คน,PEUGEOT,2008 P24 BG,40
2568,รถยนต์นั่งส่วนบุคคลไม่เกิน 7 คน,PEUGEOT,3008 P84 BG,28
2568,รถยนต์นั่งส่วนบุคคลไม่เกิน 7 คน,PEUGEOT,408 P54 BG,19
2568,รถยนต์นั่งส่วนบุคคลไม่เกิน 7 คน,PEUGEOT,408 P54 CG,8
2568,รถยนต์นั่งส่วนบุคคลไม่เกิน 7 คน,PEUGEOT,408 P54 DG,12
2568,รถยนต์นั่งส่วนบุคคลไม่เกิน 7 คน,PEUGEOT,5008 P87 AG,1
2568,รถยนต์นั่งส่วนบุคคลไม่เกิน 7 คน,PEUGEOT,5008 P87 BG,9
2568,รถยนต์นั่งส่วนบุคคลไม่เกิน 7 คน,POCCO,DD L2,1
2568,รถยนต์นั่งส่วนบุคคลไม่เกิน 7 คน,POCCO,MM YX,1
2568,รถยนต์นั่งส่วนบุคคลไม่เกิน 7 คน,POER,SAHAR HYBRID,21
2568,รถยนต์นั่งส่วนบุคคลไม่เกิน 7 คน,PORSCHE,718 BOXSTER,4
2568,รถยนต์นั่งส่วนบุคคลไม่เกิน 7 คน,PORSCHE,718 BOXSTER GTS 4.0,2
2568,รถยนต์นั่งส่วนบุคคลไม่เกิน 7 คน,PORSCHE,718 BOXSTER STYLE EDITION,19
2568,รถยนต์นั่งส่วนบุคคลไม่เกิน 7 คน,PORSCHE,718 BOXSTER T,2
2568,รถยนต์นั่งส่วนบุคคลไม่เกิน 7 คน,PORSCHE,718 CAYMAN,5
2568,รถยนต์นั่งส่วนบุคคลไม่เกิน 7 คน,PORSCHE,718 CAYMAN GT4,2
2568,รถยนต์นั่งส่วนบุคคลไม่เกิน 7 คน,PORSCHE,718 CAYMAN GT4 RS,2
2568,รถยนต์นั่งส่วนบุคคลไม่เกิน 7 คน,PORSCHE,718 CAYMAN PDK,2
2568,รถยนต์นั่งส่วนบุคคลไม่เกิน 7 คน,PORSCHE,718 CAYMAN STYLE EDITION,40
2568,รถยนต์นั่งส่วนบุคคลไม่เกิน 7 คน,PORSCHE,718 CAYMAN T,6
2568,รถยนต์นั่งส่วนบุคคลไม่เกิน 7 คน,PORSCHE,718 SPYDER,1
2568,รถยนต์นั่งส่วนบุคคลไม่เกิน 7 คน,PORSCHE,718 SPYDER RS,4
2568,รถยนต์นั่งส่วนบุคคลไม่เกิน 7 คน,PORSCHE,718 SPYDER RS 4.0,3
2568,รถยนต์นั่งส่วนบุคคลไม่เกิน 7 คน,PORSCHE,911 CARRERA,44
2568,รถยนต์นั่งส่วนบุคคลไม่เกิน 7 คน,PORSCHE,911 CARRERA 4 GTS,2
2568,รถยนต์นั่งส่วนบุคคลไม่เกิน 7 คน,PORSCHE,911 CARRERA 4 GTS CABRIOLET,1
2568,รถยนต์นั่งส่วนบุคคลไม่เกิน 7 คน,PORSCHE,911 CARRERA 4S,4
2568,รถยนต์นั่งส่วนบุคคลไม่เกิน 7 คน,PORSCHE,911 CARRERA C2,1
2568,รถยนต์นั่งส่วนบุคคลไม่เกิน 7 คน,PORSCHE,911 CARRERA CABRIOLET,6
2568,รถยนต์นั่งส่วนบุคคลไม่เกิน 7 คน,PORSCHE,911 CARRERA COUPE,1
2568,รถยนต์นั่งส่วนบุคคลไม่เกิน 7 คน,PORSCHE,911 CARRERA COUPE PDK,3
2568,รถยนต์นั่งส่วนบุคคลไม่เกิน 7 คน,PORSCHE,911 CARRERA GTS,10
2568,รถยนต์นั่งส่วนบุคคลไม่เกิน 7 คน,PORSCHE,911 CARRERA GTS CABRIOLET,1
2568,รถยนต์นั่งส่วนบุคคลไม่เกิน 7 คน,PORSCHE,911 CARRERA GTS COUPE,1
2568,รถยนต์นั่งส่วนบุคคลไม่เกิน 7 คน,PORSCHE,911 CARRERA S,16
2568,รถยนต์นั่งส่วนบุคคลไม่เกิน 7 คน,PORSCHE,911 CARRERA S CABRIOLET,1
2568,รถยนต์นั่งส่วนบุคคลไม่เกิน 7 คน,PORSCHE,911 CARRERA S COUPE PDK,5
2568,รถยนต์นั่งส่วนบุคคลไม่เกิน 7 คน,PORSCHE,911 CARRERA T,20
2568,รถยนต์นั่งส่วนบุคคลไม่เกิน 7 คน,PORSCHE,911 CARRERA TURBO S,1
2568,รถยนต์นั่งส่วนบุคคลไม่เกิน 7 คน,PORSCHE,911 DAKAR,11
2568,รถยนต์นั่งส่วนบุคคลไม่เกิน 7 คน,PORSCHE,911 GT2 RS,1
2568,รถยนต์นั่งส่วนบุคคลไม่เกิน 7 คน,PORSCHE,911 GT3,12
2568,รถยนต์นั่งส่วนบุคคลไม่เกิน 7 คน,PORSCHE,911 GT3 RS,9
2568,รถยนต์นั่งส่วนบุคคลไม่เกิน 7 คน,PORSCHE,911 GT3 WITH T.P.,3
2568,รถยนต์นั่งส่วนบุคคลไม่เกิน 7 คน,PORSCHE,911 GT3 WITH TOURING PACKAGE,2
2568,รถยนต์นั่งส่วนบุคคลไม่เกิน 7 คน,PORSCHE,911 R,1
2568,รถยนต์นั่งส่วนบุคคลไม่เกิน 7 คน,PORSCHE,911 S/T,9
2568,รถยนต์นั่งส่วนบุคคลไม่เกิน 7 คน,PORSCHE,911 SPORT CLASSIC,3
2568,รถยนต์นั่งส่วนบุคคลไม่เกิน 7 คน,PORSCHE,911 TARGA 4,2
2568,รถยนต์นั่งส่วนบุคคลไม่เกิน 7 คน,PORSCHE,911 TARGA 4 GTS,13
2568,รถยนต์นั่งส่วนบุคคลไม่เกิน 7 คน,PORSCHE,911 TARGA 4 GTS PDK,1
2568,รถยนต์นั่งส่วนบุคคลไม่เกิน 7 คน,PORSCHE,911 TARGA 4S,5
2568,รถยนต์นั่งส่วนบุคคลไม่เกิน 7 คน,PORSCHE,911 TARGA 4S HERITAGE DESIGN,1
2568,รถยนต์นั่งส่วนบุคคลไม่เกิน 7 คน,PORSCHE,911 TARGA 4S HERITAGE EDITION,2
2568,รถยนต์นั่งส่วนบุคคลไม่เกิน 7 คน,PORSCHE,911 TURBO 50 YEARS,4
2568,รถยนต์นั่งส่วนบุคคลไม่เกิน 7 คน,PORSCHE,911 TURBO 50 YEARS ANV,2
2568,รถยนต์นั่งส่วนบุคคลไม่เกิน 7 คน,PORSCHE,911 TURBO S,6
2568,รถยนต์นั่งส่วนบุคคลไม่เกิน 7 คน,PORSCHE,911 TURBO S CABRIOLET,1
2568,รถยนต์นั่งส่วนบุคคลไม่เกิน 7 คน,PORSCHE,CAYENNE,4
2568,รถยนต์นั่งส่วนบุคคลไม่เกิน 7 คน,PORSCHE,CAYENNE COUPE,2
2568,รถยนต์นั่งส่วนบุคคลไม่เกิน 7 คน,PORSCHE,CAYENNE E-HYBRID,72
2568,รถยนต์นั่งส่วนบุคคลไม่เกิน 7 คน,PORSCHE,CAYENNE E-HYBRID COUPE,252
2568,รถยนต์นั่งส่วนบุคคลไม่เกิน 7 คน,PORSCHE,CAYENNE E-HYBRID COUPE P.,20
2568,รถยนต์นั่งส่วนบุคคลไม่เกิน 7 คน,PORSCHE,CAYENNE E-HYBRID P.E.,10
2568,รถยนต์นั่งส่วนบุคคลไม่เกิน 7 คน,PORSCHE,CAYENNE E-HYBRID PLATINUM,4
2568,รถยนต์นั่งส่วนบุคคลไม่เกิน 7 คน,PORSCHE,CAYENNE S E-HYBRID COUPE,608
2568,รถยนต์นั่งส่วนบุคคลไม่เกิน 7 คน,PORSCHE,MACAN,72
2568,รถยนต์นั่งส่วนบุคคลไม่เกิน 7 คน,PORSCHE,MACAN 2.0,3
2568,รถยนต์นั่งส่วนบุคคลไม่เกิน 7 คน,PORSCHE,MACAN 2.0 PDK,3
2568,รถยนต์นั่งส่วนบุคคลไม่เกิน 7 คน,PORSCHE,MACAN 4,92
2568,รถยนต์นั่งส่วนบุคคลไม่เกิน 7 คน,PORSCHE,MACAN 4 ELECTRIC,1
2568,รถยนต์นั่งส่วนบุคคลไม่เกิน 7 คน,PORSCHE,MACAN 4S,2
2568,รถยนต์นั่งส่วนบุคคลไม่เกิน 7 คน,PORSCHE,MACAN GTS,5
2568,รถยนต์นั่งส่วนบุคคลไม่เกิน 7 คน,PORSCHE,MACAN S,8
2568,รถยนต์นั่งส่วนบุคคลไม่เกิน 7 คน,PORSCHE,MACAN T,1
2568,รถยนต์นั่งส่วนบุคคลไม่เกิน 7 คน,PORSCHE,MACAN TURBO,7
2568,รถยนต์นั่งส่วนบุคคลไม่เกิน 7 คน,PORSCHE,PANAMERA 4 E-HYBRID,104
2568,รถยนต์นั่งส่วนบุคคลไม่เกิน 7 คน,PORSCHE,PANAMERA 4 E-HYBRID EXEC.,31
2568,รถยนต์นั่งส่วนบุคคลไม่เกิน 7 คน,PORSCHE,PANAMERA 4 E-HYBRID EXECUTIVE,7
2568,รถยนต์นั่งส่วนบุคคลไม่เกิน 7 คน,PORSCHE,PANAMERA 4 E-HYBRID P.E.,41
2568,รถยนต์นั่งส่วนบุคคลไม่เกิน 7 คน,PORSCHE,PANAMERA 4 E-HYBRID PLATINUM,2
2568,รถยนต์นั่งส่วนบุคคลไม่เกิน 7 คน,PORSCHE,PANAMERA 4S E-HYBRID,12
2568,รถยนต์นั่งส่วนบุคคลไม่เกิน 7 คน,PORSCHE,PANAMERA S HYBRID,1
2568,รถยนต์นั่งส่วนบุคคลไม่เกิน 7 คน,PORSCHE,TAYCAN,82
2568,รถยนต์นั่งส่วนบุคคลไม่เกิน 7 คน,PORSCHE,TAYCAN 4,2
2568,รถยนต์นั่งส่วนบุคคลไม่เกิน 7 คน,PORSCHE,TAYCAN 4 CROSS TURISMO,10
2568,รถยนต์นั่งส่วนบุคคลไม่เกิน 7 คน,PORSCHE,TAYCAN 4S,39
2568,รถยนต์นั่งส่วนบุคคลไม่เกิน 7 คน,PORSCHE,TAYCAN 4S CROSS TURISMO,1
2568,รถยนต์นั่งส่วนบุคคลไม่เกิน 7 คน,PORSCHE,TAYCAN GTS,15
2568,รถยนต์นั่งส่วนบุคคลไม่เกิน 7 คน,PORSCHE,TAYCAN SPORT TURISMO,1
2568,รถยนต์นั่งส่วนบุคคลไม่เกิน 7 คน,PORSCHE,TAYCAN TURBO,5
2568,รถยนต์นั่งส่วนบุคคลไม่เกิน 7 คน,PORSCHE,TAYCAN TURBO CROSS TURIS,1
2568,รถยนต์นั่งส่วนบุคคลไม่เกิน 7 คน,PORSCHE,TAYCAN TURBO CROSS TURISMO,1
2568,รถยนต์นั่งส่วนบุคคลไม่เกิน 7 คน,PORSCHE,TAYCAN TURBO GT,1
2568,รถยนต์นั่งส่วนบุคคลไม่เกิน 7 คน,PORSCHE,TAYCAN TURBO S,5
2568,รถยนต์นั่งส่วนบุคคลไม่เกิน 7 คน,PORSCHE,,1
2568,รถยนต์นั่งส่วนบุคคลไม่เกิน 7 คน,PROTON,EXORA,1
2568,รถยนต์นั่งส่วนบุคคลไม่เกิน 7 คน,RIDDARA,HORIZON 4WD,95
2568,รถยนต์นั่งส่วนบุคคลไม่เกิน 7 คน,RIDDARA,HORIZON PRO 4WD,120
2568,รถยนต์นั่งส่วนบุคคลไม่เกิน 7 คน,RIDDARA,HORIZON PRO 4WD SUNROOF,6
2568,รถยนต์นั่งส่วนบุคคลไม่เกิน 7 คน,RIDDARA,RD6 2WD,90
2568,รถยนต์นั่งส่วนบุคคลไม่เกิน 7 คน,RIDDARA,RD6 86KWH 2WD,15
2568,รถยนต์นั่งส่วนบุคคลไม่เกิน 7 คน,RIDDARA,RD6 ECON,3
2568,รถยนต์นั่งส่วนบุคคลไม่เกิน 7 คน,RIDDARA,RD6 PRO 2WD,347
2568,รถยนต์นั่งส่วนบุคคลไม่เกิน 7 คน,ROLLS-ROYCE,Black Badge Cullinan,1
2568,รถยนต์นั่งส่วนบุคคลไม่เกิน 7 คน,ROLLS-ROYCE,Cullinan,2
2568,รถยนต์นั่งส่วนบุคคลไม่เกิน 7 คน,ROLLS-ROYCE,CULLINAN,1
2568,รถยนต์นั่งส่วนบุคคลไม่เกิน 7 คน,ROLLS-ROYCE,Ghost,5
2568,รถยนต์นั่งส่วนบุคคลไม่เกิน 7 คน,ROLLS-ROYCE,Ghost Extended,5
2568,รถยนต์นั่งส่วนบุคคลไม่เกิน 7 คน,ROLLS-ROYCE,GHOST BLACK BADGE,1
2568,รถยนต์นั่งส่วนบุคคลไม่เกิน 7 คน,ROLLS-ROYCE,Phantom Extended,1
2568,รถยนต์นั่งส่วนบุคคลไม่เกิน 7 คน,ROLLS-ROYCE,PHANTOM,1
2568,รถยนต์นั่งส่วนบุคคลไม่เกิน 7 คน,ROLLS-ROYCE,SILVER CLOUD,1
2568,รถยนต์นั่งส่วนบุคคลไม่เกิน 7 คน,ROLLS-ROYCE,Spectre,9
2568,รถยนต์นั่งส่วนบุคคลไม่เกิน 7 คน,ROVER,MINI,1
2568,รถยนต์นั่งส่วนบุคคลไม่เกิน 7 คน,RUF,GT COUPE,1
2568,รถยนต์นั่งส่วนบุคคลไม่เกิน 7 คน,SERES,SERES 3,1
2568,รถยนต์นั่งส่วนบุคคลไม่เกิน 7 คน,SOKON,EC35,4
2568,รถยนต์นั่งส่วนบุคคลไม่เกิน 7 คน,SSANGYONG,ACTYON SPORTS,1
2568,รถยนต์นั่งส่วนบุคคลไม่เกิน 7 คน,STELATO,S9,1
2568,รถยนต์นั่งส่วนบุคคลไม่เกิน 7 คน,SUBARU,BRZ 2.4 EyeSight RWD 6AT,3
2568,รถยนต์นั่งส่วนบุคคลไม่เกิน 7 คน,SUBARU,BRZ 2.4 EyeSight RWD 6MT,2
2568,รถยนต์นั่งส่วนบุคคลไม่เกิน 7 คน,SUBARU,BRZ 2.4 RWD 6MT,1
2568,รถยนต์นั่งส่วนบุคคลไม่เกิน 7 คน,SUBARU,BRZ 2.4 RWD EyeSight 6AT,4
2568,รถยนต์นั่งส่วนบุคคลไม่เกิน 7 คน,SUBARU,BRZ CUP CAR BASIC,1
2568,รถยนต์นั่งส่วนบุคคลไม่เกิน 7 คน,SUBARU,FORESTER 2.0i-L ES,90
2568,รถยนต์นั่งส่วนบุคคลไม่เกิน 7 คน,SUBARU,FORESTER 2.0i-S,1
2568,รถยนต์นั่งส่วนบุคคลไม่เกิน 7 คน,SUBARU,FORESTER 2.0i-S ES,248
2568,รถยนต์นั่งส่วนบุคคลไม่เกิน 7 คน,SUBARU,FORESTER 2.5i-S AWD CVT,9
2568,รถยนต์นั่งส่วนบุคคลไม่เกิน 7 คน,SUBARU,OUTBACK 2.5i-T EyeSight,6
2568,รถยนต์นั่งส่วนบุคคลไม่เกิน 7 คน,SUBARU,WRX 4D 2.4 AWD 6MT,2
2568,รถยนต์นั่งส่วนบุคคลไม่เกิน 7 คน,SUBARU,WRX 4D 2.4 EyeSight AWD 6MT,1
2568,รถยนต์นั่งส่วนบุคคลไม่เกิน 7 คน,SUBARU,WRX 4D 2.4 EyeSight AWD CVT,2
2568,รถยนต์นั่งส่วนบุคคลไม่เกิน 7 คน,SUBARU,WRX S4 STI SPORT R EX AWD,1
2568,รถยนต์นั่งส่วนบุคคลไม่เกิน 7 คน,SUBARU,WRX STI S207,1
2568,รถยนต์นั่งส่วนบุคคลไม่เกิน 7 คน,SUBARU,WRX STI S208NBR CHALLENGE,1
2568,รถยนต์นั่งส่วนบุคคลไม่เกิน 7 คน,SUBARU,WRX Wagon 2.4 EyeSight AWD CVT,3
2568,รถยนต์นั่งส่วนบุคคลไม่เกิน 7 คน,SUBARU,XV 2.0i-P,5
2568,รถยนต์นั่งส่วนบุคคลไม่เกิน 7 คน,SUBARU,XV 2.0i-P ES,189
2568,รถยนต์นั่งส่วนบุคคลไม่เกิน 7 คน,SUZUKI,CARRY 1.5L MT,1
2568,รถยนต์นั่งส่วนบุคคลไม่เกิน 7 คน,SUZUKI,CELERIO GA 1.0L,3
2568,รถยนต์นั่งส่วนบุคคลไม่เกิน 7 คน,SUZUKI,CELERIO GA 1.0L MT,158
2568,รถยนต์นั่งส่วนบุคคลไม่เกิน 7 คน,SUZUKI,CELERIO GL 1.0L,11
2568,รถยนต์นั่งส่วนบุคคลไม่เกิน 7 คน,SUZUKI,CELERIO GL 1.0L CVT,296
2568,รถยนต์นั่งส่วนบุคคลไม่เกิน 7 คน,SUZUKI,CELERIO GL UP 1.0L CVT,60
2568,รถยนต์นั่งส่วนบุคคลไม่เกิน 7 คน,SUZUKI,CELERIO GX 1.0L,3
2568,รถยนต์นั่งส่วนบุคคลไม่เกิน 7 คน,SUZUKI,CELERIO GX 1.0L CVT,775
2568,รถยนต์นั่งส่วนบุคคลไม่เกิน 7 คน,SUZUKI,CIAZ GL CVT,13
2568,รถยนต์นั่งส่วนบุคคลไม่เกิน 7 คน,SUZUKI,CIAZ GL MT,1
2568,รถยนต์นั่งส่วนบุคคลไม่เกิน 7 คน,SUZUKI,CIAZ GLX 1.25L CVT,1
2568,รถยนต์นั่งส่วนบุคคลไม่เกิน 7 คน,SUZUKI,CIAZ GLX CVT,2
2568,รถยนต์นั่งส่วนบุคคลไม่เกิน 7 คน,SUZUKI,CIAZ RS CVT,7
2568,รถยนต์นั่งส่วนบุคคลไม่เกิน 7 คน,SUZUKI,ERTIGA GL 1.5L,76
2568,รถยนต์นั่งส่วนบุคคลไม่เกิน 7 คน,SUZUKI,ERTIGA GX 1.5L,518
2568,รถยนต์นั่งส่วนบุคคลไม่เกิน 7 คน,SUZUKI,FRONX 1.5L,98
2568,รถยนต์นั่งส่วนบุคคลไม่เกิน 7 คน,SUZUKI,HUSTLER HYBRID G,2
2568,รถยนต์นั่งส่วนบุคคลไม่เกิน 7 คน,SUZUKI,JIMNY 1.5L 4AT,48
2568,รถยนต์นั่งส่วนบุคคลไม่เกิน 7 คน,SUZUKI,JIMNY ALPHA 4WD,2
2568,รถยนต์นั่งส่วนบุคคลไม่เกิน 7 คน,SUZUKI,JIMNY ALPHA 5 DOOR,8
2568,รถยนต์นั่งส่วนบุคคลไม่เกิน 7 คน,SUZUKI,JIMNY NOMADE FC 5 DOOR,1
2568,รถยนต์นั่งส่วนบุคคลไม่เกิน 7 คน,SUZUKI,JIMNY SIERRA,5
2568,รถยนต์นั่งส่วนบุคคลไม่เกิน 7 คน,SUZUKI,JIMNY SIERRA 4WD,47
2568,รถยนต์นั่งส่วนบุคคลไม่เกิน 7 คน,SUZUKI,JIMNY SIERRA JC,37
2568,รถยนต์นั่งส่วนบุคคลไม่เกิน 7 คน,SUZUKI,JIMNY SIERRA JC 1.5L,13
2568,รถยนต์นั่งส่วนบุคคลไม่เกิน 7 คน,SUZUKI,JIMNY SIERRA JC 4WD,36
2568,รถยนต์นั่งส่วนบุคคลไม่เกิน 7 คน,SUZUKI,JIMNY SIERRA JL 4WD,1
2568,รถยนต์นั่งส่วนบุคคลไม่เกิน 7 คน,SUZUKI,JIMNY XC,1
2568,รถยนต์นั่งส่วนบุคคลไม่เกิน 7 คน,SUZUKI,JIMNY XC 4WD,1
2568,รถยนต์นั่งส่วนบุคคลไม่เกิน 7 คน,SUZUKI,JIMNY XC MT 4WD,1
2568,รถยนต์นั่งส่วนบุคคลไม่เกิน 7 คน,SUZUKI,JIMNY XG MT 4WD,2
2568,รถยนต์นั่งส่วนบุคคลไม่เกิน 7 คน,SUZUKI,JIMNY XL,1
2568,รถยนต์นั่งส่วนบุคคลไม่เกิน 7 คน,SUZUKI,SPACIA CUSTOM HYBRID XS TURBO,3
2568,รถยนต์นั่งส่วนบุคคลไม่เกิน 7 คน,SUZUKI,SPACIA GEAR HYBRID MY STYLE,2
2568,รถยนต์นั่งส่วนบุคคลไม่เกิน 7 คน,SUZUKI,SPACIA GEAR HYBRID XZ TURBO,2
2568,รถยนต์นั่งส่วนบุคคลไม่เกิน 7 คน,SUZUKI,SPACIA GEAR MY STYLE HYBRID,2
2568,รถยนต์นั่งส่วนบุคคลไม่เกิน 7 คน,SUZUKI,SWIFT GL 1.2L CVT,538
2568,รถยนต์นั่งส่วนบุคคลไม่เกิน 7 คน,SUZUKI,SWIFT GL NEXT 1.2L CVT,785
2568,รถยนต์นั่งส่วนบุคคลไม่เกิน 7 คน,SUZUKI,SWIFT GL PLUS 1.2L CVT,11
2568,รถยนต์นั่งส่วนบุคคลไม่เกิน 7 คน,SUZUKI,SWIFT GL SPORTS EDITION,1
2568,รถยนต์นั่งส่วนบุคคลไม่เกิน 7 คน,SUZUKI,SWIFT GLX 1.2L CVT,893
2568,รถยนต์นั่งส่วนบุคคลไม่เกิน 7 คน,SUZUKI,SWIFT GLX-Navi 1.2L CVT,3
2568,รถยนต์นั่งส่วนบุคคลไม่เกิน 7 คน,SUZUKI,SWIFT SPORT,1
2568,รถยนต์นั่งส่วนบุคคลไม่เกิน 7 คน,SUZUKI,WAGON R SMILE HYBRID X,1
2568,รถยนต์นั่งส่วนบุคคลไม่เกิน 7 คน,SUZUKI,XL7 1.5L,271
2568,รถยนต์นั่งส่วนบุคคลไม่เกิน 7 คน,SUZUKI,,1
2568,รถยนต์นั่งส่วนบุคคลไม่เกิน 7 คน,TESLA,Model 3 Long Range RWD,146
2568,รถยนต์นั่งส่วนบุคคลไม่เกิน 7 คน,TESLA,Model 3 Performance,223
2568,รถยนต์นั่งส่วนบุคคลไม่เกิน 7 คน,TESLA,Model 3 Rear-Wheel Drive,904
2568,รถยนต์นั่งส่วนบุคคลไม่เกิน 7 คน,TESLA,Model Y Rear-Wheel Drive,1621
2568,รถยนต์นั่งส่วนบุคคลไม่เกิน 7 คน,TESLA,MODEL 3 LONG RANGE,212
2568,รถยนต์นั่งส่วนบุคคลไม่เกิน 7 คน,TESLA,MODEL 3 PERFORMANCE,1
2568,รถยนต์นั่งส่วนบุคคลไม่เกิน 7 คน,TESLA,MODEL 3 STANDARD,2
2568,รถยนต์นั่งส่วนบุคคลไม่เกิน 7 คน,TESLA,MODEL 3 STANDARD RANGE PLUS,1
2568,รถยนต์นั่งส่วนบุคคลไม่เกิน 7 คน,TESLA,MODEL Y LONG RANGE,1755
2568,รถยนต์นั่งส่วนบุคคลไม่เกิน 7 คน,TESLA,MODEL Y PERFORMANCE,83
2568,รถยนต์นั่งส่วนบุคคลไม่เกิน 7 คน,TESLA,MODEL Y RWD,1
2568,รถยนต์นั่งส่วนบุคคลไม่เกิน 7 คน,TOYOTA,1.6G,1
2568,รถยนต์นั่งส่วนบุคคลไม่เกิน 7 คน,TOYOTA,ACV51R-JEPEKT  AC,1
2568,รถยนต์นั่งส่วนบุคคลไม่เกิน 7 คน,TOYOTA,AHV40R-JEXGBT  BL,1
2568,รถยนต์นั่งส่วนบุคคลไม่เกิน 7 คน,TOYOTA,ALPHARD,1298
2568,รถยนต์นั่งส่วนบุคคลไม่เกิน 7 คน,TOYOTA,ALPHARD 2.5 HYBRID EXECUTIVE,1
2568,รถยนต์นั่งส่วนบุคคลไม่เกิน 7 คน,TOYOTA,ALPHARD 2.5 HYBRID G F PACKAGE,1
2568,รถยนต์นั่งส่วนบุคคลไม่เกิน 7 คน,TOYOTA,ALPHARD 2.5 HYBRID SR C,1
2568,รถยนต์นั่งส่วนบุคคลไม่เกิน 7 คน,TOYOTA,ALPHARD 2.5 HYBRID SRC PACKAGE,12
2568,รถยนต์นั่งส่วนบุคคลไม่เกิน 7 คน,TOYOTA,ALPHARD 2.5 HYBRID X,2
2568,รถยนต์นั่งส่วนบุคคลไม่เกิน 7 คน,TOYOTA,ALPHARD 2.5 HYBRID Z,70
2568,รถยนต์นั่งส่วนบุคคลไม่เกิน 7 คน,TOYOTA,ALPHARD 2.5 HYBRID Z E-FOUR,7
2568,รถยนต์นั่งส่วนบุคคลไม่เกิน 7 คน,TOYOTA,ALPHARD 2.5 SC PACKAGE,91
2568,รถยนต์นั่งส่วนบุคคลไม่เกิน 7 คน,TOYOTA,ALPHARD 2.5 Z,87
2568,รถยนต์นั่งส่วนบุคคลไม่เกิน 7 คน,TOYOTA,ALPHARD 2.5L SC PACKAGE,15
2568,รถยนต์นั่งส่วนบุคคลไม่เกิน 7 คน,TOYOTA,ALPHARD EXECUTIVE LOUNGE,7
2568,รถยนต์นั่งส่วนบุคคลไม่เกิน 7 คน,TOYOTA,ALPHARD HYBRID 2.5 S TYPE GOLD,1
2568,รถยนต์นั่งส่วนบุคคลไม่เกิน 7 คน,TOYOTA,ALPHARD HYBRID EXECUTIVE,97
2568,รถยนต์นั่งส่วนบุคคลไม่เกิน 7 คน,TOYOTA,ALPHARD HYBRID GF 2.5L,1
2568,รถยนต์นั่งส่วนบุคคลไม่เกิน 7 คน,TOYOTA,ALPHARD HYBRID GF PACKAGE,1
2568,รถยนต์นั่งส่วนบุคคลไม่เกิน 7 คน,TOYOTA,ALPHARD HYBRID SR C,2
2568,รถยนต์นั่งส่วนบุคคลไม่เกิน 7 คน,TOYOTA,ALPHARD HYBRID SRC 2.5L,1
2568,รถยนต์นั่งส่วนบุคคลไม่เกิน 7 คน,TOYOTA,ALPHARD HYBRID SRC PACKAGE,13
2568,รถยนต์นั่งส่วนบุคคลไม่เกิน 7 คน,TOYOTA,ALPHARD HYBRID X,16
2568,รถยนต์นั่งส่วนบุคคลไม่เกิน 7 คน,TOYOTA,ALPHARD HYBRID X E-FOUR,1
2568,รถยนต์นั่งส่วนบุคคลไม่เกิน 7 คน,TOYOTA,ALPHARD HYBRID Z,835
2568,รถยนต์นั่งส่วนบุคคลไม่เกิน 7 คน,TOYOTA,ALPHARD HYBRID Z 2.5L,136
2568,รถยนต์นั่งส่วนบุคคลไม่เกิน 7 คน,TOYOTA,ALPHARD HYBRID Z 2.5L E-FOUR,30
2568,รถยนต์นั่งส่วนบุคคลไม่เกิน 7 คน,TOYOTA,ALPHARD HYBRID Z 2WD,62
2568,รถยนต์นั่งส่วนบุคคลไม่เกิน 7 คน,TOYOTA,ALPHARD HYBRID Z E-FOUR,141
2568,รถยนต์นั่งส่วนบุคคลไม่เกิน 7 คน,TOYOTA,ALPHARD HYBRID Z EXECUTIVE,1
2568,รถยนต์นั่งส่วนบุคคลไม่เกิน 7 คน,TOYOTA,"ALPHARD S ""TYPE GOLD III""",1
2568,รถยนต์นั่งส่วนบุคคลไม่เกิน 7 คน,TOYOTA,ALPHARD SC PACKAGE,53
2568,รถยนต์นั่งส่วนบุคคลไม่เกิน 7 คน,TOYOTA,ALPHARD SC PACKAGE 2.5L,70
2568,รถยนต์นั่งส่วนบุคคลไม่เกิน 7 คน,TOYOTA,ALPHARD X HYBRID 2.5L,5
2568,รถยนต์นั่งส่วนบุคคลไม่เกิน 7 คน,TOYOTA,ALPHARD Z,19
2568,รถยนต์นั่งส่วนบุคคลไม่เกิน 7 คน,TOYOTA,ALPHARD Z 2.5L,147
2568,รถยนต์นั่งส่วนบุคคลไม่เกิน 7 คน,TOYOTA,ALPHARD Z 2WD,728
2568,รถยนต์นั่งส่วนบุคคลไม่เกิน 7 คน,TOYOTA,ALPHARD Z 2WD 2.5L,88
2568,รถยนต์นั่งส่วนบุคคลไม่เกิน 7 คน,TOYOTA,ALPHARD Z 4WD,6
2568,รถยนต์นั่งส่วนบุคคลไม่เกิน 7 คน,TOYOTA,ALPHARD Z HYBRID,1
2568,รถยนต์นั่งส่วนบุคคลไม่เกิน 7 คน,TOYOTA,ALPHARD Z HYBRID 2.5L,56
2568,รถยนต์นั่งส่วนบุคคลไม่เกิน 7 คน,TOYOTA,ALPHARD Z HYBRID E-FOUR 2.5L,4
2568,รถยนต์นั่งส่วนบุคคลไม่เกิน 7 คน,TOYOTA,BZ4X,5
2568,รถยนต์นั่งส่วนบุคคลไม่เกิน 7 คน,TOYOTA,C-HR,27
2568,รถยนต์นั่งส่วนบุคคลไม่เกิน 7 คน,TOYOTA,Camry,2
2568,รถยนต์นั่งส่วนบุคคลไม่เกิน 7 คน,TOYOTA,CAMRY,7328
2568,รถยนต์นั่งส่วนบุคคลไม่เกิน 7 คน,TOYOTA,CENTURY 5.0L,1
2568,รถยนต์นั่งส่วนบุคคลไม่เกิน 7 คน,TOYOTA,COMMUTER,638
2568,รถยนต์นั่งส่วนบุคคลไม่เกิน 7 คน,TOYOTA,COROLLA,3284
2568,รถยนต์นั่งส่วนบุคคลไม่เกิน 7 คน,TOYOTA,COROLLA CROSS,14458
2568,รถยนต์นั่งส่วนบุคคลไม่เกิน 7 คน,TOYOTA,CROWN 2.5L SPORT Z HYBRID,3
2568,รถยนต์นั่งส่วนบุคคลไม่เกิน 7 คน,TOYOTA,CROWN CROSSOVER G ADVANCED,4
2568,รถยนต์นั่งส่วนบุคคลไม่เกิน 7 คน,TOYOTA,CROWN CROSSOVER RS ADVANCE,2
2568,รถยนต์นั่งส่วนบุคคลไม่เกิน 7 คน,TOYOTA,CROWN CROSSOVER RS ADVANCED,23
2568,รถยนต์นั่งส่วนบุคคลไม่เกิน 7 คน,TOYOTA,CROWN HYBRID SPORT Z,2
2568,รถยนต์นั่งส่วนบุคคลไม่เกิน 7 คน,TOYOTA,CROWN HYBRID Z,1
2568,รถยนต์นั่งส่วนบุคคลไม่เกิน 7 คน,TOYOTA,CROWN SPORT RS,1
2568,รถยนต์นั่งส่วนบุคคลไม่เกิน 7 คน,TOYOTA,CROWN SPORT Z,10
2568,รถยนต์นั่งส่วนบุคคลไม่เกิน 7 คน,TOYOTA,CROWN SPORT Z 2.5L,2
2568,รถยนต์นั่งส่วนบุคคลไม่เกิน 7 คน,TOYOTA,CROWN Z,3
2568,รถยนต์นั่งส่วนบุคคลไม่เกิน 7 คน,TOYOTA,CROWN Z 2.5L,1
2568,รถยนต์นั่งส่วนบุคคลไม่เกิน 7 คน,TOYOTA,D-Cab 2x4 2.4J Plus,1
2568,รถยนต์นั่งส่วนบุคคลไม่เกิน 7 คน,TOYOTA,D-Cab 4x4 2.8G A/T,1
2568,รถยนต์นั่งส่วนบุคคลไม่เกิน 7 คน,TOYOTA,FORTUNER,14264
2568,รถยนต์นั่งส่วนบุคคลไม่เกิน 7 คน,TOYOTA,GR 86 RZ,1
2568,รถยนต์นั่งส่วนบุคคลไม่เกิน 7 คน,TOYOTA,GR 86 RZ 2.4L,1
2568,รถยนต์นั่งส่วนบุคคลไม่เกิน 7 คน,TOYOTA,GR COROLLA,6
2568,รถยนต์นั่งส่วนบุคคลไม่เกิน 7 คน,TOYOTA,GR COROLLA RZ,3
2568,รถยนต์นั่งส่วนบุคคลไม่เกิน 7 คน,TOYOTA,GR SUPRA RZ,9
2568,รถยนต์นั่งส่วนบุคคลไม่เกิน 7 คน,TOYOTA,GR SUPRA RZ 3.0,2
2568,รถยนต์นั่งส่วนบุคคลไม่เกิน 7 คน,TOYOTA,GR SUPRA RZ 6MT,1
2568,รถยนต์นั่งส่วนบุคคลไม่เกิน 7 คน,TOYOTA,GR SUPRA RZ MATTE WHITE EDIT,1
2568,รถยนต์นั่งส่วนบุคคลไม่เกิน 7 คน,TOYOTA,GR SUPRA RZ PLASMA ORANGE 100,2
2568,รถยนต์นั่งส่วนบุคคลไม่เกิน 7 คน,TOYOTA,GR SUPRA SZ-R,2
2568,รถยนต์นั่งส่วนบุคคลไม่เกิน 7 คน,TOYOTA,GR YARIS,13
2568,รถยนต์นั่งส่วนบุคคลไม่เกิน 7 คน,TOYOTA,GR YARIS RC,18
2568,รถยนต์นั่งส่วนบุคคลไม่เกิน 7 คน,TOYOTA,GR YARIS RC AT,3
2568,รถยนต์นั่งส่วนบุคคลไม่เกิน 7 คน,TOYOTA,GR YARIS RC M/T 4WD,1
2568,รถยนต์นั่งส่วนบุคคลไม่เกิน 7 คน,TOYOTA,GR YARIS RZ HIGH PERFORMANCE,28
2568,รถยนต์นั่งส่วนบุคคลไม่เกิน 7 คน,TOYOTA,GR86 CUP CAR BASIC,11
2568,รถยนต์นั่งส่วนบุคคลไม่เกิน 7 คน,TOYOTA,GR86 RC,44
2568,รถยนต์นั่งส่วนบุคคลไม่เกิน 7 คน,TOYOTA,GR86 RZ,6
2568,รถยนต์นั่งส่วนบุคคลไม่เกิน 7 คน,TOYOTA,GR86 RZ 10th ANNIVERSARY,2
2568,รถยนต์นั่งส่วนบุคคลไม่เกิน 7 คน,TOYOTA,GR86 RZ 2WD,8
2568,รถยนต์นั่งส่วนบุคคลไม่เกิน 7 คน,TOYOTA,GR86 RZ GREDDY,1
2568,รถยนต์นั่งส่วนบุคคลไม่เกิน 7 คน,TOYOTA,GR86 RZ RIDGE GREEN LIMITED,7
2568,รถยนต์นั่งส่วนบุคคลไม่เกิน 7 คน,TOYOTA,GR86 SZ,1
2568,รถยนต์นั่งส่วนบุคคลไม่เกิน 7 คน,TOYOTA,GUN122R-BTFLXT,2
2568,รถยนต์นั่งส่วนบุคคลไม่เกิน 7 คน,TOYOTA,GUN122R-BTFLXT3,1
2568,รถยนต์นั่งส่วนบุคคลไม่เกิน 7 คน,TOYOTA,HARRIER 2.5 HYBRID Z LEATHER,1
2568,รถยนต์นั่งส่วนบุคคลไม่เกิน 7 คน,TOYOTA,HARRIER HYBRID G,4
2568,รถยนต์นั่งส่วนบุคคลไม่เกิน 7 คน,TOYOTA,HARRIER HYBRID Z,4
2568,รถยนต์นั่งส่วนบุคคลไม่เกิน 7 คน,TOYOTA,HARRIER HYBRID Z LEATHER,28
2568,รถยนต์นั่งส่วนบุคคลไม่เกิน 7 คน,TOYOTA,HILUX CHAMP,5
2568,รถยนต์นั่งส่วนบุคคลไม่เกิน 7 คน,TOYOTA,HILUX REVO,23057
2568,รถยนต์นั่งส่วนบุคคลไม่เกิน 7 คน,TOYOTA,HILUX TRAVO,622
2568,รถยนต์นั่งส่วนบุคคลไม่เกิน 7 คน,TOYOTA,INNOVA,1461
2568,รถยนต์นั่งส่วนบุคคลไม่เกิน 7 คน,TOYOTA,LAND CRUISER 250 GX,1
2568,รถยนต์นั่งส่วนบุคคลไม่เกิน 7 คน,TOYOTA,LAND CRUISER 250 VX,4
2568,รถยนต์นั่งส่วนบุคคลไม่เกิน 7 คน,TOYOTA,LAND CRUISER 250 VX 2.8L,1
2568,รถยนต์นั่งส่วนบุคคลไม่เกิน 7 คน,TOYOTA,LAND CRUISER 250 ZX,21
2568,รถยนต์นั่งส่วนบุคคลไม่เกิน 7 คน,TOYOTA,LAND CRUISER 250 ZX 2.8L,5
2568,รถยนต์นั่งส่วนบุคคลไม่เกิน 7 คน,TOYOTA,LAND CRUISER 250 ZX FIRST,25
2568,รถยนต์นั่งส่วนบุคคลไม่เกิน 7 คน,TOYOTA,LAND CRUISER 300 GR SPORT,11
2568,รถยนต์นั่งส่วนบุคคลไม่เกิน 7 คน,TOYOTA,LAND CRUISER 300 SAHARA 3.3L,1
2568,รถยนต์นั่งส่วนบุคคลไม่เกิน 7 คน,TOYOTA,LAND CRUISER 300 SAHARA ZX,1
2568,รถยนต์นั่งส่วนบุคคลไม่เกิน 7 คน,TOYOTA,LAND CRUISER 300 ZX,13
2568,รถยนต์นั่งส่วนบุคคลไม่เกิน 7 คน,TOYOTA,LAND CRUISER 300 ZX 3.3L,12
2568,รถยนต์นั่งส่วนบุคคลไม่เกิน 7 คน,TOYOTA,LAND CRUISER 300 ZX DIESEL,1
2568,รถยนต์นั่งส่วนบุคคลไม่เกิน 7 คน,TOYOTA,LAND CRUISER 70 AX,35
2568,รถยนต์นั่งส่วนบุคคลไม่เกิน 7 คน,TOYOTA,LAND CRUISER 70 AX 2.8L 4WD,1
2568,รถยนต์นั่งส่วนบุคคลไม่เกิน 7 คน,TOYOTA,LAND CRUISER 71 HARDTOP 4.0L,3
2568,รถยนต์นั่งส่วนบุคคลไม่เกิน 7 คน,TOYOTA,LAND CRUISER ACTIVE 2.8D,1
2568,รถยนต์นั่งส่วนบุคคลไม่เกิน 7 คน,TOYOTA,LAND CRUISER AX,5
2568,รถยนต์นั่งส่วนบุคคลไม่เกิน 7 คน,TOYOTA,LAND CRUISER GR,1
2568,รถยนต์นั่งส่วนบุคคลไม่เกิน 7 คน,TOYOTA,LAND CRUISER GR SPORT,6
2568,รถยนต์นั่งส่วนบุคคลไม่เกิน 7 คน,TOYOTA,LAND CRUISER GX 3.5L,1
2568,รถยนต์นั่งส่วนบุคคลไม่เกิน 7 คน,TOYOTA,LAND CRUISER PRADO 2.7 TX-L,2
2568,รถยนต์นั่งส่วนบุคคลไม่เกิน 7 คน,TOYOTA,LAND CRUISER PRADO TX,1
2568,รถยนต์นั่งส่วนบุคคลไม่เกิน 7 คน,TOYOTA,LAND CRUISER PRADO TX L,2
2568,รถยนต์นั่งส่วนบุคคลไม่เกิน 7 คน,TOYOTA,LAND CRUISER PRADO TZ-G,1
2568,รถยนต์นั่งส่วนบุคคลไม่เกิน 7 คน,TOYOTA,LAND CRUISER ZX,15
2568,รถยนต์นั่งส่วนบุคคลไม่เกิน 7 คน,TOYOTA,LANDCRUISER LC300 AX,1
2568,รถยนต์นั่งส่วนบุคคลไม่เกิน 7 คน,TOYOTA,LANDCRUISER LC300 GR SPORT,4
2568,รถยนต์นั่งส่วนบุคคลไม่เกิน 7 คน,TOYOTA,LANDCRUISER LC300 GX,1
2568,รถยนต์นั่งส่วนบุคคลไม่เกิน 7 คน,TOYOTA,LANDCRUISER LC300 SAHARA,2
2568,รถยนต์นั่งส่วนบุคคลไม่เกิน 7 คน,TOYOTA,LANDCRUISER LC300 ZX,2
2568,รถยนต์นั่งส่วนบุคคลไม่เกิน 7 คน,TOYOTA,NOAH HYBRID S-Z,1
2568,รถยนต์นั่งส่วนบุคคลไม่เกิน 7 คน,TOYOTA,NOAH HYBRID X,11
2568,รถยนต์นั่งส่วนบุคคลไม่เกิน 7 คน,TOYOTA,NOAH HYBRID X 2WD,33
2568,รถยนต์นั่งส่วนบุคคลไม่เกิน 7 คน,TOYOTA,NOAH X 2WD,2
2568,รถยนต์นั่งส่วนบุคคลไม่เกิน 7 คน,TOYOTA,PRIUS,1
2568,รถยนต์นั่งส่วนบุคคลไม่เกิน 7 คน,TOYOTA,ROOMY CUSTOM GT,1
2568,รถยนต์นั่งส่วนบุคคลไม่เกิน 7 คน,TOYOTA,SIENTA,7
2568,รถยนต์นั่งส่วนบุคคลไม่เกิน 7 คน,TOYOTA,SIENTA HYBRID G 2WD,1
2568,รถยนต์นั่งส่วนบุคคลไม่เกิน 7 คน,TOYOTA,TR TRANSFORMER,10
2568,รถยนต์นั่งส่วนบุคคลไม่เกิน 7 คน,TOYOTA,TR TRANSFORMER II,1
2568,รถยนต์นั่งส่วนบุคคลไม่เกิน 7 คน,TOYOTA,TR TRANSFORMER MAXI,1
2568,รถยนต์นั่งส่วนบุคคลไม่เกิน 7 คน,TOYOTA,VELLFIRE,329
2568,รถยนต์นั่งส่วนบุคคลไม่เกิน 7 คน,TOYOTA,VELLFIRE 2.5 HYBRID Z PREMIER,40
2568,รถยนต์นั่งส่วนบุคคลไม่เกิน 7 คน,TOYOTA,VELLFIRE 2.5ZG EDITION,1
2568,รถยนต์นั่งส่วนบุคคลไม่เกิน 7 คน,TOYOTA,VELLFIRE 250,1
2568,รถยนต์นั่งส่วนบุคคลไม่เกิน 7 คน,TOYOTA,VELLFIRE HYBRID EXECUTIVE,22
2568,รถยนต์นั่งส่วนบุคคลไม่เกิน 7 คน,TOYOTA,VELLFIRE HYBRID V L EDITION,1
2568,รถยนต์นั่งส่วนบุคคลไม่เกิน 7 คน,TOYOTA,VELLFIRE HYBRID Z 2.5L,24
2568,รถยนต์นั่งส่วนบุคคลไม่เกิน 7 คน,TOYOTA,VELLFIRE HYBRID Z E-FOUR,5
2568,รถยนต์นั่งส่วนบุคคลไม่เกิน 7 คน,TOYOTA,VELLFIRE HYBRID Z PREMIER,757
2568,รถยนต์นั่งส่วนบุคคลไม่เกิน 7 คน,TOYOTA,VELLFIRE Z G EDITION,1
2568,รถยนต์นั่งส่วนบุคคลไม่เกิน 7 คน,TOYOTA,VELLFIRE Z PREMIER,61
2568,รถยนต์นั่งส่วนบุคคลไม่เกิน 7 คน,TOYOTA,VELLFIRE Z PREMIER  2.4L,13
2568,รถยนต์นั่งส่วนบุคคลไม่เกิน 7 คน,TOYOTA,VELLFIRE Z PREMIER E-FOUR,9
2568,รถยนต์นั่งส่วนบุคคลไม่เกิน 7 คน,TOYOTA,VELLFIRE Z PREMIER HYBRID,1
2568,รถยนต์นั่งส่วนบุคคลไม่เกิน 7 คน,TOYOTA,VELLFIRE Z PREMIER HYBRID 2.5L,54
2568,รถยนต์นั่งส่วนบุคคลไม่เกิน 7 คน,TOYOTA,VELOZ,3947
2568,รถยนต์นั่งส่วนบุคคลไม่เกิน 7 คน,TOYOTA,VIOS,32
2568,รถยนต์นั่งส่วนบุคคลไม่เกิน 7 คน,TOYOTA,VOXY HYBRID S-G,1
2568,รถยนต์นั่งส่วนบุคคลไม่เกิน 7 คน,TOYOTA,VOXY HYBRID S-Z,121
2568,รถยนต์นั่งส่วนบุคคลไม่เกิน 7 คน,TOYOTA,VOXY HYBRID SZ 1.8L,11
2568,รถยนต์นั่งส่วนบุคคลไม่เกิน 7 คน,TOYOTA,VOXY S-Z 2WD,3
2568,รถยนต์นั่งส่วนบุคคลไม่เกิน 7 คน,TOYOTA,VOXY SZ HYBRID 1.8L,6
2568,รถยนต์นั่งส่วนบุคคลไม่เกิน 7 คน,TOYOTA,YARIS,5636
2568,รถยนต์นั่งส่วนบุคคลไม่เกิน 7 คน,TOYOTA,YARIS ATIV,53642
2568,รถยนต์นั่งส่วนบุคคลไม่เกิน 7 คน,TOYOTA,YARIS CROSS,34708
2568,รถยนต์นั่งส่วนบุคคลไม่เกิน 7 คน,TOYOTA,YARIS GRMN CIRCUIT PACKAGE,2
2568,รถยนต์นั่งส่วนบุคคลไม่เกิน 7 คน,TOYOTA,,3
2568,รถยนต์นั่งส่วนบุคคลไม่เกิน 7 คน,VIAUTO,BOMA,29
2568,รถยนต์นั่งส่วนบุคคลไม่เกิน 7 คน,VOLKSWAGEN,GOLF ESTATE 8 2.0 TDI,1
2568,รถยนต์นั่งส่วนบุคคลไม่เกิน 7 คน,VOLKSWAGEN,ID BUZZ,10
2568,รถยนต์นั่งส่วนบุคคลไม่เกิน 7 คน,VOLKSWAGEN,ID BUZZ 1st EDITION,1
2568,รถยนต์นั่งส่วนบุคคลไม่เกิน 7 คน,VOLKSWAGEN,ID BUZZ FIRST EDITION,1
2568,รถยนต์นั่งส่วนบุคคลไม่เกิน 7 คน,VOLKSWAGEN,ID BUZZ STYLE SWB PRO,1
2568,รถยนต์นั่งส่วนบุคคลไม่เกิน 7 คน,VOLKSWAGEN,TIGUAN ALLSPACE ESTATE 1.5 TSI,1
2568,รถยนต์นั่งส่วนบุคคลไม่เกิน 7 คน,VOLKSWAGEN,TIGUAN LIFE 2.0 TDI,1
2568,รถยนต์นั่งส่วนบุคคลไม่เกิน 7 คน,VOLKSWAGEN,TOURAN MATCH ESTATE 1.5 TSI,1
2568,รถยนต์นั่งส่วนบุคคลไม่เกิน 7 คน,VOLT,VOLT FOR FOUR,19
2568,รถยนต์นั่งส่วนบุคคลไม่เกิน 7 คน,VOLT,VOLT FOR TWO,1
2568,รถยนต์นั่งส่วนบุคคลไม่เกิน 7 คน,VOLVO,264GL,2
2568,รถยนต์นั่งส่วนบุคคลไม่เกิน 7 คน,VOLVO,264GLE,1
2568,รถยนต์นั่งส่วนบุคคลไม่เกิน 7 คน,VOLVO,C40,141
2568,รถยนต์นั่งส่วนบุคคลไม่เกิน 7 คน,VOLVO,EC40,363
2568,รถยนต์นั่งส่วนบุคคลไม่เกิน 7 คน,VOLVO,EX30,800
2568,รถยนต์นั่งส่วนบุคคลไม่เกิน 7 คน,VOLVO,EX40,467
2568,รถยนต์นั่งส่วนบุคคลไม่เกิน 7 คน,VOLVO,EX90,39
2568,รถยนต์นั่งส่วนบุคคลไม่เกิน 7 คน,VOLVO,S60,79
2568,รถยนต์นั่งส่วนบุคคลไม่เกิน 7 คน,VOLVO,S60 T5,1
2568,รถยนต์นั่งส่วนบุคคลไม่เกิน 7 คน,VOLVO,S90,65
2568,รถยนต์นั่งส่วนบุคคลไม่เกิน 7 คน,VOLVO,S90L,1
2568,รถยนต์นั่งส่วนบุคคลไม่เกิน 7 คน,VOLVO,V60,147
2568,รถยนต์นั่งส่วนบุคคลไม่เกิน 7 คน,VOLVO,XC40,158
2568,รถยนต์นั่งส่วนบุคคลไม่เกิน 7 คน,VOLVO,XC60,221
2568,รถยนต์นั่งส่วนบุคคลไม่เกิน 7 คน,VOLVO,XC90,163
2568,รถยนต์นั่งส่วนบุคคลไม่เกิน 7 คน,WULING,Air EV LR,95
2568,รถยนต์นั่งส่วนบุคคลไม่เกิน 7 คน,WULING,Air EV SR,19
2568,รถยนต์นั่งส่วนบุคคลไม่เกิน 7 คน,WULING,Bingou SRDTH CCS2,4
2568,รถยนต์นั่งส่วนบุคคลไม่เกิน 7 คน,WULING,Binguo SRD,237
2568,รถยนต์นั่งส่วนบุคคลไม่เกิน 7 คน,WULING,Binguo SRDTH,372
2568,รถยนต์นั่งส่วนบุคคลไม่เกิน 7 คน,XEV,YOYO PLUS,8
2568,รถยนต์นั่งส่วนบุคคลไม่เกิน 7 คน,XEV,YOYO PRO,1
2568,รถยนต์นั่งส่วนบุคคลไม่เกิน 7 คน,XIAOMI,SU7 MAX,2
2568,รถยนต์นั่งส่วนบุคคลไม่เกิน 7 คน,XPENG,G6 AWD Performance,51
2568,รถยนต์นั่งส่วนบุคคลไม่เกิน 7 คน,XPENG,G6 LONG RANGE,584
2568,รถยนต์นั่งส่วนบุคคลไม่เกิน 7 คน,XPENG,G6 RWD Long Range,263
2568,รถยนต์นั่งส่วนบุคคลไม่เกิน 7 คน,XPENG,G6 STANDARD RANGE,637
2568,รถยนต์นั่งส่วนบุคคลไม่เกิน 7 คน,XPENG,X9 LONG RANGE,760
2568,รถยนต์นั่งส่วนบุคคลไม่เกิน 7 คน,XPENG,X9 LONG RANGE(EXECUTIVE),198
2568,รถยนต์นั่งส่วนบุคคลไม่เกิน 7 คน,XPENG,X9 LONG RANGE(LUXURY),15
2568,รถยนต์นั่งส่วนบุคคลไม่เกิน 7 คน,XPENG,X9 STANDARD RANGE,275
2568,รถยนต์นั่งส่วนบุคคลไม่เกิน 7 คน,ZEEKR,ZEEKR 009,1904
2568,รถยนต์นั่งส่วนบุคคลไม่เกิน 7 คน,ZEEKR,ZEEKR 7X,344
2568,รถยนต์นั่งส่วนบุคคลไม่เกิน 7 คน,ZEEKR,ZEEKR X,420
2568,รถยนต์นั่งส่วนบุคคลไม่เกิน 7 คน,ZXAUTO,FP3A,1
2568,รถยนต์นั่งส่วนบุคคลเกิน 7 คน,BYD,BYD DOLPHIN (490KM-EXT),1
2568,รถยนต์นั่งส่วนบุคคลเกิน 7 คน,EVT,E-VAN,1
2568,รถยนต์นั่งส่วนบุคคลเกิน 7 คน,FARIZON,SV,1
2568,รถยนต์นั่งส่วนบุคคลเกิน 7 คน,FORD,RANGER,54
2568,รถยนต์นั่งส่วนบุคคลเกิน 7 คน,FORD,RANGER RAPTOR,276
2568,รถยนต์นั่งส่วนบุคคลเกิน 7 คน,FOTON,BJ1031EVJA3,1
2568,รถยนต์นั่งส่วนบุคคลเกิน 7 คน,FOTON,E-VIEW CS2 PASSENGER,1
2568,รถยนต์นั่งส่วนบุคคลเกิน 7 คน,HINO,XZB70R-ZEMHY,1
2568,รถยนต์นั่งส่วนบุคคลเกิน 7 คน,HYUNDAI,H-1,181
2568,รถยนต์นั่งส่วนบุคคลเกิน 7 คน,HYUNDAI,STARIA,1089
2568,รถยนต์นั่งส่วนบุคคลเกิน 7 คน,ISUZU,D-MAX,141
2568,รถยนต์นั่งส่วนบุคคลเกิน 7 คน,KAMA,ESP7,1
2568,รถยนต์นั่งส่วนบุคคลเกิน 7 คน,KIA,CARNIVAL,848
2568,รถยนต์นั่งส่วนบุคคลเกิน 7 คน,KIA,GRAND CARNIVAL,3
2568,รถยนต์นั่งส่วนบุคคลเกิน 7 คน,MAZDA,MAZDA BT-50,4
2568,รถยนต์นั่งส่วนบุคคลเกิน 7 คน,MERCEDES BENZ,SPRINTER 319 CDI VAN,1
2568,รถยนต์นั่งส่วนบุคคลเกิน 7 คน,MERCEDES BENZ,SPRINTER 416 CDI VAN,1
2568,รถยนต์นั่งส่วนบุคคลเกิน 7 คน,MERCEDES BENZ,SPRINTER 419 CDI (907),1
2568,รถยนต์นั่งส่วนบุคคลเกิน 7 คน,MERCEDES BENZ,SPRINTER 419 CDI VAN,65
2568,รถยนต์นั่งส่วนบุคคลเกิน 7 คน,MERCEDES BENZ,SPRINTER 519 CDI VAN,1
2568,รถยนต์นั่งส่วนบุคคลเกิน 7 คน,MERCEDES BENZ,VITO 116 CDI,1
2568,รถยนต์นั่งส่วนบุคคลเกิน 7 คน,MERCEDES BENZ,VITO 119 CDI,70
2568,รถยนต์นั่งส่วนบุคคลเกิน 7 คน,MERCEDES BENZ,VITO 119 CDI PANEL VAN,1
2568,รถยนต์นั่งส่วนบุคคลเกิน 7 คน,MERCEDES BENZ,VITO 119 CDI TOURER,81
2568,รถยนต์นั่งส่วนบุคคลเกิน 7 คน,MERCEDES BENZ,,1
2568,รถยนต์นั่งส่วนบุคคลเกิน 7 คน,MG,MG EXTENDER,1
2568,รถยนต์นั่งส่วนบุคคลเกิน 7 คน,MG,V80,1
2568,รถยนต์นั่งส่วนบุคคลเกิน 7 คน,MITSUBISHI,TRITON,45
2568,รถยนต์นั่งส่วนบุคคลเกิน 7 คน,NISSAN,NAVARA,16
2568,รถยนต์นั่งส่วนบุคคลเกิน 7 คน,NISSAN,UVL4RDRE26KWDMER-E,3
2568,รถยนต์นั่งส่วนบุคคลเกิน 7 คน,NISSAN,UVL4RDRE26KWDMER9E,5
2568,รถยนต์นั่งส่วนบุคคลเกิน 7 คน,RIDDARA,RD6 PRO 2WD,11
2568,รถยนต์นั่งส่วนบุคคลเกิน 7 คน,SUZUKI,CARRY 1.5L MT,68
2568,รถยนต์นั่งส่วนบุคคลเกิน 7 คน,TATA,SUPER ACE MINT,1
2568,รถยนต์นั่งส่วนบุคคลเกิน 7 คน,TATA,WINGER FL 3200 FR 125 AC,1
2568,รถยนต์นั่งส่วนบุคคลเกิน 7 คน,TOYOTA,COMMUTER,7403
2568,รถยนต์นั่งส่วนบุคคลเกิน 7 คน,TOYOTA,COMUTER,1
2568,รถยนต์นั่งส่วนบุคคลเกิน 7 คน,TOYOTA,HIACE,599
2568,รถยนต์นั่งส่วนบุคคลเกิน 7 คน,TOYOTA,HIACE MAJESTY,2325
2568,รถยนต์นั่งส่วนบุคคลเกิน 7 คน,TOYOTA,HILUX CHAMP,89
2568,รถยนต์นั่งส่วนบุคคลเกิน 7 คน,TOYOTA,HILUX REVO,1704
2568,รถยนต์นั่งส่วนบุคคลเกิน 7 คน,TOYOTA,HILUX TRAVO,110
2568,รถยนต์นั่งส่วนบุคคลเกิน 7 คน,TOYOTA,KDH222R-LEMDYT A1,2
2568,รถยนต์นั่งส่วนบุคคลเกิน 7 คน,TOYOTA,KDH222R-LEMDYT A3,1
2568,รถยนต์นั่งส่วนบุคคลเกิน 7 คน,TOYOTA,KDH222R-LEMDYT B5,1
2568,รถยนต์นั่งส่วนบุคคลเกิน 7 คน,TOYOTA,KDH223R-LEMDYT A2,2
2568,รถยนต์นั่งส่วนบุคคลเกิน 7 คน,TOYOTA,KDH223R-LEMDYT B2,2
2568,รถยนต์นั่งส่วนบุคคลเกิน 7 คน,TOYOTA,TR TRANSFORMER,6
2568,รถยนต์นั่งส่วนบุคคลเกิน 7 คน,TOYOTA,TR TRANSFORMER MAXI,1
2568,รถยนต์นั่งส่วนบุคคลเกิน 7 คน,TOYOTA,YARIS CROSS,1
2568,รถยนต์นั่งส่วนบุคคลเกิน 7 คน,TOYOTA,,1
2568,รถยนต์นั่งส่วนบุคคลเกิน 7 คน,VOLKSWAGEN,CARAVELLE 2.0 L,1
2568,รถยนต์นั่งส่วนบุคคลเกิน 7 คน,VOLKSWAGEN,CARAVELLE COMFORTLINE 2,1
2568,รถยนต์นั่งส่วนบุคคลเกิน 7 คน,VOLKSWAGEN,CARAVELLE COMFORTLINE2.0L,44
2568,รถยนต์นั่งส่วนบุคคลเกิน 7 คน,VOLKSWAGEN,CARAVELLE T69 2.0 L,11
2568,รถยนต์นั่งส่วนบุคคลเกิน 7 คน,VOLKSWAGEN,TRANSPORTER,1
2568,รถยนต์บรรทุกส่วนบุคคล,BYD,T3,361
2568,รถยนต์บรรทุกส่วนบุคคล,CHASE,ARFF 60/60-6+P250,2
2568,รถยนต์บรรทุกส่วนบุคคล,CHENGLONG,LZ5180XXYM3AZBEV12T,3
2568,รถยนต์บรรทุกส่วนบุคคล,CHEVROLET,COLORADO X-CAB,4
2568,รถยนต์บรรทุกส่วนบุคคล,DAIHATSU,HIJET CARGO,60
2568,รถยนต์บรรทุกส่วนบุคคล,DAIHATSU,HIJET CARGO CRUISE TURBO,2
2568,รถยนต์บรรทุกส่วนบุคคล,DAIHATSU,HIJET TRUCK,1
2568,รถยนต์บรรทุกส่วนบุคคล,DAIHATSU,HIJET TRUCK JUMBO 4WD,1
2568,รถยนต์บรรทุกส่วนบุคคล,DAIHATSU,HIJET TRUCK JUMBO EXTRA,7
2568,รถยนต์บรรทุกส่วนบุคคล,DFSK,EQ1020TF,1
2568,รถยนต์บรรทุกส่วนบุคคล,DFSK,EQ1021TF22QN11,1
2568,รถยนต์บรรทุกส่วนบุคคล,FARIZON,SV,1
2568,รถยนต์บรรทุกส่วนบุคคล,FAW,CA1040P40K50E5A84,2
2568,รถยนต์บรรทุกส่วนบุคคล,FORD,FORD RANGER,4
2568,รถยนต์บรรทุกส่วนบุคคล,FORD,FORD RANGER iFCT9AR,2
2568,รถยนต์บรรทุกส่วนบุคคล,FORD,RANGER,1231
2568,รถยนต์บรรทุกส่วนบุคคล,FORD,RANGER SWB,16
2568,รถยนต์บรรทุกส่วนบุคคล,FOTON,BJ1031EVJA3,49
2568,รถยนต์บรรทุกส่วนบุคคล,FOTON,BJ1031EVJA4,1
2568,รถยนต์บรรทุกส่วนบุคคล,FOTON,BJ1044EVJAR,13
2568,รถยนต์บรรทุกส่วนบุคคล,FOTON,BJ1044V9JB3-R1,8
2568,รถยนต์บรรทุกส่วนบุคคล,FOTON,BJ1045V8JD3-FA,48
2568,รถยนต์บรรทุกส่วนบุคคล,FOTON,BJ1045V9JD4-R1,69
2568,รถยนต์บรรทุกส่วนบุคคล,FOTON,eTUNLAND,1
2568,รถยนต์บรรทุกส่วนบุคคล,FOTON,E-VIEW CS2 CARGO,1
2568,รถยนต์บรรทุกส่วนบุคคล,GWM,POER,2
2568,รถยนต์บรรทุกส่วนบุคคล,GWM,POER SAHAR,1
2568,รถยนต์บรรทุกส่วนบุคคล,HIGER,H5F EV CARGO,2
2568,รถยนต์บรรทุกส่วนบุคคล,HINO,FC9JJ1A-CBAHF,1
2568,รถยนต์บรรทุกส่วนบุคคล,HINO,FG8JF1D-JGT,2
2568,รถยนต์บรรทุกส่วนบุคคล,HINO,FG8JF1D-JJT,1
2568,รถยนต์บรรทุกส่วนบุคคล,HINO,FG8JJ1A-JJT,11
2568,รถยนต์บรรทุกส่วนบุคคล,HINO,FM1AN1D-SHT,8
2568,รถยนต์บรรทุกส่วนบุคคล,HINO,FM8JN1D-SGT,7
2568,รถยนต์บรรทุกส่วนบุคคล,HINO,GY2PS1A-XHT,3
2568,รถยนต์บรรทุกส่วนบุคคล,HINO,XZU600R-HKMLKT3,128
2568,รถยนต์บรรทุกส่วนบุคคล,HINO,XZU600R-HKMQLT3,5
2568,รถยนต์บรรทุกส่วนบุคคล,HINO,XZU600R-WKMLST3,6
2568,รถยนต์บรรทุกส่วนบุคคล,HINO,XZU600R-WKTLST3,3
2568,รถยนต์บรรทุกส่วนบุคคล,HINO,XZU720R-HKTQL3,2
2568,รถยนต์บรรทุกส่วนบุคคล,HONDA,ACTY TRUCK,2
2568,รถยนต์บรรทุกส่วนบุคคล,ISUZU,D-MAX,24423
2568,รถยนต์บรรทุกส่วนบุคคล,ISUZU,FRR90HNXTB,2
2568,รถยนต์บรรทุกส่วนบุคคล,ISUZU,FRR90HSXFU,1
2568,รถยนต์บรรทุกส่วนบุคคล,ISUZU,FRR90LNXXB,3
2568,รถยนต์บรรทุกส่วนบุคคล,ISUZU,FTR34JXXXB,141
2568,รถยนต์บรรทุกส่วนบุคคล,ISUZU,FTR34LXXXB,96
2568,รถยนต์บรรทุกส่วนบุคคล,ISUZU,FTR34LXXXU,1
2568,รถยนต์บรรทุกส่วนบุคคล,ISUZU,FTR34QXXXB,3
2568,รถยนต์บรรทุกส่วนบุคคล,ISUZU,FTR34QXXXU,1
2568,รถยนต์บรรทุกส่วนบุคคล,ISUZU,FVM34QXXXB,2
2568,รถยนต์บรรทุกส่วนบุคคล,ISUZU,FVZ34QSDFU,3
2568,รถยนต์บรรทุกส่วนบุคคล,ISUZU,FVZ34QXDXB,54
2568,รถยนต์บรรทุกส่วนบุคคล,ISUZU,FVZ60QXDFB,5
2568,รถยนต์บรรทุกส่วนบุคคล,ISUZU,FXZ77QXDFB,4
2568,รถยนต์บรรทุกส่วนบุคคล,ISUZU,FXZ77QXDFV,6
2568,รถยนต์บรรทุกส่วนบุคคล,ISUZU,FXZ77QXDTV,1
2568,รถยนต์บรรทุกส่วนบุคคล,ISUZU,FYH77SXDFB,1
2568,รถยนต์บรรทุกส่วนบุคคล,ISUZU,NLR77EXXXW,21
2568,รถยนต์บรรทุกส่วนบุคคล,ISUZU,NLR85EXSXB,86
2568,รถยนต์บรรทุกส่วนบุคคล,ISUZU,NLR85EXXXB,1030
2568,รถยนต์บรรทุกส่วนบุคคล,ISUZU,NLR85EXXXU,201
2568,รถยนต์บรรทุกส่วนบุคคล,ISUZU,NMR85HXXFB,1
2568,รถยนต์บรรทุกส่วนบุคคล,ISUZU,NPR75HXXXB,12
2568,รถยนต์บรรทุกส่วนบุคคล,ISUZU,NPR75HXXXU,1
2568,รถยนต์บรรทุกส่วนบุคคล,ISUZU,NPR75KXXXB,1
2568,รถยนต์บรรทุกส่วนบุคคล,ISUZU,NQR75HXXXB,2
2568,รถยนต์บรรทุกส่วนบุคคล,ISUZU,NQR75HXXXU,3
2568,รถยนต์บรรทุกส่วนบุคคล,ISUZU,NQR75LXXXB,1
2568,รถยนต์บรรทุกส่วนบุคคล,ISUZU,RODEO S 3.0,1
2568,รถยนต์บรรทุกส่วนบุคคล,ISUZU,TFR54HPYC,1
2568,รถยนต์บรรทุกส่วนบุคคล,ISUZU,,2
2568,รถยนต์บรรทุกส่วนบุคคล,JAC,HFC1040EV3,67
2568,รถยนต์บรรทุกส่วนบุคคล,JIAYUAN,JY1320-ZLH,3
2568,รถยนต์บรรทุกส่วนบุคคล,JONWAY,IONAXS,2
2568,รถยนต์บรรทุกส่วนบุคคล,KING LONG,DRACON,20
2568,รถยนต์บรรทุกส่วนบุคคล,KING LONG,VENUS 3,15
2568,รถยนต์บรรทุกส่วนบุคคล,LINXYS,G100P-R,2
2568,รถยนต์บรรทุกส่วนบุคคล,MAN,TGS 33.480 6x4 BB CH,1
2568,รถยนต์บรรทุกส่วนบุคคล,MAZDA,MAZDA BT-50,46
2568,รถยนต์บรรทุกส่วนบุคคล,MAZDA,MAZDA BT50,1
2568,รถยนต์บรรทุกส่วนบุคคล,MERCEDES BENZ,SPRINTER 319 CDI,2
2568,รถยนต์บรรทุกส่วนบุคคล,MERCEDES BENZ,SPRINTER 519 CDI,2
2568,รถยนต์บรรทุกส่วนบุคคล,MERCEDES BENZ,VITO 116 CDI VAN EXTRA LO,1
2568,รถยนต์บรรทุกส่วนบุคคล,MG,MG EXTENDER,336
2568,รถยนต์บรรทุกส่วนบุคคล,MINE MOBILITY,MTS-MT30,10
2568,รถยนต์บรรทุกส่วนบุคคล,MITSUBISHI,KA5TNCNUERU,2
2568,รถยนต์บรรทุกส่วนบุคคล,MITSUBISHI,TRITON,4273
2568,รถยนต์บรรทุกส่วนบุคคล,NEOMOR,D01,8
2568,รถยนต์บรรทุกส่วนบุคคล,NEX,NPS,13
2568,รถยนต์บรรทุกส่วนบุคคล,NEXTEM,ORCA,5
2568,รถยนต์บรรทุกส่วนบุคคล,NISSAN,NAVARA,727
2568,รถยนต์บรรทุกส่วนบุคคล,RELY,Q22B 1.1L,1
2568,รถยนต์บรรทุกส่วนบุคคล,ROSENBAUER,AERIAL LADDER L64P,1
2568,รถยนต์บรรทุกส่วนบุคคล,ROSENBAUER,TURNTABLE LADDER L42A-XS,1
2568,รถยนต์บรรทุกส่วนบุคคล,ROSENBAUER,TURNTABLE LADDER L64,1
2568,รถยนต์บรรทุกส่วนบุคคล,SCANIA,8X4,1
2568,รถยนต์บรรทุกส่วนบุคคล,SCANIA,P 420 B6X4NZ,1
2568,รถยนต์บรรทุกส่วนบุคคล,SERES,EC31,9
2568,รถยนต์บรรทุกส่วนบุคคล,SOKON,EC31,1
2568,รถยนต์บรรทุกส่วนบุคคล,SOKON,EC35,17
2568,รถยนต์บรรทุกส่วนบุคคล,SRM,T3EV,1
2568,รถยนต์บรรทุกส่วนบุคคล,SUZUKI,AF416PUM14060,2
2568,รถยนต์บรรทุกส่วนบุคคล,SUZUKI,CARRY 1.5L MT,576
2568,รถยนต์บรรทุกส่วนบุคคล,TATA,INTRA V50 PICKUP VX CLB BS6,2
2568,รถยนต์บรรทุกส่วนบุคคล,TATA,SUPER ACE MINT,194
2568,รถยนต์บรรทุกส่วนบุคคล,TATA,XENON 2.1L CNG SC CLE HD,2
2568,รถยนต์บรรทุกส่วนบุคคล,TOYOTA,COMMUTER,113
2568,รถยนต์บรรทุกส่วนบุคคล,TOYOTA,GUN135R-CTFHXT,1
2568,รถยนต์บรรทุกส่วนบุคคล,TOYOTA,HIACE,163
2568,รถยนต์บรรทุกส่วนบุคคล,TOYOTA,HILUX CHAMP,8155
2568,รถยนต์บรรทุกส่วนบุคคล,TOYOTA,HILUX REVO,35314
2568,รถยนต์บรรทุกส่วนบุคคล,TOYOTA,"HILUX TIGER B-CAB / 2L,P/S",1
2568,รถยนต์บรรทุกส่วนบุคคล,TOYOTA,HILUX TRAVO,236
2568,รถยนต์บรรทุกส่วนบุคคล,TOYOTA,LAND CRUISER 79 PICK UP,2
2568,รถยนต์บรรทุกส่วนบุคคล,TOYOTA,LANDCRUISER SINGLE CAB LC79,1
2568,รถยนต์บรรทุกส่วนบุคคล,TOYOTA,,6
2568,รถยนต์บรรทุกส่วนบุคคล,UD TRUCKS,CWE08N43R280CSS9,4
2568,รถยนต์บรรทุกส่วนบุคคล,UD TRUCKS,CWE08N43R350CSS9,3
2568,รถยนต์บรรทุกส่วนบุคคล,UD TRUCKS,CWE11N43R370CSS9,3
2568,รถยนต์บรรทุกส่วนบุคคล,UD TRUCKS,CWE11N43R410CSSI,2
2568,รถยนต์บรรทุกส่วนบุคคล,UD TRUCKS,PKE250CELRM,7
2568,รถยนต์บรรทุกส่วนบุคคล,UD TRUCKS,PKE250CHLRA,5
2568,รถยนต์บรรทุกส่วนบุคคล,UD TRUCKS,PKE250CHLRM,19
2568,รถยนต์บรรทุกส่วนบุคคล,UD TRUCKS,PKE250HLRM,1
2568,รถยนต์บรรทุกส่วนบุคคล,VOLVO,FM1342R52420CLSI (EURO 5) CBU,1
2568,รถยนต์บรรทุกส่วนบุคคล,VOLVO,FM1364R49420CLSI-TH,1
2568,รถยนต์บรรทุกส่วนบุคคล,VOLVO,FM1364R52420CLSI,1
2568,รถยนต์บรรทุกส่วนบุคคล,VOLVO,FMX1364R56420CLHI,1
2568,รถยนต์บรรทุกส่วนบุคคล,WULING,E10,50
2568,รถยนต์บรรทุกส่วนบุคคล,YUCHAI,LZ1041L2ACT,1
2568,รถยนต์บรรทุกส่วนบุคคล,YUCHAI,NZ5161ZYSH,1
2568,รถยนต์บรรทุกส่วนบุคคล,YUCHAI,NZ5161ZYSR,3
2568,รถยนต์บรรทุกส่วนบุคคล,YUCHAI,NZ5162GSS,16
2568,รถยนต์บรรทุกส่วนบุคคล,ZIEGLER,Z6-FLF 80/125-15+250P,7
2568,รถยนต์บรรทุกส่วนบุคคล,ZXAUTO,FIREBRIGHT YDYX,2
2568,รถยนต์บรรทุกส่วนบุคคล,ZXAUTO,FP3B,1
2568,รถยนต์สามล้อส่วนบุคคล,ASM,ATT6,1
2568,รถยนต์สามล้อส่วนบุคคล,ASM,ATT6EV,1
2568,รถยนต์สามล้อส่วนบุคคล,BIZ NEX,NEX2.0,6
2568,รถยนต์สามล้อส่วนบุคคล,CR TUKTUK,CR,1
2568,รถยนต์สามล้อส่วนบุคคล,PANTHERA,Classic II,1
2568,รถยนต์สามล้อส่วนบุคคล,S.T.TUK TUK,ST,6
2568,รถยนต์สามล้อส่วนบุคคล,SAGASONIC,SA-31,1
2568,รถยนต์สามล้อส่วนบุคคล,SUMOTA,,40
2568,รถยนต์สามล้อส่วนบุคคล,TG TUKTUK,TG,2
2568,รถยนต์สามล้อส่วนบุคคล,TKI,002EV TUK TUK,4
2568,รถยนต์สามล้อส่วนบุคคล,TKI,003EV TUK TUK SCT,1
2568,รถยนต์สามล้อส่วนบุคคล,TKI,004EV TUK TUK,3
2568,รถยนต์รับจ้างบรรทุกคนโดยสารไม่เกิน 7 คน,AION,AION ES,559
2568,รถยนต์รับจ้างบรรทุกคนโดยสารไม่เกิน 7 คน,AION,AION V 602 LUXURY,1
2568,รถยนต์รับจ้างบรรทุกคนโดยสารไม่เกิน 7 คน,AION,AION Y PLUS,1042
2568,รถยนต์รับจ้างบรรทุกคนโดยสารไม่เกิน 7 คน,AION,AION Y PLUS 490 PREMIUM,123
2568,รถยนต์รับจ้างบรรทุกคนโดยสารไม่เกิน 7 คน,BYD,BYD M6 DYNAMIC,4
2568,รถยนต์รับจ้างบรรทุกคนโดยสารไม่เกิน 7 คน,BYD,BYD M6 EXTENDED,17
2568,รถยนต์รับจ้างบรรทุกคนโดยสารไม่เกิน 7 คน,BYD,E6,3
2568,รถยนต์รับจ้างบรรทุกคนโดยสารไม่เกิน 7 คน,ISUZU,MU-X,14
2568,รถยนต์รับจ้างบรรทุกคนโดยสารไม่เกิน 7 คน,JUNEYAO,JY AIR Plus,15
2568,รถยนต์รับจ้างบรรทุกคนโดยสารไม่เกิน 7 คน,JUNEYAO,JY AIR Standard,8
2568,รถยนต์รับจ้างบรรทุกคนโดยสารไม่เกิน 7 คน,MG,EP,1413
2568,รถยนต์รับจ้างบรรทุกคนโดยสารไม่เกิน 7 คน,MITSUBISHI,XPANDER CROSS HEV,1
2568,รถยนต์รับจ้างบรรทุกคนโดยสารไม่เกิน 7 คน,NISSAN,TERRA,2
2568,รถยนต์รับจ้างบรรทุกคนโดยสารไม่เกิน 7 คน,TOYOTA,COROLLA,1006
2568,รถยนต์รับจ้างบรรทุกคนโดยสารไม่เกิน 7 คน,TOYOTA,FORTUNER,57
2568,รถยนต์รับจ้างบรรทุกคนโดยสารไม่เกิน 7 คน,TOYOTA,INNOVA,2
2568,รถยนต์สี่ล้อเล็กรับจ้าง (โดยสารไม่เกิน 7 คน),DAIHATSU,HIJET TRUCK JUMBO EXTRA,1
2568,รถยนต์รับจ้างสามล้อ,PANTHERA,Classic 1,11
2568,รถยนต์บริการธุรกิจ,AION,AION V 602 LUXURY,2
2568,รถยนต์บริการธุรกิจ,AION,AION Y PLUS,59
2568,รถยนต์บริการธุรกิจ,BMW,740d M Sport,6
2568,รถยนต์บริการธุรกิจ,DEEPAL,L07,2
2568,รถยนต์บริการธุรกิจ,DEEPAL,L07 S,48
2568,รถยนต์บริการธุรกิจ,ISUZU,D-MAX,1
2568,รถยนต์บริการธุรกิจ,ISUZU,MU-X,110
2568,รถยนต์บริการธุรกิจ,JAECOO,6 EV Long Range 4WD,1
2568,รถยนต์บริการธุรกิจ,LEVC,TX5,1
2568,รถยนต์บริการธุรกิจ,MERCEDES BENZ,E 350 e,20
2568,รถยนต์บริการธุรกิจ,MERCEDES BENZ,EQS 450+,20
2568,รถยนต์บริการธุรกิจ,MG,MG4 ELECTRIC,3
2568,รถยนต์บริการธุรกิจ,MG,S5 EV,1
2568,รถยนต์บริการธุรกิจ,MITSUBISHI,PAJERO SPORT,12
2568,รถยนต์บริการธุรกิจ,MITSUBISHI,XPANDER CROSS HEV,4
2568,รถยนต์บริการธุรกิจ,MITSUBISHI,XPANDER HEV,4
2568,รถยนต์บริการธุรกิจ,TOYOTA,ALPHARD HYBRID Z,5
2568,รถยนต์บริการธุรกิจ,TOYOTA,CAMRY,85
2568,รถยนต์บริการธุรกิจ,TOYOTA,COROLLA,143
2568,รถยนต์บริการธุรกิจ,TOYOTA,COROLLA CROSS,3
2568,รถยนต์บริการธุรกิจ,TOYOTA,FORTUNER,29
2568,รถยนต์บริการธุรกิจ,TOYOTA,INNOVA,1
2568,รถยนต์บริการธุรกิจ,TOYOTA,VOXY HYBRID S-Z,1
2568,รถยนต์บริการทัศนาจร,AION,AION UT 420 STANDARD,1
2568,รถยนต์บริการทัศนาจร,AION,AION V 602 LUXURY,1
2568,รถยนต์บริการทัศนาจร,AION,AION Y PLUS,6
2568,รถยนต์บริการทัศนาจร,BMW,740d M Sport,10
2568,รถยนต์บริการทัศนาจร,BMW,750e xDrive M Sport,8
2568,รถยนต์บริการทัศนาจร,BMW,i7 xDrive60 Limousine RHD,5
2568,รถยนต์บริการทัศนาจร,BYD,BYD ATTO3 (410KM-PREMIUM),1
2568,รถยนต์บริการทัศนาจร,BYD,BYD ATTO3 (480KM-EXT),3
2568,รถยนต์บริการทัศนาจร,DEEPAL,L07,4
2568,รถยนต์บริการทัศนาจร,DEEPAL,S07,4
2568,รถยนต์บริการทัศนาจร,FORD,EVEREST,2
2568,รถยนต์บริการทัศนาจร,GWM,GWM TANK 300,1
2568,รถยนต์บริการทัศนาจร,ISUZU,MU-X,149
2568,รถยนต์บริการทัศนาจร,JAECOO,5 EV Long Range Dynamic,5
2568,รถยนต์บริการทัศนาจร,JAECOO,5 EV Long Range Max,2
2568,รถยนต์บริการทัศนาจร,JUNEYAO,JY AIR Plus,1
2568,รถยนต์บริการทัศนาจร,MERCEDES BENZ,E 220 d,2
2568,รถยนต์บริการทัศนาจร,MERCEDES BENZ,S 350 d,1
2568,รถยนต์บริการทัศนาจร,MG,EP,24
2568,รถยนต์บริการทัศนาจร,MG,MAXUS 7,2
2568,รถยนต์บริการทัศนาจร,MG,MG4 ELECTRIC,8
2568,รถยนต์บริการทัศนาจร,MG,S5 EV,2
2568,รถยนต์บริการทัศนาจร,MG,ZS EV,1
2568,รถยนต์บริการทัศนาจร,MITSUBISHI,PAJERO SPORT,4
2568,รถยนต์บริการทัศนาจร,MITSUBISHI,XFORCE HEV,1
2568,รถยนต์บริการทัศนาจร,MITSUBISHI,XPANDER CROSS HEV,12
2568,รถยนต์บริการทัศนาจร,MITSUBISHI,XPANDER HEV,11
2568,รถยนต์บริการทัศนาจร,NISSAN,TERRA,1
2568,รถยนต์บริการทัศนาจร,TOYOTA,ALPHARD,1
2568,รถยนต์บริการทัศนาจร,TOYOTA,ALPHARD 2.5 HYBRID Z,1
2568,รถยนต์บริการทัศนาจร,TOYOTA,ALPHARD HYBRID Z,1
2568,รถยนต์บริการทัศนาจร,TOYOTA,CAMRY,69
2568,รถยนต์บริการทัศนาจร,TOYOTA,COROLLA,57
2568,รถยนต์บริการทัศนาจร,TOYOTA,COROLLA CROSS,41
2568,รถยนต์บริการทัศนาจร,TOYOTA,FORTUNER,66
2568,รถยนต์บริการทัศนาจร,TOYOTA,HILUX REVO,10
2568,รถยนต์บริการทัศนาจร,TOYOTA,INNOVA,3
2568,รถยนต์บริการทัศนาจร,TOYOTA,VELLFIRE 2.5 HYBRID Z PREMIER,1
2568,รถยนต์บริการให้เช่า,DENZA,DENZA D9 FWD,2
2568,รถยนต์บริการให้เช่า,MERCEDES BENZ,E 220 d,2
2568,รถยนต์บริการให้เช่า,TOYOTA,ALPHARD,1
2568,รถยนต์บริการให้เช่า,TOYOTA,"ALPHARD 2.5S ""TYPE GOLD""",1
2568,รถยนต์บริการให้เช่า,TOYOTA,CAMRY,5
2568,รถจักรยานยนต์,AIMA,A500,6
2568,รถจักรยานยนต์,AIMA,U1-2,3
2568,รถจักรยานยนต์,AJ,BEATS,214
2568,รถจักรยานยนต์,AJ,C-LIKE,176
2568,รถจักรยานยนต์,AJ,C-LION,414
2568,รถจักรยานยนต์,AJ,GODDESS,152
2568,รถจักรยานยนต์,AJ,MINE PLUS,8
2568,รถจักรยานยนต์,AJ,NCV,6
2568,รถจักรยานยนต์,AJ,Q5,2
2568,รถจักรยานยนต์,AJ,RAYMAN,38
2568,รถจักรยานยนต์,AJ,SABER TIGER,114
2568,รถจักรยานยนต์,AJ,TAURUS,83
2568,รถจักรยานยนต์,AJ,Z3,1
2568,รถจักรยานยนต์,ALPHA VOLANTIS,HORIZON 150A,108
2568,รถจักรยานยนต์,ALPHA VOLANTIS,HORIZON 300A,46
2568,รถจักรยานยนต์,APRILIA,RS 660,1
2568,รถจักรยานยนต์,APRILIA,RSV4 1100 FACTORY,2
2568,รถจักรยานยนต์,APRILIA,RSV4 FACTORY,1
2568,รถจักรยานยนต์,APRILIA,RSV4 RR,1
2568,รถจักรยานยนต์,APRILIA,SR GT 200,119
2568,รถจักรยานยนต์,APRILIA,SR GT 200 SPORT,114
2568,รถจักรยานยนต์,APRILIA,TUONO V4 FACTORY,1
2568,รถจักรยานยนต์,ARIIC,GEMMA 125,37
2568,รถจักรยานยนต์,BAJAJ,CHETAK 2413 PREMIUM,1
2568,รถจักรยานยนต์,BAJAJ,Dominar D 400,18
2568,รถจักรยานยนต์,BAJAJ,DOMINAR D250,11
2568,รถจักรยานยนต์,BAJAJ,Pulsar RS 200,1
2568,รถจักรยานยนต์,BAJAJ,PULSAR NS 160,5
2568,รถจักรยานยนต์,BAJAJ,PULSAR NS 200,8
2568,รถจักรยานยนต์,BENELLI,302R,1
2568,รถจักรยานยนต์,BENELLI,IMPERIALE 400,6
2568,รถจักรยานยนต์,BENELLI,LEONCINO 250,3
2568,รถจักรยานยนต์,BENELLI,LEONCINO 500,1
2568,รถจักรยานยนต์,BENELLI,TNT135,13
2568,รถจักรยานยนต์,BENELLI,TNT25,3
2568,รถจักรยานยนต์,BENELLI,TNT300S,1
2568,รถจักรยานยนต์,BENELLI,TNT600GT,1
2568,รถจักรยานยนต์,BENELLI,TNT899,1
2568,รถจักรยานยนต์,BENELLI,TRK251,2
2568,รถจักรยานยนต์,BENELLI,TRK502 ABS,1
2568,รถจักรยานยนต์,BENELLI,TRK502X ABS,38
2568,รถจักรยานยนต์,BMW,C 400 GT,157
2568,รถจักรยานยนต์,BMW,C 400 X,1
2568,รถจักรยานยนต์,BMW,C 650 Sport US,1
2568,รถจักรยานยนต์,BMW,CE 02,17
2568,รถจักรยานยนต์,BMW,CE 04,3
2568,รถจักรยานยนต์,BMW,F 850 GS,3
2568,รถจักรยานยนต์,BMW,F 850 GS Adventure,2
2568,รถจักรยานยนต์,BMW,F 900 GS,30
2568,รถจักรยานยนต์,BMW,F 900 GS Adventure,49
2568,รถจักรยานยนต์,BMW,F 900 R,6
2568,รถจักรยานยนต์,BMW,F 900 XR,20
2568,รถจักรยานยนต์,BMW,G 310 GS,1
2568,รถจักรยานยนต์,BMW,G 310 R,6
2568,รถจักรยานยนต์,BMW,K 1600 B,2
2568,รถจักรยานยนต์,BMW,K 1600 GT,2
2568,รถจักรยานยนต์,BMW,K 1600 GTL,1
2568,รถจักรยานยนต์,BMW,M 1000 R,1
2568,รถจักรยานยนต์,BMW,R 12,10
2568,รถจักรยานยนต์,BMW,R 12 nineT,43
2568,รถจักรยานยนต์,BMW,R 12 S,12
2568,รถจักรยานยนต์,BMW,R 1250 GS,7
2568,รถจักรยานยนต์,BMW,R 1250 GS Adventure,146
2568,รถจักรยานยนต์,BMW,R 1250 RT,12
2568,รถจักรยานยนต์,BMW,R 1300 GS,178
2568,รถจักรยานยนต์,BMW,R 1300 GS Adventure,192
2568,รถจักรยานยนต์,BMW,R 18,5
2568,รถจักรยานยนต์,BMW,R 18 B,6
2568,รถจักรยานยนต์,BMW,R 18 Classic,1
2568,รถจักรยานยนต์,BMW,R 18 Roctane,6
2568,รถจักรยานยนต์,BMW,R 18 Transcontinental,1
2568,รถจักรยานยนต์,BMW,R nineT,3
2568,รถจักรยานยนต์,BMW,R nineT Pure,1
2568,รถจักรยานยนต์,BMW,R nineT Pure US,1
2568,รถจักรยานยนต์,BMW,R nineT Scrambler,2
2568,รถจักรยานยนต์,BMW,R nineT Urban G/S,5
2568,รถจักรยานยนต์,BMW,R nineT Urban G/S US,1
2568,รถจักรยานยนต์,BMW,R18,7
2568,รถจักรยานยนต์,BMW,R18 B,6
2568,รถจักรยานยนต์,BMW,R18 Classic,1
2568,รถจักรยานยนต์,BMW,R18 Transcontinental,7
2568,รถจักรยานยนต์,BMW,S 1000 R,1
2568,รถจักรยานยนต์,BMW,S 1000 RR,77
2568,รถจักรยานยนต์,CAKE,MAKKA,2
2568,รถจักรยานยนต์,CAKE,OSA,2
2568,รถจักรยานยนต์,CF,250NK ABS,2
2568,รถจักรยานยนต์,CINECO,ES5,20
2568,รถจักรยานยนต์,CINECO,T3,22
2568,รถจักรยานยนต์,CYCLONE,MINI PANDA,21
2568,รถจักรยานยนต์,CYCLONE,RA401,19
2568,รถจักรยานยนต์,CYCLONE,RE3,4
2568,รถจักรยานยนต์,CYCLONE,RT1,88
2568,รถจักรยานยนต์,CYCLONE,RT2,4
2568,รถจักรยานยนต์,DECO,CJDS60,746
2568,รถจักรยานยนต์,DECO,DOUBLEACE,245
2568,รถจักรยานยนต์,DECO,DX30,2
2568,รถจักรยานยนต์,DECO,Ekon,8
2568,รถจักรยานยนต์,DECO,G-FIVE,263
2568,รถจักรยานยนต์,DECO,Hannah,2747
2568,รถจักรยานยนต์,DECO,Luciano,1763
2568,รถจักรยานยนต์,DECO,Max One,5
2568,รถจักรยานยนต์,DECO,Purra,3
2568,รถจักรยานยนต์,DECO,Sally,2
2568,รถจักรยานยนต์,DECO,Super Ace,757
2568,รถจักรยานยนต์,DECO,SUSU,189
2568,รถจักรยานยนต์,DECO,VIGOR,1455
2568,รถจักรยานยนต์,DUCATI,Desert X,18
2568,รถจักรยานยนต์,DUCATI,Desert X Rally,12
2568,รถจักรยานยนต์,DUCATI,Diavel V4,9
2568,รถจักรยานยนต์,DUCATI,HYPER821,1
2568,รถจักรยานยนต์,DUCATI,HYPERMOTARD 698 MONO,5
2568,รถจักรยานยนต์,DUCATI,HYPERMOTARD 698 MONO RVE,34
2568,รถจักรยานยนต์,DUCATI,HYPERMOTARD 950,2
2568,รถจักรยานยนต์,DUCATI,HYPERMOTARD 950 RVE,7
2568,รถจักรยานยนต์,DUCATI,HYPERMOTARD 950 SP,3
2568,รถจักรยานยนต์,DUCATI,Monster SP,3
2568,รถจักรยานยนต์,DUCATI,MONSTER,41
2568,รถจักรยานยนต์,DUCATI,MONSTER 30 ANNIVERSARIO,3
2568,รถจักรยานยนต์,DUCATI,MONSTER PLUS,3
2568,รถจักรยานยนต์,DUCATI,Multistrada V2 S,3
2568,รถจักรยานยนต์,DUCATI,Multistrada V4 Pikes Peak,1
2568,รถจักรยานยนต์,DUCATI,Multistrada V4 RS,2
2568,รถจักรยานยนต์,DUCATI,MULTISTRADA V4 RALLY,7
2568,รถจักรยานยนต์,DUCATI,MULTISTRADA V4 S,2
2568,รถจักรยานยนต์,DUCATI,Panigale V2 Final Edition,1
2568,รถจักรยานยนต์,DUCATI,Panigale V4 Replica Bagnaia,1
2568,รถจักรยานยนต์,DUCATI,Panigale V4 SP2,4
2568,รถจักรยานยนต์,DUCATI,PANIGALE V2,7
2568,รถจักรยานยนต์,DUCATI,PANIGALE V4 S,9
2568,รถจักรยานยนต์,DUCATI,PANIGALE V4 SPECIALE,1
2568,รถจักรยานยนต์,DUCATI,SCRAMBLER 1100 DARK PRO,1
2568,รถจักรยานยนต์,DUCATI,SCRAMBLER 1100 TB PRO,1
2568,รถจักรยานยนต์,DUCATI,SCRAMBLER CR,1
2568,รถจักรยานยนต์,DUCATI,SCRAMBLER FULLTHROTTLE 2G,13
2568,รถจักรยานยนต์,DUCATI,SCRAMBLER ICON,2
2568,รถจักรยานยนต์,DUCATI,SCRAMBLER ICON 2G,14
2568,รถจักรยานยนต์,DUCATI,SCRAMBLER ICON DARK,6
2568,รถจักรยานยนต์,DUCATI,SCRAMBLER NIGHTSHIFT 2G,9
2568,รถจักรยานยนต์,DUCATI,Streetfighter V2,6
2568,รถจักรยานยนต์,DUCATI,STREETFIGHTER V4,4
2568,รถจักรยานยนต์,DUCATI,STREETFIGHTER V4 LAMBO,1
2568,รถจักรยานยนต์,DUCATI,STREETFIGHTER V4 S,6
2568,รถจักรยานยนต์,DUCATI,STREETFIGHTER V4 SP,1
2568,รถจักรยานยนต์,DUCATI,STREETFIGHTER V4 SUPREME,1
2568,รถจักรยานยนต์,DUCATI,SUPERSPORT 950,3
2568,รถจักรยานยนต์,DUCATI,XDiavel Nera,1
2568,รถจักรยานยนต์,ECOOTER,ELONE2,5
2568,รถจักรยานยนต์,EM,ENZO,517
2568,รถจักรยานยนต์,EM,LEGEND,2455
2568,รถจักรยานยนต์,EM,LEGEND PRO,1316
2568,รถจักรยานยนต์,EM,MILANO,29
2568,รถจักรยานยนต์,EM,OWEN,455
2568,รถจักรยานยนต์,EM,QAREZ,872
2568,รถจักรยานยนต์,EVTRON,WIND,1
2568,รถจักรยานยนต์,FELQ,FW03,29
2568,รถจักรยานยนต์,FELQ,FW07 SPORT,22
2568,รถจักรยานยนต์,GPX,200VT0302CS,10
2568,รถจักรยานยนต์,GPX,COUNTRY125,4
2568,รถจักรยานยนต์,GPX,CR5,8
2568,รถจักรยานยนต์,GPX,DEMON,12
2568,รถจักรยานยนต์,GPX,DEMON GR200R,6
2568,รถจักรยานยนต์,GPX,DEMON GR200RDACORSA2,173
2568,รถจักรยานยนต์,GPX,DEMON-150GN,2
2568,รถจักรยานยนต์,GPX,DEMON-150GR,1
2568,รถจักรยานยนต์,GPX,DEMON-150GR LUXURY,1
2568,รถจักรยานยนต์,GPX,DEMON-150GR SPORT,1
2568,รถจักรยานยนต์,GPX,DEMON-X,7
2568,รถจักรยานยนต์,GPX,DEMON150-GR Fi,3
2568,รถจักรยานยนต์,GPX,DP125,1
2568,รถจักรยานยนต์,GPX,DRONE KEYLESS,613
2568,รถจักรยานยนต์,GPX,DRONE KEYLESS-S,486
2568,รถจักรยานยนต์,GPX,DRONE STANDARD,113
2568,รถจักรยานยนต์,GPX,DZ2,79
2568,รถจักรยานยนต์,GPX,DZ3,273
2568,รถจักรยานยนต์,GPX,DZ3 Sport,3942
2568,รถจักรยานยนต์,GPX,LEGEND-GENTLEMAN,25
2568,รถจักรยานยนต์,GPX,LEGEND150,8
2568,รถจักรยานยนต์,GPX,LEGEND200-A1,6
2568,รถจักรยานยนต์,GPX,LEGEND250 TWIN,6
2568,รถจักรยานยนต์,GPX,LEGEND250 TWIN II,4
2568,รถจักรยานยนต์,GPX,LEGEND250 TWIN III,177
2568,รถจักรยานยนต์,GPX,MAD300,4
2568,รถจักรยานยนต์,GPX,NEW DEMON GR200R,36
2568,รถจักรยานยนต์,GPX,POPZ,12
2568,รถจักรยานยนต์,GPX,POPZ 110,234
2568,รถจักรยานยนต์,GPX,RAZER,2
2568,รถจักรยานยนต์,GPX,ROCK Classic,524
2568,รถจักรยานยนต์,GPX,ROCK Elegance,5
2568,รถจักรยานยนต์,GPX,ROCK Racing,3
2568,รถจักรยานยนต์,GPX,ROCK Sport,3
2568,รถจักรยานยนต์,GPX,RZ180 Raptor,3
2568,รถจักรยานยนต์,GPX,THUNDER125,1
2568,รถจักรยานยนต์,GPX,Tuscany150 Keyless,938
2568,รถจักรยานยนต์,GPX,Tuscany150 Keyset,30
2568,รถจักรยานยนต์,H SEM,CIAO,2
2568,รถจักรยานยนต์,H SEM,LAZER,148
2568,รถจักรยานยนต์,H SEM,MOBILA G,128
2568,รถจักรยานยนต์,H SEM,WINGS G,215
2568,รถจักรยานยนต์,HANWAY,HC 150,1
2568,รถจักรยานยนต์,HANWAY,HS 150,2
2568,รถจักรยานยนต์,HANWAY,RAW150,5
2568,รถจักรยานยนต์,HANWAY,Scrambler250,1
2568,รถจักรยานยนต์,HAONAIQI,LION-Q1,25
2568,รถจักรยานยนต์,HAONAIQI,LION-Q1 PLUS,1
2568,รถจักรยานยนต์,HAONAIQI,LION-Q1 SMART,84
2568,รถจักรยานยนต์,HAONAIQI,LION-Q2,123
2568,รถจักรยานยนต์,HARLEY DAVIDSON,ELECTRA GLIDE POLICE,3
2568,รถจักรยานยนต์,HARLEY DAVIDSON,FATBOY,2
2568,รถจักรยานยนต์,HARLEY DAVIDSON,FLFB,4
2568,รถจักรยานยนต์,HARLEY DAVIDSON,FLFBS,65
2568,รถจักรยานยนต์,HARLEY DAVIDSON,FLH,5
2568,รถจักรยานยนต์,HARLEY DAVIDSON,FLHCS,33
2568,รถจักรยานยนต์,HARLEY DAVIDSON,FLHCSANV,2
2568,รถจักรยานยนต์,HARLEY DAVIDSON,FLHFB,5
2568,รถจักรยานยนต์,HARLEY DAVIDSON,FLHP,2
2568,รถจักรยานยนต์,HARLEY DAVIDSON,FLHRXS,51
2568,รถจักรยานยนต์,HARLEY DAVIDSON,FLHTK,29
2568,รถจักรยานยนต์,HARLEY DAVIDSON,FLHTKANV,1
2568,รถจักรยานยนต์,HARLEY DAVIDSON,FLHTP,5
2568,รถจักรยานยนต์,HARLEY DAVIDSON,FLHX,196
2568,รถจักรยานยนต์,HARLEY DAVIDSON,FLHXS,13
2568,รถจักรยานยนต์,HARLEY DAVIDSON,FLHXSE,6
2568,รถจักรยานยนต์,HARLEY DAVIDSON,FLHXST,14
2568,รถจักรยานยนต์,HARLEY DAVIDSON,FLHXU,2
2568,รถจักรยานยนต์,HARLEY DAVIDSON,FLI,13
2568,รถจักรยานยนต์,HARLEY DAVIDSON,FLSB,34
2568,รถจักรยานยนต์,HARLEY DAVIDSON,FLSTC,2
2568,รถจักรยานยนต์,HARLEY DAVIDSON,FLSTFI,5
2568,รถจักรยานยนต์,HARLEY DAVIDSON,FLSTN,1
2568,รถจักรยานยนต์,HARLEY DAVIDSON,FLSTS,5
2568,รถจักรยานยนต์,HARLEY DAVIDSON,FLSTSI,5
2568,รถจักรยานยนต์,HARLEY DAVIDSON,FLTRKSE,1
2568,รถจักรยานยนต์,HARLEY DAVIDSON,FLTRKSEANV,1
2568,รถจักรยานยนต์,HARLEY DAVIDSON,FLTRX,364
2568,รถจักรยานยนต์,HARLEY DAVIDSON,FLTRXRRSE,1
2568,รถจักรยานยนต์,HARLEY DAVIDSON,FLTRXS,6
2568,รถจักรยานยนต์,HARLEY DAVIDSON,FLTRXSE,23
2568,รถจักรยานยนต์,HARLEY DAVIDSON,FLTRXST,28
2568,รถจักรยานยนต์,HARLEY DAVIDSON,FLTRXSTSE,37
2568,รถจักรยานยนต์,HARLEY DAVIDSON,FXBB,3
2568,รถจักรยานยนต์,HARLEY DAVIDSON,FXBBS,56
2568,รถจักรยานยนต์,HARLEY DAVIDSON,FXBR,35
2568,รถจักรยานยนต์,HARLEY DAVIDSON,FXBRS,7
2568,รถจักรยานยนต์,HARLEY DAVIDSON,FXD,5
2568,รถจักรยานยนต์,HARLEY DAVIDSON,FXDB,4
2568,รถจักรยานยนต์,HARLEY DAVIDSON,FXDL,5
2568,รถจักรยานยนต์,HARLEY DAVIDSON,FXDLS,1
2568,รถจักรยานยนต์,HARLEY DAVIDSON,FXDP,2
2568,รถจักรยานยนต์,HARLEY DAVIDSON,FXDS,4
2568,รถจักรยานยนต์,HARLEY DAVIDSON,FXDX,1
2568,รถจักรยานยนต์,HARLEY DAVIDSON,FXDXT,2
2568,รถจักรยานยนต์,HARLEY DAVIDSON,FXFBS,17
2568,รถจักรยานยนต์,HARLEY DAVIDSON,FXLRS,37
2568,รถจักรยานยนต์,HARLEY DAVIDSON,FXLRST,202
2568,รถจักรยานยนต์,HARLEY DAVIDSON,FXR,5
2568,รถจักรยานยนต์,HARLEY DAVIDSON,FXR3,3
2568,รถจักรยานยนต์,HARLEY DAVIDSON,FXRL,2
2568,รถจักรยานยนต์,HARLEY DAVIDSON,FXRP,5
2568,รถจักรยานยนต์,HARLEY DAVIDSON,FXRS,5
2568,รถจักรยานยนต์,HARLEY DAVIDSON,FXRT,1
2568,รถจักรยานยนต์,HARLEY DAVIDSON,FXST,70
2568,รถจักรยานยนต์,HARLEY DAVIDSON,FXSTS,5
2568,รถจักรยานยนต์,HARLEY DAVIDSON,FXSTSB,6
2568,รถจักรยานยนต์,HARLEY DAVIDSON,HIGHWAY KING,3
2568,รถจักรยานยนต์,HARLEY DAVIDSON,RA1250,1
2568,รถจักรยานยนต์,HARLEY DAVIDSON,RA1250S,7
2568,รถจักรยานยนต์,HARLEY DAVIDSON,RA1250ST,1
2568,รถจักรยานยนต์,HARLEY DAVIDSON,RH1250S,94
2568,รถจักรยานยนต์,HARLEY DAVIDSON,RH975,29
2568,รถจักรยานยนต์,HARLEY DAVIDSON,RH975S,14
2568,รถจักรยานยนต์,HARLEY DAVIDSON,ROAD GLIDE,5
2568,รถจักรยานยนต์,HARLEY DAVIDSON,ROAD GLIDE CVO,1
2568,รถจักรยานยนต์,HARLEY DAVIDSON,ROAD GLIDE CVO ST,5
2568,รถจักรยานยนต์,HARLEY DAVIDSON,ROAD GLIDE SPECIAL,2
2568,รถจักรยานยนต์,HARLEY DAVIDSON,SOFTAIL BADBOY,1
2568,รถจักรยานยนต์,HARLEY DAVIDSON,SOFTAIL SPRINGER CLASSIC,2
2568,รถจักรยานยนต์,HARLEY DAVIDSON,SPRINGER CLASSIC,2
2568,รถจักรยานยนต์,HARLEY DAVIDSON,SPRINGER SOFTAIL,1
2568,รถจักรยานยนต์,HARLEY DAVIDSON,XL1200X,2
2568,รถจักรยานยนต์,HONDA,ADV150,4
2568,รถจักรยานยนต์,HONDA,ADV160,19761
2568,รถจักรยานยนต์,HONDA,ADV350,6637
2568,รถจักรยานยนต์,HONDA,BENLY e,200
2568,รถจักรยานยนต์,HONDA,C125,1771
2568,รถจักรยานยนต์,HONDA,CB1000 HORNET,7
2568,รถจักรยานยนต์,HONDA,CB1000R,2
2568,รถจักรยานยนต์,HONDA,CB1300 SUPER FOUR,25
2568,รถจักรยานยนต์,HONDA,CB150R,431
2568,รถจักรยานยนต์,HONDA,CB300F,7
2568,รถจักรยานยนต์,HONDA,CB300FA,4
2568,รถจักรยานยนต์,HONDA,CB300R,88
2568,รถจักรยานยนต์,HONDA,CB500 HORNET,28
2568,รถจักรยานยนต์,HONDA,CB500F,3
2568,รถจักรยานยนต์,HONDA,CB500FA,1
2568,รถจักรยานยนต์,HONDA,CB500X,3
2568,รถจักรยานยนต์,HONDA,CB650R,136
2568,รถจักรยานยนต์,HONDA,CB750 HORNET,3
2568,รถจักรยานยนต์,HONDA,CBR1000RR-R SP,29
2568,รถจักรยานยนต์,HONDA,CBR150R,878
2568,รถจักรยานยนต์,HONDA,CBR250R,1
2568,รถจักรยานยนต์,HONDA,CBR250RR,42
2568,รถจักรยานยนต์,HONDA,CBR300R,12
2568,รถจักรยานยนต์,HONDA,CBR300RA,44
2568,รถจักรยานยนต์,HONDA,CBR500R,259
2568,รถจักรยานยนต์,HONDA,CBR500RA,3
2568,รถจักรยานยนต์,HONDA,CBR600RR,10
2568,รถจักรยานยนต์,HONDA,CBR650R,229
2568,รถจักรยานยนต์,HONDA,CL300,460
2568,รถจักรยานยนต์,HONDA,CL500,189
2568,รถจักรยานยนต์,HONDA,CLICK I,1
2568,รถจักรยานยนต์,HONDA,CLICK125,20095
2568,รถจักรยานยนต์,HONDA,CLICK125I,18
2568,รถจักรยานยนต์,HONDA,CLICK150I,7
2568,รถจักรยานยนต์,HONDA,CLICK160,67435
2568,รถจักรยานยนต์,HONDA,CRF1100D4,3
2568,รถจักรยานยนต์,HONDA,CRF1100L AFRICA TWIN,41
2568,รถจักรยานยนต์,HONDA,CRF250L,1
2568,รถจักรยานยนต์,HONDA,CRF250M,3
2568,รถจักรยานยนต์,HONDA,CRF250RALLY,2
2568,รถจักรยานยนต์,HONDA,CRF300L,5720
2568,รถจักรยานยนต์,HONDA,CRF300RALLY,400
2568,รถจักรยานยนต์,HONDA,CRF450RL,13
2568,รถจักรยานยนต์,HONDA,CT125,3376
2568,รถจักรยานยนต์,HONDA,CUV e:,300
2568,รถจักรยานยนต์,HONDA,DAX125,1432
2568,รถจักรยานยนต์,HONDA,DREAM,2
2568,รถจักรยานยนต์,HONDA,FORZA,8
2568,รถจักรยานยนต์,HONDA,FORZA350,37620
2568,รถจักรยานยนต์,HONDA,FORZA750,561
2568,รถจักรยานยนต์,HONDA,GIORNO +,922
2568,รถจักรยานยนต์,HONDA,GIORNO+,220560
2568,รถจักรยานยนต์,HONDA,GOLDWING TOUR,32
2568,รถจักรยานยนต์,HONDA,GROM,568
2568,รถจักรยานยนต์,HONDA,ICON,1
2568,รถจักรยานยนต์,HONDA,LEAD125,72534
2568,รถจักรยานยนต์,HONDA,MONKEY,4077
2568,รถจักรยานยนต์,HONDA,MOOVE,3
2568,รถจักรยานยนต์,HONDA,MSX GROM,48
2568,รถจักรยานยนต์,HONDA,MSX125,2
2568,รถจักรยานยนต์,HONDA,MSX125SF,11
2568,รถจักรยานยนต์,HONDA,NC750X,37
2568,รถจักรยานยนต์,HONDA,NT1100,61
2568,รถจักรยานยนต์,HONDA,NX500,1567
2568,รถจักรยานยนต์,HONDA,PCX150,3
2568,รถจักรยานยนต์,HONDA,PCX160,141406
2568,รถจักรยานยนต์,HONDA,PHANTOM,1
2568,รถจักรยานยนต์,HONDA,rebel300,478
2568,รถจักรยานยนต์,HONDA,rebel500,324
2568,รถจักรยานยนต์,HONDA,REBEL,230
2568,รถจักรยานยนต์,HONDA,REPSOL,1
2568,รถจักรยานยนต์,HONDA,SCOOPY,150167
2568,รถจักรยานยนต์,HONDA,SCOOPY I,14
2568,รถจักรยานยนต์,HONDA,SH150I,6
2568,รถจักรยานยนต์,HONDA,SPACY I,2
2568,รถจักรยานยนต์,HONDA,SUPER CUB,13649
2568,รถจักรยานยนต์,HONDA,WAVE100,2
2568,รถจักรยานยนต์,HONDA,WAVE100S,1
2568,รถจักรยานยนต์,HONDA,WAVE110I,386921
2568,รถจักรยานยนต์,HONDA,WAVE125,58562
2568,รถจักรยานยนต์,HONDA,WAVE125I,180744
2568,รถจักรยานยนต์,HONDA,WAVEZ,1
2568,รถจักรยานยนต์,HONDA,X-ADV,869
2568,รถจักรยานยนต์,HONDA,XL750 TRANSALP,164
2568,รถจักรยานยนต์,HONDA,ZOOMER-X,65
2568,รถจักรยานยนต์,HONDA,,241
2568,รถจักรยานยนต์,HUSQVARNA,FE 350,2
2568,รถจักรยานยนต์,HUSQVARNA,NORDEN 901,14
2568,รถจักรยานยนต์,HUSQVARNA,SVARTPILEN 200,2
2568,รถจักรยานยนต์,HUSQVARNA,SVARTPILEN 401,12
2568,รถจักรยานยนต์,HUSQVARNA,VITPILEN 401,1
2568,รถจักรยานยนต์,I-MOTOR,THUNDER,340
2568,รถจักรยานยนต์,I-MOTOR,VAPOR,396
2568,รถจักรยานยนต์,INDIAN MOTORCYCLE,101 SCOUT,9
2568,รถจักรยานยนต์,INDIAN MOTORCYCLE,CHIEF BOBBER DARK HORSE,1
2568,รถจักรยานยนต์,INDIAN MOTORCYCLE,SCOUT,1
2568,รถจักรยานยนต์,INDIAN MOTORCYCLE,SCOUT BOBBER,12
2568,รถจักรยานยนต์,INDIAN MOTORCYCLE,SCOUT BOBBER LIMITED + TECH,13
2568,รถจักรยานยนต์,INDIAN MOTORCYCLE,SCOUT CLASSIC,3
2568,รถจักรยานยนต์,INDIAN MOTORCYCLE,SPORT CHIEF,1
2568,รถจักรยานยนต์,INDIAN MOTORCYCLE,SPORT SCOUT  LIMITED + TECH,3
2568,รถจักรยานยนต์,INDIAN MOTORCYCLE,SPRINGFIELD,1
2568,รถจักรยานยนต์,ISO,UNO-X,15
2568,รถจักรยานยนต์,ITALJET,DRAGSTER 300,112
2568,รถจักรยานยนต์,JINYI,TRENDY,61
2568,รถจักรยานยนต์,JRD,TORNADO JTR 150,1
2568,รถจักรยานยนต์,KAVALLO,EASY WATT,91
2568,รถจักรยานยนต์,KAVALLO,MINI SCOOTER,8
2568,รถจักรยานยนต์,KAVALLO,VESPAL,35
2568,รถจักรยานยนต์,KAWASAKI,AN130B,1
2568,รถจักรยานยนต์,KAWASAKI,BR125GHF,1
2568,รถจักรยานยนต์,KAWASAKI,D-TRACKER 125,2
2568,รถจักรยานยนต์,KAWASAKI,D-TRACKER 150,2
2568,รถจักรยานยนต์,KAWASAKI,D-TRACKER X,2
2568,รถจักรยานยนต์,KAWASAKI,ELIMINATOR 400,60
2568,รถจักรยานยนต์,KAWASAKI,ELIMINATOR 400 SE,11
2568,รถจักรยานยนต์,KAWASAKI,KL110EFFA,2
2568,รถจักรยานยนต์,KAWASAKI,KLR650,46
2568,รถจักรยานยนต์,KAWASAKI,KLR650 ABS,6
2568,รถจักรยานยนต์,KAWASAKI,KLR650 ABS ADVENTURE,11
2568,รถจักรยานยนต์,KAWASAKI,KLR650 ADVENTURE,15
2568,รถจักรยานยนต์,KAWASAKI,KLX 125,1
2568,รถจักรยานยนต์,KAWASAKI,KLX150BF,1
2568,รถจักรยานยนต์,KAWASAKI,KLX230,84
2568,รถจักรยานยนต์,KAWASAKI,KLX230 ABS SE,3
2568,รถจักรยานยนต์,KAWASAKI,KLX230 S,16
2568,รถจักรยานยนต์,KAWASAKI,KLX230 SE,534
2568,รถจักรยานยนต์,KAWASAKI,KLX230 SHERPA,109
2568,รถจักรยานยนต์,KAWASAKI,KLX230SM SE,71
2568,รถจักรยานยนต์,KAWASAKI,KSR,28
2568,รถจักรยานยนต์,KAWASAKI,KSR DIRT,2
2568,รถจักรยานยนต์,KAWASAKI,KSR LIMITED,1
2568,รถจักรยานยนต์,KAWASAKI,KSR PRO,4
2568,รถจักรยานยนต์,KAWASAKI,MEGURO K3,9
2568,รถจักรยานยนต์,KAWASAKI,MEGURO S1,91
2568,รถจักรยานยนต์,KAWASAKI,NINJA 1000,1
2568,รถจักรยานยนต์,KAWASAKI,NINJA 250,1
2568,รถจักรยานยนต์,KAWASAKI,NINJA 400 SE,1
2568,รถจักรยานยนต์,KAWASAKI,NINJA 500 SE,39
2568,รถจักรยานยนต์,KAWASAKI,NINJA e-1,1
2568,รถจักรยานยนต์,KAWASAKI,NINJA H2,1
2568,รถจักรยานยนต์,KAWASAKI,NINJA ZX-10R,1
2568,รถจักรยานยนต์,KAWASAKI,NINJA ZX-10R SE,1
2568,รถจักรยานยนต์,KAWASAKI,NINJA ZX-10RR,2
2568,รถจักรยานยนต์,KAWASAKI,NINJA ZX-25R ABS SE,49
2568,รถจักรยานยนต์,KAWASAKI,NINJA ZX-4R,25
2568,รถจักรยานยนต์,KAWASAKI,NINJA ZX-4R SE,57
2568,รถจักรยานยนต์,KAWASAKI,NINJA ZX-6R,78
2568,รถจักรยานยนต์,KAWASAKI,NINJA400,17
2568,รถจักรยานยนต์,KAWASAKI,NINJA400 HG,2
2568,รถจักรยานยนต์,KAWASAKI,NINJA400 SE,24
2568,รถจักรยานยนต์,KAWASAKI,NINJA650,1
2568,รถจักรยานยนต์,KAWASAKI,VERSYS 1000,1
2568,รถจักรยานยนต์,KAWASAKI,VERSYS 650,351
2568,รถจักรยานยนต์,KAWASAKI,VERSYS-X 300 ABS CITY,2
2568,รถจักรยานยนต์,KAWASAKI,VERSYS-X 300 ABS TOURING,6
2568,รถจักรยานยนต์,KAWASAKI,VERSYS650,1
2568,รถจักรยานยนต์,KAWASAKI,VERSYS650ABSEDITION,1
2568,รถจักรยานยนต์,KAWASAKI,VULCAN S,37
2568,รถจักรยานยนต์,KAWASAKI,W175,28
2568,รถจักรยานยนต์,KAWASAKI,W175 SE,1
2568,รถจักรยานยนต์,KAWASAKI,W230,90
2568,รถจักรยานยนต์,KAWASAKI,W250,1
2568,รถจักรยานยนต์,KAWASAKI,W800,6
2568,รถจักรยานยนต์,KAWASAKI,W800 CAFE,1
2568,รถจักรยานยนต์,KAWASAKI,W800 SE,1
2568,รถจักรยานยนต์,KAWASAKI,W800 STREET,5
2568,รถจักรยานยนต์,KAWASAKI,Z125 PRO KRT EDITION,1
2568,รถจักรยานยนต์,KAWASAKI,Z400 ABS,13
2568,รถจักรยานยนต์,KAWASAKI,Z500 SE,14
2568,รถจักรยานยนต์,KAWASAKI,Z650,16
2568,รถจักรยานยนต์,KAWASAKI,Z650RS,2
2568,รถจักรยานยนต์,KAWASAKI,Z900,3
2568,รถจักรยานยนต์,KAWASAKI,Z900 ABS,38
2568,รถจักรยานยนต์,KAWASAKI,Z900 ABS SE,26
2568,รถจักรยานยนต์,KAWASAKI,Z900 SE,1
2568,รถจักรยานยนต์,KAWASAKI,Z900RS,1
2568,รถจักรยานยนต์,KAWASAKI,ZR900BJF,1
2568,รถจักรยานยนต์,KAWASAKI,,1
2568,รถจักรยานยนต์,KEEWAY,GT270 ABS,5
2568,รถจักรยานยนต์,KEEWAY,GT270 EXTREAM,2
2568,รถจักรยานยนต์,KEEWAY,JL200GY-2C,15
2568,รถจักรยานยนต์,KEEWAY,JL200GY-4C,3
2568,รถจักรยานยนต์,KEEWAY,QJ250-L,3
2568,รถจักรยานยนต์,KEEWAY,SHINY 150,87
2568,รถจักรยานยนต์,KEEWAY,V302C,48
2568,รถจักรยานยนต์,KEEWAY,VERSIRIA 150,169
2568,รถจักรยานยนต์,KEEWAY,VICTORIA 200,48
2568,รถจักรยานยนต์,KEEWAY,,1
2568,รถจักรยานยนต์,KTM,1190 ADVENTURE R,1
2568,รถจักรยานยนต์,KTM,200 DUKE,8
2568,รถจักรยานยนต์,KTM,250 DUKE,5
2568,รถจักรยานยนต์,KTM,300 EXC SIX DAYS,1
2568,รถจักรยานยนต์,KTM,350 EXC-F SIX DAYS,3
2568,รถจักรยานยนต์,KTM,390 ADVENTURE,35
2568,รถจักรยานยนต์,KTM,390 Duke,2
2568,รถจักรยานยนต์,KTM,390 DUKE,26
2568,รถจักรยานยนต์,KTM,690 DUKE R,3
2568,รถจักรยานยนต์,KTM,790 ADVENTURE,26
2568,รถจักรยานยนต์,KTM,790 ADVENTURE R,69
2568,รถจักรยานยนต์,KTM,790 DUKE,1
2568,รถจักรยานยนต์,KTM,890 ADVENTURE R,6
2568,รถจักรยานยนต์,KTM,890 DUKE R,27
2568,รถจักรยานยนต์,KTM,KTM RC200,1
2568,รถจักรยานยนต์,KTM,RC 250,2
2568,รถจักรยานยนต์,KTM,RC390,22
2568,รถจักรยานยนต์,KTM,,1
2568,รถจักรยานยนต์,KYMCO,S7 Keyless CBS,32
2568,รถจักรยานยนต์,LAMBRETTA,G350,484
2568,รถจักรยานยนต์,LAMBRETTA,V125 Special Flex,16
2568,รถจักรยานยนต์,LAMBRETTA,V200 GP,471
2568,รถจักรยานยนต์,LAMBRETTA,V200 Special,17
2568,รถจักรยานยนต์,LAMBRETTA,V200 Special Fix,2
2568,รถจักรยานยนต์,LAMBRETTA,V200 Special Flex,910
2568,รถจักรยานยนต์,LAMBRETTA,X200,802
2568,รถจักรยานยนต์,LAMBRETTA,X300,1074
2568,รถจักรยานยนต์,LAMBRETTA,X300 2025,1802
2568,รถจักรยานยนต์,LAMBRETTA,X300 GT,855
2568,รถจักรยานยนต์,LIFAN,LF100-3R,2
2568,รถจักรยานยนต์,LIFAN,LF110-11H,11
2568,รถจักรยานยนต์,LIFAN,LF110-26H,5
2568,รถจักรยานยนต์,LIFAN,LF110-S,2
2568,รถจักรยานยนต์,LIFAN,LF125-5F,16
2568,รถจักรยานยนต์,LIFAN,LF200-10L,3
2568,รถจักรยานยนต์,LIFAN,LF200GY-5A,13
2568,รถจักรยานยนต์,LION,ALPHA EV,30
2568,รถจักรยานยนต์,LION,E1 EV,1
2568,รถจักรยานยนต์,LION,MERCURY EV,19
2568,รถจักรยานยนต์,LION,MERCURY EV PLUS,1
2568,รถจักรยานยนต์,LION,S-01 EV,1
2568,รถจักรยานยนต์,LION,SKS Z2,1837
2568,รถจักรยานยนต์,LION,,1
2568,รถจักรยานยนต์,LUYUAN,MB5,2
2568,รถจักรยานยนต์,LUYUAN,S30 PLUS,2
2568,รถจักรยานยนต์,M BIKE,FLY125,1
2568,รถจักรยานยนต์,M BIKE,LC-125,11
2568,รถจักรยานยนต์,M BIKE,MB110-3,11
2568,รถจักรยานยนต์,M BIKE,MB125T-16,1
2568,รถจักรยานยนต์,M BIKE,XY-250A,1
2568,รถจักรยานยนต์,MADANG,Speed Hawk,1
2568,รถจักรยานยนต์,MALAGUTI,MADISON,463
2568,รถจักรยานยนต์,MODYAK,MY2,581
2568,รถจักรยานยนต์,MODYAK,MY4,38
2568,รถจักรยานยนต์,MODYAK,MY6,355
2568,รถจักรยานยนต์,MODYAK,MY7,54
2568,รถจักรยานยนต์,MOTO GUZZI,V7 III RACER,2
2568,รถจักรยานยนต์,MOTO GUZZI,V85 TT,1
2568,รถจักรยานยนต์,MOTO PARILLA,LEVRIERO150,5
2568,รถจักรยานยนต์,MOTOGUZZI,V7 III STONE,2
2568,รถจักรยานยนต์,MOTOGUZZI,V85 TT,2
2568,รถจักรยานยนต์,MV AGUSTA,TURISMO VELOCE 800,1
2568,รถจักรยานยนต์,NIU,GOVA 03,3
2568,รถจักรยานยนต์,NIU,MQi GT EVO,5
2568,รถจักรยานยนต์,NIU,MQi+Sport,10
2568,รถจักรยานยนต์,NIU,NQi GTS,22
2568,รถจักรยานยนต์,NIU,NQi Sport,5
2568,รถจักรยานยนต์,NIU,NQiGT Sport,1
2568,รถจักรยานยนต์,NKT,GO125,3
2568,รถจักรยานยนต์,NKT,GTR150,3
2568,รถจักรยานยนต์,NUVOLA X,BIKE2,90
2568,รถจักรยานยนต์,NUVOLA X,NUVOLA X T1,1
2568,รถจักรยานยนต์,NUVOLA X,NUVOLA X T2,5
2568,รถจักรยานยนต์,NUVOLA X,NUVOLA X T2S,48
2568,รถจักรยานยนต์,OKLA,ZION ZMAX,10
2568,รถจักรยานยนต์,PANTHER,PANTHER,2
2568,รถจักรยานยนต์,PEUGEOT,DJANGO,1
2568,รถจักรยานยนต์,PHOENIX ENGINEERING,GUNNER 100,34
2568,รถจักรยานยนต์,PIAGGIO,MEDLEY 150 ABS,17
2568,รถจักรยานยนต์,PIAGGIO,MP3 300 YOURBAN ERL,1
2568,รถจักรยานยนต์,PIAGGIO,MP3 300 YOURBAN RL,1
2568,รถจักรยานยนต์,PIAGGIO,MP3 500 LT SPORT ABS,1
2568,รถจักรยานยนต์,RAPID,SR09,185
2568,รถจักรยานยนต์,RAPID,SR108,498
2568,รถจักรยานยนต์,RENNY,R88E,2
2568,รถจักรยานยนต์,ROYAL ALLOY,GP 150,1
2568,รถจักรยานยนต์,ROYAL ALLOY,GP 200S,1
2568,รถจักรยานยนต์,ROYAL ALLOY,Grand Prix,116
2568,รถจักรยานยนต์,ROYAL ALLOY,Grand Prix TV175,10
2568,รถจักรยานยนต์,ROYAL ALLOY,GT150,647
2568,รถจักรยานยนต์,ROYAL ALLOY,Tigara Grande,53
2568,รถจักรยานยนต์,ROYAL ENFIELD,BULLET 350,263
2568,รถจักรยานยนต์,ROYAL ENFIELD,BULLET CLASSIC EFI,1
2568,รถจักรยานยนต์,ROYAL ENFIELD,BULLET TRIALS 500,2
2568,รถจักรยานยนต์,ROYAL ENFIELD,CLASSIC 350,775
2568,รถจักรยานยนต์,ROYAL ENFIELD,CLASSIC 650,91
2568,รถจักรยานยนต์,ROYAL ENFIELD,CONTINENTAL GT 650,35
2568,รถจักรยานยนต์,ROYAL ENFIELD,GUERRILLA 450,108
2568,รถจักรยานยนต์,ROYAL ENFIELD,HIMALAYAN,13
2568,รถจักรยานยนต์,ROYAL ENFIELD,HIMALAYAN 410,7
2568,รถจักรยานยนต์,ROYAL ENFIELD,HIMALAYAN 452,109
2568,รถจักรยานยนต์,ROYAL ENFIELD,HIMALAYAN SCRAM 411,8
2568,รถจักรยานยนต์,ROYAL ENFIELD,HUNTER 350,516
2568,รถจักรยานยนต์,ROYAL ENFIELD,INTERCEPTOR 650,250
2568,รถจักรยานยนต์,ROYAL ENFIELD,INTERCEPTOR BEAR 650,49
2568,รถจักรยานยนต์,ROYAL ENFIELD,INTERCEPTOR INT 650,4
2568,รถจักรยานยนต์,ROYAL ENFIELD,METEOR 350,112
2568,รถจักรยานยนต์,ROYAL ENFIELD,METEOR 350 FIREBALL,65
2568,รถจักรยานยนต์,ROYAL ENFIELD,METEOR 350 STELLAR,102
2568,รถจักรยานยนต์,ROYAL ENFIELD,METEOR 350 SUPERNOVA,11
2568,รถจักรยานยนต์,ROYAL ENFIELD,SHOTGUN 650,172
2568,รถจักรยานยนต์,ROYAL ENFIELD,SIGNALS 350,77
2568,รถจักรยานยนต์,ROYAL ENFIELD,SUPER METEOR 650,329
2568,รถจักรยานยนต์,RYUKA,AHEAD,2
2568,รถจักรยานยนต์,RYUKA,CHARLY,5
2568,รถจักรยานยนต์,RYUKA,CLASSIC,11
2568,รถจักรยานยนต์,RYUKA,CLASSIC CUB,18
2568,รถจักรยานยนต์,RYUKA,CLASSIC FI,1532
2568,รถจักรยานยนต์,RYUKA,CRUISER,2
2568,รถจักรยานยนต์,RYUKA,CUTE,4
2568,รถจักรยานยนต์,RYUKA,GORILLA,1
2568,รถจักรยานยนต์,RYUKA,MONKEY,1
2568,รถจักรยานยนต์,RYUKA,RA1,3
2568,รถจักรยานยนต์,RYUKA,Retro,6
2568,รถจักรยานยนต์,RYUKA,Retro150,12
2568,รถจักรยานยนต์,RYUKA,RK150,5
2568,รถจักรยานยนต์,RYUKA,RK200GY,1
2568,รถจักรยานยนต์,RYUKA,RK250,17
2568,รถจักรยานยนต์,RYUKA,SAVE-II,2
2568,รถจักรยานยนต์,RYUKA,SAVE-II S,9
2568,รถจักรยานยนต์,RYUKA,SAVE-II S FI,521
2568,รถจักรยานยนต์,RYUKA,SPORT,1
2568,รถจักรยานยนต์,RYUKA,Z-ONE,3
2568,รถจักรยานยนต์,RYUKA,ZSR,8
2568,รถจักรยานยนต์,SAGASONIC,SA-004Q,4
2568,รถจักรยานยนต์,SAGASONIC,SAGASONIC001Q,28
2568,รถจักรยานยนต์,SAGASONIC,SAGASONIC002Q,10
2568,รถจักรยานยนต์,SCOMADI,TECHNICA 200i,30
2568,รถจักรยานยนต์,SCOMADI,TURISMO ELECTRONICA,20
2568,รถจักรยานยนต์,SCOMADI,TURISMO PICCOLO 125i,17
2568,รถจักรยานยนต์,SCOMADI,TURISMO TECHNICA 125i,14
2568,รถจักรยานยนต์,SCOMADI,TURISMO TECHNICA 125I,23
2568,รถจักรยานยนต์,SCOMADI,TURISMO TECHNICA 200i,13
2568,รถจักรยานยนต์,SCOMADI,TURISMO TECHNICA 200w,3
2568,รถจักรยานยนต์,SLEEK,SLEEK ONE,261
2568,รถจักรยานยนต์,SLEEK,SLEEK PLAY,526
2568,รถจักรยานยนต์,SLEEK,TYPE E,259
2568,รถจักรยานยนต์,SLEEK,TYPE S,266
2568,รถจักรยานยนต์,SLEEK,TYPE X,311
2568,รถจักรยานยนต์,SLEEK,TYPE-V,6
2568,รถจักรยานยนต์,SLEEK,TYPE-V GT,12
2568,รถจักรยานยนต์,SOLAR,GROOVE 125A,103
2568,รถจักรยานยนต์,SOLAR,GROOVE CROSS 125A,64
2568,รถจักรยานยนต์,SOLAR,PROUD 125A,167
2568,รถจักรยานยนต์,STALLION,125MINI,19
2568,รถจักรยานยนต์,STALLION,Centaur,1
2568,รถจักรยานยนต์,STALLION,POLO125,2
2568,รถจักรยานยนต์,STALLION,SOLO,1
2568,รถจักรยานยนต์,STALLIONS,170i,14
2568,รถจักรยานยนต์,STALLIONS,BUCCANEER 250I,1
2568,รถจักรยานยนต์,STALLIONS,CARINO,1
2568,รถจักรยานยนต์,STALLIONS,CENTAUR,7
2568,รถจักรยานยนต์,STALLIONS,CENTAUR 400,2
2568,รถจักรยานยนต์,STALLIONS,CENTAUR MAKINA150,2
2568,รถจักรยานยนต์,STALLIONS,CENTAUR MAKINA250,4
2568,รถจักรยานยนต์,STALLIONS,CENTAUR MEGAPHONE,8
2568,รถจักรยานยนต์,STALLIONS,CENTAUR SIAM,19
2568,รถจักรยานยนต์,STALLIONS,IRON-ONE,1
2568,รถจักรยานยนต์,STALLIONS,MINI-EV,1
2568,รถจักรยานยนต์,STALLIONS,VICTORY,7
2568,รถจักรยานยนต์,STALLIONS,VICTORY VTR125,3
2568,รถจักรยานยนต์,STAR 8,MINERVA,5
2568,รถจักรยานยนต์,STAR8,GOGO,1
2568,รถจักรยานยนต์,STROM,CHIMPANZEE CPZ-250L2,28
2568,รถจักรยานยนต์,STROM,GORILLA GRL-200L,132
2568,รถจักรยานยนต์,STROM,GORILLA GRL-300L,191
2568,รถจักรยานยนต์,STROM,GORILLA GRL-312L,4
2568,รถจักรยานยนต์,STROM,MONKEY MNK-250L2,25
2568,รถจักรยานยนต์,STROM,Sailfish SFH-150Ls,6
2568,รถจักรยานยนต์,STROM,SEAL SEA-100L,6
2568,รถจักรยานยนต์,SUNRA,FUTURE 2500,344
2568,รถจักรยานยนต์,SUNRA,MIKU SUPER,2
2568,รถจักรยานยนต์,SUNRA,ROBO S,1
2568,รถจักรยานยนต์,SUPER SOCO,CPX,16
2568,รถจักรยานยนต์,SUPER SOCO,CUX,15
2568,รถจักรยานยนต์,SUPER SOCO,MB5,11
2568,รถจักรยานยนต์,SUZUKI,Address,1
2568,รถจักรยานยนต์,SUZUKI,AVENIS,364
2568,รถจักรยานยนต์,SUZUKI,BURGMAN 400,83
2568,รถจักรยานยนต์,SUZUKI,BURGMAN STREET EX,727
2568,รถจักรยานยนต์,SUZUKI,FD110CD,1
2568,รถจักรยานยนต์,SUZUKI,FD110XCSU,1
2568,รถจักรยานยนต์,SUZUKI,FK110,1
2568,รถจักรยานยนต์,SUZUKI,FK110S,1
2568,รถจักรยานยนต์,SUZUKI,FL125FS,7
2568,รถจักรยานยนต์,SUZUKI,FL125S,1
2568,รถจักรยานยนต์,SUZUKI,FU150SCD3,7
2568,รถจักรยานยนต์,SUZUKI,FV115JA,169
2568,รถจักรยานยนต์,SUZUKI,FV115JB,3
2568,รถจักรยานยนต์,SUZUKI,FV115LA,454
2568,รถจักรยานยนต์,SUZUKI,FV115LB,431
2568,รถจักรยานยนต์,SUZUKI,FV115LE,524
2568,รถจักรยานยนต์,SUZUKI,GD110,4
2568,รถจักรยานยนต์,SUZUKI,GSX-8R,2
2568,รถจักรยานยนต์,SUZUKI,GSX-8S,19
2568,รถจักรยานยนต์,SUZUKI,GSX-R1000,1
2568,รถจักรยานยนต์,SUZUKI,GSX-R1000R,11
2568,รถจักรยานยนต์,SUZUKI,GSX-R150,26
2568,รถจักรยานยนต์,SUZUKI,GSX-S1000S KATANA,2
2568,รถจักรยานยนต์,SUZUKI,GSX-S150,117
2568,รถจักรยานยนต์,SUZUKI,GSX-S750,1
2568,รถจักรยานยนต์,SUZUKI,HAYABUSA,9
2568,รถจักรยานยนต์,SUZUKI,Let's,4
2568,รถจักรยานยนต์,SUZUKI,NEX CROSSOVER,322
2568,รถจักรยานยนต์,SUZUKI,RAIDER,110
2568,รถจักรยานยนต์,SUZUKI,RAIDER J CROSSOVER,405
2568,รถจักรยานยนต์,SUZUKI,SHOGUN,2
2568,รถจักรยานยนต์,SUZUKI,SKYDRIVE,2
2568,รถจักรยานยนต์,SUZUKI,SMASH,3
2568,รถจักรยานยนต์,SUZUKI,SV650,5
2568,รถจักรยานยนต์,SUZUKI,UD110NE,3
2568,รถจักรยานยนต์,SUZUKI,UW125S,4
2568,รถจักรยานยนต์,SUZUKI,UY125,1
2568,รถจักรยานยนต์,SUZUKI,UY125S,2
2568,รถจักรยานยนต์,SUZUKI,V-Strom,55
2568,รถจักรยานยนต์,SUZUKI,V-Strom1050,20
2568,รถจักรยานยนต์,SUZUKI,V-STROM250SX,102
2568,รถจักรยานยนต์,SUZUKI,V-STROM800DE,93
2568,รถจักรยานยนต์,SUZUKI,VanVan,5
2568,รถจักรยานยนต์,SUZUKI,,3
2568,รถจักรยานยนต์,SWAG,TYPE-X,1
2568,รถจักรยานยนต์,SYM,FORMULA,6
2568,รถจักรยานยนต์,SYM,GTS300i,2
2568,รถจักรยานยนต์,SYM,JL200GY-2C,3
2568,รถจักรยานยนต์,SYM,LC-125,54
2568,รถจักรยานยนต์,SYM,MAXSYM400i,2
2568,รถจักรยานยนต์,SYM,TINI110,1
2568,รถจักรยานยนต์,SYM,,1
2568,รถจักรยานยนต์,TAILG,DRAGONS,15
2568,รถจักรยานยนต์,TAILG,X-3000,2
2568,รถจักรยานยนต์,THOMAS,CHARMING,6
2568,รถจักรยานยนต์,THOMAS,CYSTAL,5
2568,รถจักรยานยนต์,THOMAS,Diamond,2
2568,รถจักรยานยนต์,THOMAS,S-2000,1
2568,รถจักรยานยนต์,TIGER,CX125E,1
2568,รถจักรยานยนต์,TIGER,SM110S-R,5
2568,รถจักรยานยนต์,TIGER,ST200,1
2568,รถจักรยานยนต์,TOYOTRON,TX-1,2
2568,รถจักรยานยนต์,TRIUMPH,BOBBER TFC,14
2568,รถจักรยานยนต์,TRIUMPH,BONNEVILLE BOBBER,47
2568,รถจักรยานยนต์,TRIUMPH,BONNEVILLE SPEEDMASTER,17
2568,รถจักรยานยนต์,TRIUMPH,BONNEVILLE T100,124
2568,รถจักรยานยนต์,TRIUMPH,BONNEVILLE T120,44
2568,รถจักรยานยนต์,TRIUMPH,BONNEVILLE T120 BLACK,100
2568,รถจักรยานยนต์,TRIUMPH,BONNEVILLE T120 BLACK DGR LE,1
2568,รถจักรยานยนต์,TRIUMPH,DAYTONA 660,55
2568,รถจักรยานยนต์,TRIUMPH,ROCKET 3 GT,1
2568,รถจักรยานยนต์,TRIUMPH,ROCKET 3 R,2
2568,รถจักรยานยนต์,TRIUMPH,ROCKET 3 STORM GT,3
2568,รถจักรยานยนต์,TRIUMPH,ROCKET 3 STORM R,3
2568,รถจักรยานยนต์,TRIUMPH,SCRAMBLER 1200 X,17
2568,รถจักรยานยนต์,TRIUMPH,SCRAMBLER 1200 XC,5
2568,รถจักรยานยนต์,TRIUMPH,SCRAMBLER 1200 XC SHOWCASE,1
2568,รถจักรยานยนต์,TRIUMPH,SCRAMBLER 400 X,322
2568,รถจักรยานยนต์,TRIUMPH,SCRAMBLER 900,23
2568,รถจักรยานยนต์,TRIUMPH,SPEED 400,469
2568,รถจักรยานยนต์,TRIUMPH,SPEED TRIPLE 1200 RR,8
2568,รถจักรยานยนต์,TRIUMPH,SPEED TRIPLE 1200 RS,13
2568,รถจักรยานยนต์,TRIUMPH,SPEED TRIPLE 1200RR BREITLING,1
2568,รถจักรยานยนต์,TRIUMPH,SPEED TWIN,4
2568,รถจักรยานยนต์,TRIUMPH,SPEED TWIN 1200 RS,10
2568,รถจักรยานยนต์,TRIUMPH,SPEED TWIN 900,147
2568,รถจักรยานยนต์,TRIUMPH,STREET TRIPLE RS,16
2568,รถจักรยานยนต์,TRIUMPH,THRUXTON RS,3
2568,รถจักรยานยนต์,TRIUMPH,TIGER 1200 RALLY EXPLORER,14
2568,รถจักรยานยนต์,TRIUMPH,TIGER 1200 RALLY PRO,5
2568,รถจักรยานยนต์,TRIUMPH,TIGER 900 GT PRO,19
2568,รถจักรยานยนต์,TRIUMPH,TIGER 900 RALLY PRO,12
2568,รถจักรยานยนต์,TRIUMPH,TIGER SPORT,20
2568,รถจักรยานยนต์,TRIUMPH,TIGER SPORT 660,23
2568,รถจักรยานยนต์,TRIUMPH,TIGER XCA,1
2568,รถจักรยานยนต์,TRIUMPH,TIGER XRT,1
2568,รถจักรยานยนต์,TRIUMPH,TRIDENT,11
2568,รถจักรยานยนต์,TRIUMPH,TRIDENT 660,39
2568,รถจักรยานยนต์,TRIUMPH,TRIDENT 660 - TRIPLE TRIBUTE,27
2568,รถจักรยานยนต์,VESPA,946 150 IGET ABS,7
2568,รถจักรยานยนต์,VESPA,GTS 150 IGET ABS,579
2568,รถจักรยานยนต์,VESPA,GTS 300 ABS SUPER,7
2568,รถจักรยานยนต์,VESPA,GTS 300 CLASSIC HPE,74
2568,รถจักรยานยนต์,VESPA,GTS 300 SUPER SPORT HPE,1
2568,รถจักรยานยนต์,VESPA,GTS 300 SUPERTECH HPE,96
2568,รถจักรยานยนต์,VESPA,GTS SUPERTECH 300 HPE,1
2568,รถจักรยานยนต์,VESPA,GTV 300 HPE,266
2568,รถจักรยานยนต์,VESPA,GTV 300 HPE OFFICINA 8,13
2568,รถจักรยานยนต์,VESPA,LX  125 IE,1
2568,รถจักรยานยนต์,VESPA,LX  150 IE,4
2568,รถจักรยานยนต์,VESPA,LX 125 IGET,2154
2568,รถจักรยานยนต์,VESPA,LX 150 IGET ABS,2096
2568,รถจักรยานยนต์,VESPA,LX125 3V IE,3
2568,รถจักรยานยนต์,VESPA,LX125 3V IE IGET,10
2568,รถจักรยานยนต์,VESPA,LX150 3V IE,1
2568,รถจักรยานยนต์,VESPA,PRIMAVERA 125 3V IE,4
2568,รถจักรยานยนต์,VESPA,PRIMAVERA 150 3V IE,1
2568,รถจักรยานยนต์,VESPA,PRIMAVERA 150 3V IE ABS,8
2568,รถจักรยานยนต์,VESPA,PRIMAVERA 150 IGET ABS,806
2568,รถจักรยานยนต์,VESPA,PRIMAVERA 150 IGET ABS S,392
2568,รถจักรยานยนต์,VESPA,PX 125,5
2568,รถจักรยานยนต์,VESPA,S 125 IGET,2558
2568,รถจักรยานยนต์,VESPA,S 150 IGET ABS,2347
2568,รถจักรยานยนต์,VESPA,S125 3V IE IGET,5
2568,รถจักรยานยนต์,VESPA,SPRINT 125 3V IE,4
2568,รถจักรยานยนต์,VESPA,SPRINT 125 3V IE ABS,5
2568,รถจักรยานยนต์,VESPA,SPRINT 125 IGET ABS,2533
2568,รถจักรยานยนต์,VESPA,SPRINT 150 3V IE ABS,13
2568,รถจักรยานยนต์,VESPA,SPRINT 150 IGET ABS,2513
2568,รถจักรยานยนต์,VESPA,SPRINT 150 IGET ABS S,5261
2568,รถจักรยานยนต์,VESPA,SPRINT 150 IGET ABS TFT,27
2568,รถจักรยานยนต์,VESPA,SPRINT 150 IGET OFFICINA8,96
2568,รถจักรยานยนต์,VESPA,SPRINT TECH 150,1596
2568,รถจักรยานยนต์,VMOTO,CITI,1
2568,รถจักรยานยนต์,VMOTO,CPX,1
2568,รถจักรยานยนต์,XIAO DAO,REN S+,4
2568,รถจักรยานยนต์,XIAO DAO,SLICE,2
2568,รถจักรยานยนต์,XIAO DAO,VINSK,2
2568,รถจักรยานยนต์,YADEA,YADEA RS20,27
2568,รถจักรยานยนต์,YADEA,YADEA VELAX,8
2568,รถจักรยานยนต์,YAMAHA,20B200,3
2568,รถจักรยานยนต์,YAMAHA,2S5600,1
2568,รถจักรยานยนต์,YAMAHA,33S100,1
2568,รถจักรยานยนต์,YAMAHA,4D0500,1
2568,รถจักรยานยนต์,YAMAHA,4D0A00,1
2568,รถจักรยานยนต์,YAMAHA,50S300,1
2568,รถจักรยานยนต์,YAMAHA,52B100,3
2568,รถจักรยานยนต์,YAMAHA,52B200,6
2568,รถจักรยานยนต์,YAMAHA,52B300,1
2568,รถจักรยานยนต์,YAMAHA,5P0300,1
2568,รถจักรยานยนต์,YAMAHA,5P0400,2
2568,รถจักรยานยนต์,YAMAHA,AEROX,5311
2568,รถจักรยานยนต์,YAMAHA,AEROX 155,30
2568,รถจักรยานยนต์,YAMAHA,AEROX ABS,1170
2568,รถจักรยานยนต์,YAMAHA,AEROX R,2
2568,รถจักรยานยนต์,YAMAHA,E01,31
2568,รถจักรยานยนต์,YAMAHA,EXCITER,2349
2568,รถจักรยานยนต์,YAMAHA,EXCITER150,4
2568,รถจักรยานยนต์,YAMAHA,Fazzio,12014
2568,รถจักรยานยนต์,YAMAHA,FAZZIO,23777
2568,รถจักรยานยนต์,YAMAHA,Filano,5
2568,รถจักรยานยนต์,YAMAHA,Fino,1
2568,รถจักรยานยนต์,YAMAHA,Fino FI,5
2568,รถจักรยานยนต์,YAMAHA,Fiore,2
2568,รถจักรยานยนต์,YAMAHA,FINN,38083
2568,รถจักรยานยนต์,YAMAHA,FINO125,300
2568,รถจักรยานยนต์,YAMAHA,FreeGo,2
2568,รถจักรยานยนต์,YAMAHA,GRAND FILANO,118070
2568,รถจักรยานยนต์,YAMAHA,GT125,33
2568,รถจักรยานยนต์,YAMAHA,JUPITER RC,2
2568,รถจักรยานยนต์,YAMAHA,M-SLAZ,22
2568,รถจักรยานยนต์,YAMAHA,Mio 125,7
2568,รถจักรยานยนต์,YAMAHA,Mio 125i,16
2568,รถจักรยานยนต์,YAMAHA,MIO115I,4
2568,รถจักรยานยนต์,YAMAHA,MT-03,30
2568,รถจักรยานยนต์,YAMAHA,MT-07,176
2568,รถจักรยานยนต์,YAMAHA,MT-09,31
2568,รถจักรยานยนต์,YAMAHA,MT-09 SP,36
2568,รถจักรยานยนต์,YAMAHA,MT-09 Y-AMT,13
2568,รถจักรยานยนต์,YAMAHA,MT-15,291
2568,รถจักรยานยนต์,YAMAHA,NIKEN,1
2568,รถจักรยานยนต์,YAMAHA,NMAX,14352
2568,รถจักรยานยนต์,YAMAHA,NMAX TECH MAX,4200
2568,รถจักรยานยนต์,YAMAHA,Nouvo SX,2
2568,รถจักรยานยนต์,YAMAHA,PG-1,4344
2568,รถจักรยานยนต์,YAMAHA,QBIX,5
2568,รถจักรยานยนต์,YAMAHA,QBIX ABS,6
2568,รถจักรยานยนต์,YAMAHA,QBIX S,16
2568,รถจักรยานยนต์,YAMAHA,R7,152
2568,รถจักรยานยนต์,YAMAHA,R9,2
2568,รถจักรยานยนต์,YAMAHA,Spark 115i,13
2568,รถจักรยานยนต์,YAMAHA,Spark Nano,3
2568,รถจักรยานยนต์,YAMAHA,SPARK LX,4
2568,รถจักรยานยนต์,YAMAHA,SR400,872
2568,รถจักรยานยนต์,YAMAHA,TENERE700,85
2568,รถจักรยานยนต์,YAMAHA,TMAX TECH MAX,184
2568,รถจักรยานยนต์,YAMAHA,TMAX560,78
2568,รถจักรยานยนต์,YAMAHA,Tricity,6
2568,รถจักรยานยนต์,YAMAHA,TRACER 9 GT,27
2568,รถจักรยานยนต์,YAMAHA,TRACER 9 GT+,27
2568,รถจักรยานยนต์,YAMAHA,TRACER 900,1
2568,รถจักรยานยนต์,YAMAHA,TRACER 900GT,1
2568,รถจักรยานยนต์,YAMAHA,TTX,6
2568,รถจักรยานยนต์,YAMAHA,WR155R,454
2568,รถจักรยานยนต์,YAMAHA,XMAX,11469
2568,รถจักรยานยนต์,YAMAHA,XMAX 300,15
2568,รถจักรยานยนต์,YAMAHA,XMAX SP,1
2568,รถจักรยานยนต์,YAMAHA,XSR155,975
2568,รถจักรยานยนต์,YAMAHA,XSR700,1
2568,รถจักรยานยนต์,YAMAHA,XSR900,12
2568,รถจักรยานยนต์,YAMAHA,YZF-R1,1
2568,รถจักรยานยนต์,YAMAHA,YZF-R15,986
2568,รถจักรยานยนต์,YAMAHA,YZF-R15M,239
2568,รถจักรยานยนต์,YAMAHA,YZF-R3,39
2568,รถจักรยานยนต์,YAMAHA,,2
2568,รถจักรยานยนต์,ZAPP,i300,5
2568,รถจักรยานยนต์,ZEEHO,AE6+,32
2568,รถจักรยานยนต์,ZEEHO,AE8+,50
2568,รถจักรยานยนต์,ZEEHO,AE8S+,88
2568,รถจักรยานยนต์,ZHI EV,ZEV G BEAST,5
2568,รถจักรยานยนต์,ZONTES,350D,295
2568,รถจักรยานยนต์,ZONTES,350E,3068
2568,รถจักรยานยนต์,ZONTES,368G,6759
2568,รถจักรยานยนต์,ZONTES,368K,1656
2568,รถจักรยานยนต์,ZONTES,X310,2
2568,รถแทร็กเตอร์,ALPHA,AE300,2
2568,รถแทร็กเตอร์,ALPHA,ALPHA388,1
2568,รถแทร็กเตอร์,ALPHA,AT500,2
2568,รถแทร็กเตอร์,ALPHA,AT900,2
2568,รถแทร็กเตอร์,ALPHA,FL904,2
2568,รถแทร็กเตอร์,AOLITE,PQ48F,1
2568,รถแทร็กเตอร์,ARROW MASTER,HJ1250R,1
2568,รถแทร็กเตอร์,ATLAS COPCO,powerROC T35,1
2568,รถแทร็กเตอร์,ATLAS COPCO,PowerROC T35,1
2568,รถแทร็กเตอร์,AUSTOFT,,1
2568,รถแทร็กเตอร์,BANGKOK PANJAN,PC 200,50
2568,รถแทร็กเตอร์,BANGKOK PANJAN,PC 60,2
2568,รถแทร็กเตอร์,BANGKOK PANJAN,PC120,3
2568,รถแทร็กเตอร์,BOBCAT,E35Z,1
2568,รถแทร็กเตอร์,BOBCAT,E35ZA2 V,5
2568,รถแทร็กเตอร์,BOBCAT,E55,2
2568,รถแทร็กเตอร์,BOBCAT,E55Z,2
2568,รถแทร็กเตอร์,BOMAG,MPH125,1
2568,รถแทร็กเตอร์,BULL,HD-96,2
2568,รถแทร็กเตอร์,CAMECO,CHT2500,1
2568,รถแทร็กเตอร์,CASE,570SV,25
2568,รถแทร็กเตอร์,CASE,7700,2
2568,รถแทร็กเตอร์,CASE,A7000,1
2568,รถแทร็กเตอร์,CASE,CX220C,17
2568,รถแทร็กเตอร์,CASE,MXU100,1
2568,รถแทร็กเตอร์,CASE,SV300B,2
2568,รถแทร็กเตอร์,CASE,,1
2568,รถแทร็กเตอร์,CASE IH,7700,1
2568,รถแทร็กเตอร์,CASE IH,8000,1
2568,รถแทร็กเตอร์,CASE IH,8800,1
2568,รถแทร็กเตอร์,CASE IH,A 8800-16,1
2568,รถแทร็กเตอร์,CASE IH,A7000,3
2568,รถแทร็กเตอร์,CASE IH,A7700,6
2568,รถแทร็กเตอร์,CASE IH,A8000,1
2568,รถแทร็กเตอร์,CASE IH,A8010,4
2568,รถแทร็กเตอร์,CASE IH,A8800,7
2568,รถแทร็กเตอร์,CASE IH,A8810,1
2568,รถแทร็กเตอร์,CASE IH,A9000,9
2568,รถแทร็กเตอร์,CASE IH,A9900,1
2568,รถแทร็กเตอร์,CATERPILLAR,12G,2
2568,รถแทร็กเตอร์,CATERPILLAR,140,6
2568,รถแทร็กเตอร์,CATERPILLAR,140G,21
2568,รถแทร็กเตอร์,CATERPILLAR,140GC,19
2568,รถแทร็กเตอร์,CATERPILLAR,140H,43
2568,รถแทร็กเตอร์,CATERPILLAR,140H VHP,1
2568,รถแทร็กเตอร์,CATERPILLAR,140K,18
2568,รถแทร็กเตอร์,CATERPILLAR,140M,1
2568,รถแทร็กเตอร์,CATERPILLAR,140M VHP,1
2568,รถแทร็กเตอร์,CATERPILLAR,140M2 AWD,1
2568,รถแทร็กเตอร์,CATERPILLAR,160H,6
2568,รถแทร็กเตอร์,CATERPILLAR,226B3,1
2568,รถแทร็กเตอร์,CATERPILLAR,303.5C,1
2568,รถแทร็กเตอร์,CATERPILLAR,303.5CR,13
2568,รถแทร็กเตอร์,CATERPILLAR,303.5ECR,10
2568,รถแทร็กเตอร์,CATERPILLAR,303CR,4
2568,รถแทร็กเตอร์,CATERPILLAR,303SR,1
2568,รถแทร็กเตอร์,CATERPILLAR,304CCR,1
2568,รถแทร็กเตอร์,CATERPILLAR,305.5E2,6
2568,รถแทร็กเตอร์,CATERPILLAR,305CCR,1
2568,รถแทร็กเตอร์,CATERPILLAR,305CR,1
2568,รถแทร็กเตอร์,CATERPILLAR,306,1
2568,รถแทร็กเตอร์,CATERPILLAR,307,2
2568,รถแทร็กเตอร์,CATERPILLAR,307.5,1
2568,รถแทร็กเตอร์,CATERPILLAR,307D,1
2568,รถแทร็กเตอร์,CATERPILLAR,308B,1
2568,รถแทร็กเตอร์,CATERPILLAR,308C,1
2568,รถแทร็กเตอร์,CATERPILLAR,308CCR,1
2568,รถแทร็กเตอร์,CATERPILLAR,308D,1
2568,รถแทร็กเตอร์,CATERPILLAR,308E,1
2568,รถแทร็กเตอร์,CATERPILLAR,308E2CR,1
2568,รถแทร็กเตอร์,CATERPILLAR,308ECR,2
2568,รถแทร็กเตอร์,CATERPILLAR,311DRR,1
2568,รถแทร็กเตอร์,CATERPILLAR,311FLRR,1
2568,รถแทร็กเตอร์,CATERPILLAR,312B,1
2568,รถแทร็กเตอร์,CATERPILLAR,312C,1
2568,รถแทร็กเตอร์,CATERPILLAR,312D,34
2568,รถแทร็กเตอร์,CATERPILLAR,312D2GC,2
2568,รถแทร็กเตอร์,CATERPILLAR,312E,7
2568,รถแทร็กเตอร์,CATERPILLAR,312E-2,1
2568,รถแทร็กเตอร์,CATERPILLAR,312E-MS,1
2568,รถแทร็กเตอร์,CATERPILLAR,312FGC,1
2568,รถแทร็กเตอร์,CATERPILLAR,313D,1
2568,รถแทร็กเตอร์,CATERPILLAR,313D2GC,36
2568,รถแทร็กเตอร์,CATERPILLAR,313DCR,1
2568,รถแทร็กเตอร์,CATERPILLAR,313GC,8
2568,รถแทร็กเตอร์,CATERPILLAR,314ECR,2
2568,รถแทร็กเตอร์,CATERPILLAR,315DL,2
2568,รถแทร็กเตอร์,CATERPILLAR,318D2L,3
2568,รถแทร็กเตอร์,CATERPILLAR,320,45
2568,รถแทร็กเตอร์,CATERPILLAR,320-07A,1
2568,รถแทร็กเตอร์,CATERPILLAR,320C,4
2568,รถแทร็กเตอร์,CATERPILLAR,320C LU,1
2568,รถแทร็กเตอร์,CATERPILLAR,320D,16
2568,รถแทร็กเตอร์,CATERPILLAR,320D GC,3
2568,รถแทร็กเตอร์,CATERPILLAR,320D-E,2
2568,รถแทร็กเตอร์,CATERPILLAR,320D2,15
2568,รถแทร็กเตอร์,CATERPILLAR,320D2GC,7
2568,รถแทร็กเตอร์,CATERPILLAR,320E,17
2568,รถแทร็กเตอร์,CATERPILLAR,320E-2,4
2568,รถแทร็กเตอร์,CATERPILLAR,320GC,35
2568,รถแทร็กเตอร์,CATERPILLAR,320GC-07B,1
2568,รถแทร็กเตอร์,CATERPILLAR,320GX,26
2568,รถแทร็กเตอร์,CATERPILLAR,322B,1
2568,รถแทร็กเตอร์,CATERPILLAR,323GC,72
2568,รถแทร็กเตอร์,CATERPILLAR,323GX,18
2568,รถแทร็กเตอร์,CATERPILLAR,323GX SLR,21
2568,รถแทร็กเตอร์,CATERPILLAR,329D2L,1
2568,รถแทร็กเตอร์,CATERPILLAR,330D2L,1
2568,รถแทร็กเตอร์,CATERPILLAR,330FL,1
2568,รถแทร็กเตอร์,CATERPILLAR,330GC,1
2568,รถแทร็กเตอร์,CATERPILLAR,333,1
2568,รถแทร็กเตอร์,CATERPILLAR,336,5
2568,รถแทร็กเตอร์,CATERPILLAR,336DL,2
2568,รถแทร็กเตอร์,CATERPILLAR,422E,1
2568,รถแทร็กเตอร์,CATERPILLAR,426,53
2568,รถแทร็กเตอร์,CATERPILLAR,426F2,3
2568,รถแทร็กเตอร์,CATERPILLAR,815B,1
2568,รถแทร็กเตอร์,CATERPILLAR,825B,1
2568,รถแทร็กเตอร์,CATERPILLAR,924F,2
2568,รถแทร็กเตอร์,CATERPILLAR,924G,2
2568,รถแทร็กเตอร์,CATERPILLAR,924GZ,1
2568,รถแทร็กเตอร์,CATERPILLAR,926M,1
2568,รถแทร็กเตอร์,CATERPILLAR,928G,1
2568,รถแทร็กเตอร์,CATERPILLAR,930M,2
2568,รถแทร็กเตอร์,CATERPILLAR,936EZ,1
2568,รถแทร็กเตอร์,CATERPILLAR,936F,1
2568,รถแทร็กเตอร์,CATERPILLAR,938F,1
2568,รถแทร็กเตอร์,CATERPILLAR,938G,1
2568,รถแทร็กเตอร์,CATERPILLAR,938K,2
2568,รถแทร็กเตอร์,CATERPILLAR,938M,1
2568,รถแทร็กเตอร์,CATERPILLAR,950B,1
2568,รถแทร็กเตอร์,CATERPILLAR,950E,1
2568,รถแทร็กเตอร์,CATERPILLAR,950F,1
2568,รถแทร็กเตอร์,CATERPILLAR,950GC,2
2568,รถแทร็กเตอร์,CATERPILLAR,966E,3
2568,รถแทร็กเตอร์,CATERPILLAR,966F2,1
2568,รถแทร็กเตอร์,CATERPILLAR,966GC,2
2568,รถแทร็กเตอร์,CATERPILLAR,966H,1
2568,รถแทร็กเตอร์,CATERPILLAR,CAT320,2
2568,รถแทร็กเตอร์,CATERPILLAR,D3G,1
2568,รถแทร็กเตอร์,CATERPILLAR,D4D,1
2568,รถแทร็กเตอร์,CATERPILLAR,D4E(LGP),1
2568,รถแทร็กเตอร์,CATERPILLAR,D4H,1
2568,รถแทร็กเตอร์,CATERPILLAR,D4K,1
2568,รถแทร็กเตอร์,CATERPILLAR,D5C,1
2568,รถแทร็กเตอร์,CATERPILLAR,D5H,2
2568,รถแทร็กเตอร์,CATERPILLAR,D5K,1
2568,รถแทร็กเตอร์,CATERPILLAR,D5M,1
2568,รถแทร็กเตอร์,CATERPILLAR,D5N,3
2568,รถแทร็กเตอร์,CATERPILLAR,D6,1
2568,รถแทร็กเตอร์,CATERPILLAR,D6C,1
2568,รถแทร็กเตอร์,CATERPILLAR,D6H,3
2568,รถแทร็กเตอร์,CATERPILLAR,D6HZ,1
2568,รถแทร็กเตอร์,CATERPILLAR,D6M,4
2568,รถแทร็กเตอร์,CATERPILLAR,D6N,1
2568,รถแทร็กเตอร์,CATERPILLAR,D6R,7
2568,รถแทร็กเตอร์,CATERPILLAR,D6R2,1
2568,รถแทร็กเตอร์,CATERPILLAR,D6T-LGP,1
2568,รถแทร็กเตอร์,CATERPILLAR,EL300B,1
2568,รถแทร็กเตอร์,CATERPILLAR,M315D2,2
2568,รถแทร็กเตอร์,CATERPILLAR,M315GC,2
2568,รถแทร็กเตอร์,CATERPILLAR,,5
2568,รถแทร็กเตอร์,CHAMP,CF-1052,1
2568,รถแทร็กเตอร์,CHAMP,CF-1052X,11
2568,รถแทร็กเตอร์,CHAMP,JM-554,1
2568,รถแทร็กเตอร์,CHAMP,LG828,3
2568,รถแทร็กเตอร์,CHAMP,LG836,2
2568,รถแทร็กเตอร์,CHAMP,LG836XL,1
2568,รถแทร็กเตอร์,CHAMP,LG839XL,3
2568,รถแทร็กเตอร์,CHAMP,MX-6055,1
2568,รถแทร็กเตอร์,CHAMP,SD504X,1
2568,รถแทร็กเตอร์,CHAMP,SW936L,2
2568,รถแทร็กเตอร์,CHAMP,SW936S,2
2568,รถแทร็กเตอร์,CHAMP,SW942L,1
2568,รถแทร็กเตอร์,CHAMP,YN926,1
2568,รถแทร็กเตอร์,CHAMP,YN926L,5
2568,รถแทร็กเตอร์,CHAMP,YN938L,3
2568,รถแทร็กเตอร์,CHAMP,YTO-454,1
2568,รถแทร็กเตอร์,CHAMP,YTO-EF654,1
2568,รถแทร็กเตอร์,CHAMP,YTO-MF504X,14
2568,รถแทร็กเตอร์,CHAMP,YTO-NF704,1
2568,รถแทร็กเตอร์,CHAMP,YTO-NLX1054,3
2568,รถแทร็กเตอร์,CHAMP,YTO-NLX904,2
2568,รถแทร็กเตอร์,CHAMP,YTO-NLY1154E,1
2568,รถแทร็กเตอร์,CHAMP,YTO-NMF554,1
2568,รถแทร็กเตอร์,CHAMP,YTO-X904,1
2568,รถแทร็กเตอร์,CHANGFA,4LZ-4(CF805N),1
2568,รถแทร็กเตอร์,CHANGFA,CFC504T,1
2568,รถแทร็กเตอร์,CHENGGONG,CG932H,1
2568,รถแทร็กเตอร์,CHENGGONG,CG932H-SUPER,1
2568,รถแทร็กเตอร์,CHENGGONG,CG932H-SUPER XL,1
2568,รถแทร็กเตอร์,CHERNGKONG,ZL926FN,1
2568,รถแทร็กเตอร์,CHERNGKONG,ZL936FN,1
2568,รถแทร็กเตอร์,CLAAS,ARION 620 CIS,1
2568,รถแทร็กเตอร์,CLAAS,TALOS 120,26
2568,รถแทร็กเตอร์,CLAAS,TALOS120,21
2568,รถแทร็กเตอร์,CMI,RS-650,1
2568,รถแทร็กเตอร์,DAEWOO,SOLAR 400 LC-V,1
2568,รถแทร็กเตอร์,DAEWOO,SOLAR 450 LC-V,1
2568,รถแทร็กเตอร์,DEVELON,DX140W,4
2568,รถแทร็กเตอร์,DEVELON,DX220A-2M,1
2568,รถแทร็กเตอร์,DEVELON,DX360LCA-7M,1
2568,รถแทร็กเตอร์,DOOSAN,DL300A,1
2568,รถแทร็กเตอร์,DOOSAN,DX140LCA,6
2568,รถแทร็กเตอร์,DOOSAN,DX140W,3
2568,รถแทร็กเตอร์,DOOSAN,DX200A,9
2568,รถแทร็กเตอร์,DOOSAN,DX210WA,1
2568,รถแทร็กเตอร์,DOOSAN,DX220A-2,2
2568,รถแทร็กเตอร์,DOOSAN,DX220LC-7M,8
2568,รถแทร็กเตอร์,DOOSAN,DX225LCA,2
2568,รถแทร็กเตอร์,DOOSAN,DX225LCA-7M,1
2568,รถแทร็กเตอร์,DOOSAN,DX300LCA,1
2568,รถแทร็กเตอร์,DOOSAN,DX35Z-7M,1
2568,รถแทร็กเตอร์,DOOSAN,DX500LCA,1
2568,รถแทร็กเตอร์,DOOSAN,DX520LCA-K,1
2568,รถแทร็กเตอร์,DOOSAN,DX55-5B,1
2568,รถแทร็กเตอร์,DOOSAN,SD300,2
2568,รถแทร็กเตอร์,DOOSAN,SD310,3
2568,รถแทร็กเตอร์,DULEVO,850,1
2568,รถแทร็กเตอร์,DYNAPAC,CC1400,1
2568,รถแทร็กเตอร์,DYNAPAC,CC224HF,1
2568,รถแทร็กเตอร์,DYNAPAC,F1250CS,1
2568,รถแทร็กเตอร์,DYNAPAC,SD2500WS,2
2568,รถแทร็กเตอร์,ENERGREEN,ILF ALPHA 173 HP,2
2568,รถแทร็กเตอร์,ENSIGN,YX670HEV,2
2568,รถแทร็กเตอร์,EUROTRAC,504,1
2568,รถแทร็กเตอร์,EUROTRAC,60K,1
2568,รถแทร็กเตอร์,EUROTRAC,904,1
2568,รถแทร็กเตอร์,EUROTRAC,,2
2568,รถแทร็กเตอร์,EVERUN,ER50,1
2568,รถแทร็กเตอร์,FARM MAC,,2
2568,รถแทร็กเตอร์,FARMER,F47248R1,1
2568,รถแทร็กเตอร์,FARMER,F8258,11
2568,รถแทร็กเตอร์,FORD,3600,1
2568,รถแทร็กเตอร์,FORD,3910,2
2568,รถแทร็กเตอร์,FORD,3930,5
2568,รถแทร็กเตอร์,FORD,4000,2
2568,รถแทร็กเตอร์,FORD,4600,1
2568,รถแทร็กเตอร์,FORD,4630,2
2568,รถแทร็กเตอร์,FORD,5000,64
2568,รถแทร็กเตอร์,FORD,5000 65HP,3
2568,รถแทร็กเตอร์,FORD,5030,3
2568,รถแทร็กเตอร์,FORD,5030(4WD),1
2568,รถแทร็กเตอร์,FORD,5600,18
2568,รถแทร็กเตอร์,FORD,5610,22
2568,รถแทร็กเตอร์,FORD,5640,8
2568,รถแทร็กเตอร์,FORD,5640 4WD,1
2568,รถแทร็กเตอร์,FORD,5900,1
2568,รถแทร็กเตอร์,FORD,6410,8
2568,รถแทร็กเตอร์,FORD,6410 4wd,1
2568,รถแทร็กเตอร์,FORD,6600,131
2568,รถแทร็กเตอร์,FORD,6610,105
2568,รถแทร็กเตอร์,FORD,6610 4WD,3
2568,รถแทร็กเตอร์,FORD,6640,43
2568,รถแทร็กเตอร์,FORD,6640 4WD,3
2568,รถแทร็กเตอร์,FORD,6640 SLDP,1
2568,รถแทร็กเตอร์,FORD,6640SL,1
2568,รถแทร็กเตอร์,FORD,6700,8
2568,รถแทร็กเตอร์,FORD,6710,2
2568,รถแทร็กเตอร์,FORD,6810,5
2568,รถแทร็กเตอร์,FORD,7000,5
2568,รถแทร็กเตอร์,FORD,7410,2
2568,รถแทร็กเตอร์,FORD,7600,25
2568,รถแทร็กเตอร์,FORD,7610,40
2568,รถแทร็กเตอร์,FORD,7610 4WD,3
2568,รถแทร็กเตอร์,FORD,7700,4
2568,รถแทร็กเตอร์,FORD,7710,3
2568,รถแทร็กเตอร์,FORD,7740,20
2568,รถแทร็กเตอร์,FORD,7810,39
2568,รถแทร็กเตอร์,FORD,7810 4WD,2
2568,รถแทร็กเตอร์,FORD,7811,1
2568,รถแทร็กเตอร์,FORD,7840,32
2568,รถแทร็กเตอร์,FORD,7910,7
2568,รถแทร็กเตอร์,FORD,8100,2
2568,รถแทร็กเตอร์,FORD,8200,1
2568,รถแทร็กเตอร์,FORD,8210,39
2568,รถแทร็กเตอร์,FORD,8240,5
2568,รถแทร็กเตอร์,FORD,8260,1
2568,รถแทร็กเตอร์,FORD,8340,10
2568,รถแทร็กเตอร์,FORD,8360,1
2568,รถแทร็กเตอร์,FORD,ROBO S,8
2568,รถแทร็กเตอร์,FORD,TS100 4WD,1
2568,รถแทร็กเตอร์,FORD,TS90,1
2568,รถแทร็กเตอร์,FORD,,72
2568,รถแทร็กเตอร์,FORD-NEWHOLLAND,6640,3
2568,รถแทร็กเตอร์,FORD-NEWHOLLAND,G01655,1
2568,รถแทร็กเตอร์,FORD-NEWHOLLAND,,1
2568,รถแทร็กเตอร์,FORD/6600,6600,1
2568,รถแทร็กเตอร์,FORD/6600,,1
2568,รถแทร็กเตอร์,FORD/6610,6610,1
2568,รถแทร็กเตอร์,FOTON,,2
2568,รถแทร็กเตอร์,FOX,F918,1
2568,รถแทร็กเตอร์,FURUKAWA,FL325,1
2568,รถแทร็กเตอร์,FURUKAWA,HCR900-DSII,1
2568,รถแทร็กเตอร์,FURUKAWA,HCR900-DSIII,1
2568,รถแทร็กเตอร์,GEHL,R164,1
2568,รถแทร็กเตอร์,GEHL,TX-408,1
2568,รถแทร็กเตอร์,GOMACO,GP-2400,1
2568,รถแทร็กเตอร์,GOODSENSE,FD30,1
2568,รถแทร็กเตอร์,HAMM,3520,1
2568,รถแทร็กเตอร์,HANTA,CRP-35 II,3
2568,รถแทร็กเตอร์,HELI,ZL30GN1-CU1,1
2568,รถแทร็กเตอร์,HIDROMEK,HMK140W-3,1
2568,รถแทร็กเตอร์,HIDROMEK,HMK230LC3,16
2568,รถแทร็กเตอร์,HIDROMEK,HMK390LC3,1
2568,รถแทร็กเตอร์,HIDROMEK,MG 460,3
2568,รถแทร็กเตอร์,HIDROMEK,MG.460,2
2568,รถแทร็กเตอร์,HITACHI,BX100,5
2568,รถแทร็กเตอร์,HITACHI,EX120-2,1
2568,รถแทร็กเตอร์,HITACHI,EX120-5,1
2568,รถแทร็กเตอร์,HITACHI,EX135UR-5,1
2568,รถแทร็กเตอร์,HITACHI,EX370HD-5,1
2568,รถแทร็กเตอร์,HITACHI,EX450H-5,1
2568,รถแทร็กเตอร์,HITACHI,EX75UR,1
2568,รถแทร็กเตอร์,HITACHI,LX110-7,1
2568,รถแทร็กเตอร์,HITACHI,LX120-2C,1
2568,รถแทร็กเตอร์,HITACHI,LX130,1
2568,รถแทร็กเตอร์,HITACHI,LX160-7,2
2568,รถแทร็กเตอร์,HITACHI,LX200,1
2568,รถแทร็กเตอร์,HITACHI,LX230-7,1
2568,รถแทร็กเตอร์,HITACHI,SPD06-3,1
2568,รถแทร็กเตอร์,HITACHI,ZW100,2
2568,รถแทร็กเตอร์,HITACHI,ZW120,1
2568,รถแทร็กเตอร์,HITACHI,ZW140,2
2568,รถแทร็กเตอร์,HITACHI,ZW150-5B,2
2568,รถแทร็กเตอร์,HITACHI,ZW180-5B,1
2568,รถแทร็กเตอร์,HITACHI,ZW180-6,1
2568,รถแทร็กเตอร์,HITACHI,ZW220-5A,3
2568,รถแทร็กเตอร์,HITACHI,ZW220-5B,1
2568,รถแทร็กเตอร์,HITACHI,ZW220-6,2
2568,รถแทร็กเตอร์,HITACHI,ZW310-5A,2
2568,รถแทร็กเตอร์,HITACHI,ZW310-5B,1
2568,รถแทร็กเตอร์,HITACHI,ZW310-6,2
2568,รถแทร็กเตอร์,HITACHI,ZX120,4
2568,รถแทร็กเตอร์,HITACHI,ZX120-3,40
2568,รถแทร็กเตอร์,HITACHI,ZX120-5B,6
2568,รถแทร็กเตอร์,HITACHI,ZX120-6,4
2568,รถแทร็กเตอร์,HITACHI,ZX130-5G,23
2568,รถแทร็กเตอร์,HITACHI,ZX130K-3,1
2568,รถแทร็กเตอร์,HITACHI,ZX135US-3,7
2568,รถแทร็กเตอร์,HITACHI,ZX135US-5B,2
2568,รถแทร็กเตอร์,HITACHI,ZX135USK,1
2568,รถแทร็กเตอร์,HITACHI,ZX135USK-5B,1
2568,รถแทร็กเตอร์,HITACHI,ZX170W-5A,1
2568,รถแทร็กเตอร์,HITACHI,ZX200,6
2568,รถแทร็กเตอร์,HITACHI,ZX200-3,5
2568,รถแทร็กเตอร์,HITACHI,ZX200-5G,75
2568,รถแทร็กเตอร์,HITACHI,ZX210-6G,31
2568,รถแทร็กเตอร์,HITACHI,ZX210LC-5G,8
2568,รถแทร็กเตอร์,HITACHI,ZX330LC,1
2568,รถแทร็กเตอร์,HITACHI,ZX330LC-5G,1
2568,รถแทร็กเตอร์,HITACHI,ZX33U-5A,15
2568,รถแทร็กเตอร์,HITACHI,ZX350H-5G,9
2568,รถแทร็กเตอร์,HITACHI,ZX350H-7G,1
2568,รถแทร็กเตอร์,HITACHI,ZX38U-5A,1
2568,รถแทร็กเตอร์,HITACHI,ZX450,1
2568,รถแทร็กเตอร์,HITACHI,ZX470H-5G,1
2568,รถแทร็กเตอร์,HITACHI,ZX480LCK-3HL,1
2568,รถแทร็กเตอร์,HITACHI,ZX48U-5A,3
2568,รถแทร็กเตอร์,HITACHI,ZX55U-5A,6
2568,รถแทร็กเตอร์,HITACHI,ZX60,1
2568,รถแทร็กเตอร์,HITACHI,ZX70,1
2568,รถแทร็กเตอร์,HITACHI,ZX70-3,4
2568,รถแทร็กเตอร์,HITACHI,ZX70-5G,6
2568,รถแทร็กเตอร์,HITACHI,ZX75US-3,3
2568,รถแทร็กเตอร์,HITACHI,,3
2568,รถแทร็กเตอร์,HONDA,WAVE110I,1
2568,รถแทร็กเตอร์,HOWE TECH,CHR21QEV,4
2568,รถแทร็กเตอร์,HOWE TECH,CHR21SEV,11
2568,รถแทร็กเตอร์,HYUNDAI,HG170,11
2568,รถแทร็กเตอร์,HYUNDAI,HL665VL,1
2568,รถแทร็กเตอร์,HYUNDAI,HL667VL,2
2568,รถแทร็กเตอร์,HYUNDAI,HX210HD,18
2568,รถแทร็กเตอร์,HYUNDAI,HX220HD,10
2568,รถแทร็กเตอร์,HYUNDAI,HX300SG,3
2568,รถแทร็กเตอร์,HYUNDAI,HX35AZ,1
2568,รถแทร็กเตอร์,HYUNDAI,HX55S,2
2568,รถแทร็กเตอร์,HYUNDAI,R130S,2
2568,รถแทร็กเตอร์,HYUNDAI,R140W-9,9
2568,รถแทร็กเตอร์,HYUNDAI,R140W-9S,9
2568,รถแทร็กเตอร์,HYUNDAI,R170W-9,1
2568,รถแทร็กเตอร์,HYUNDAI,R60W-9S,2
2568,รถแทร็กเตอร์,HYUNDAI,ROBEX220-9S,1
2568,รถแทร็กเตอร์,IHI,55N,1
2568,รถแทร็กเตอร์,IHI,55N2,1
2568,รถแทร็กเตอร์,IHI,55N3,1
2568,รถแทร็กเตอร์,INGERSOLL-RAND,MT6520,1
2568,รถแทร็กเตอร์,ISEKI,HC80PGBHWE1T,16
2568,รถแทร็กเตอร์,ISEKI,NT540,7
2568,รถแทร็กเตอร์,ISEKI,NT540FSRE1T,1
2568,รถแทร็กเตอร์,ISEKI,NT542FSRE1T,110
2568,รถแทร็กเตอร์,ISEKI,NT554FSRE1T,122
2568,รถแทร็กเตอร์,ISEKI,NTZ227FRE11T,24
2568,รถแทร็กเตอร์,ISEKI,T97PVRE1L,1
2568,รถแทร็กเตอร์,ISEKI,T97PWCE1T,5
2568,รถแทร็กเตอร์,ISEKI,T97PWRE1T,4
2568,รถแทร็กเตอร์,JCB,155,1
2568,รถแทร็กเตอร์,JCB,2DX,2
2568,รถแทร็กเตอร์,JCB,300T,1
2568,รถแทร็กเตอร์,JCB,3CX PLUS,59
2568,รถแทร็กเตอร์,JCB,3CX PRO,16
2568,รถแทร็กเตอร์,JCB,3DX PLUS,1
2568,รถแทร็กเตอร์,JCB,3DX PRO,7
2568,รถแทร็กเตอร์,JCB,4CX,8
2568,รถแทร็กเตอร์,JCB,50Z-1,3
2568,รถแทร็กเตอร์,JCB,51R-1,7
2568,รถแทร็กเตอร์,JCB,530-110,6
2568,รถแทร็กเตอร์,JCB,531-70,1
2568,รถแทร็กเตอร์,JCB,540-140,1
2568,รถแทร็กเตอร์,JCB,540-70,1
2568,รถแทร็กเตอร์,JCB,JS140,1
2568,รถแทร็กเตอร์,JCB,JS140 NXT,1
2568,รถแทร็กเตอร์,JCB,JS215LC NXT,9
2568,รถแทร็กเตอร์,JCB,JS81,2
2568,รถแทร็กเตอร์,JINGONG,JGM857E,1
2568,รถแทร็กเตอร์,JINGONG,JGM9085LNZ-9G,22
2568,รถแทร็กเตอร์,JOHN DEERE,3028EN,9
2568,รถแทร็กเตอร์,JOHN DEERE,3036E,4
2568,รถแทร็กเตอร์,JOHN DEERE,3520,1
2568,รถแทร็กเตอร์,JOHN DEERE,5040D,59
2568,รถแทร็กเตอร์,JOHN DEERE,5045D,17
2568,รถแทร็กเตอร์,JOHN DEERE,5050D,12
2568,รถแทร็กเตอร์,JOHN DEERE,5050E,56
2568,รถแทร็กเตอร์,JOHN DEERE,5055E,21
2568,รถแทร็กเตอร์,JOHN DEERE,5065E,6
2568,รถแทร็กเตอร์,JOHN DEERE,5075E,12
2568,รถแทร็กเตอร์,JOHN DEERE,5076E,4
2568,รถแทร็กเตอร์,JOHN DEERE,5090E,3
2568,รถแทร็กเตอร์,JOHN DEERE,5310,3
2568,รถแทร็กเตอร์,JOHN DEERE,5310J,1
2568,รถแทร็กเตอร์,JOHN DEERE,5310J58,1
2568,รถแทร็กเตอร์,JOHN DEERE,5415,1
2568,รถแทร็กเตอร์,JOHN DEERE,5610,1
2568,รถแทร็กเตอร์,JOHN DEERE,5610J,2
2568,รถแทร็กเตอร์,JOHN DEERE,5610J_93,1
2568,รถแทร็กเตอร์,JOHN DEERE,5615,1
2568,รถแทร็กเตอร์,JOHN DEERE,5715,1
2568,รถแทร็กเตอร์,JOHN DEERE,6095B CAB,1
2568,รถแทร็กเตอร์,JOHN DEERE,6095B OOS,1
2568,รถแทร็กเตอร์,JOHN DEERE,6100,1
2568,รถแทร็กเตอร์,JOHN DEERE,6125M,1
2568,รถแทร็กเตอร์,JOHN DEERE,CH570,5
2568,รถแทร็กเตอร์,JOHN DEERE,E210,1
2568,รถแทร็กเตอร์,JOHN DEERE,WL56,2
2568,รถแทร็กเตอร์,JOHN DEERE,,5
2568,รถแทร็กเตอร์,KAWASAKI,70Z7,1
2568,รถแทร็กเตอร์,KAWASAKI,KLD6,1
2568,รถแทร็กเตอร์,KEESTRACK,F6,1
2568,รถแทร็กเตอร์,KEESTRACK,F8CR,1
2568,รถแทร็กเตอร์,KIOTI,CK2810,3
2568,รถแทร็กเตอร์,KIOTI,DS4110,2
2568,รถแทร็กเตอร์,KIOTI,EX50,1
2568,รถแทร็กเตอร์,KMT,5095,1
2568,รถแทร็กเตอร์,KOBELCO,SK115SR,1
2568,รถแทร็กเตอร์,KOBELCO,SK115SR-1ES,1
2568,รถแทร็กเตอร์,KOBELCO,SK120,1
2568,รถแทร็กเตอร์,KOBELCO,SK120-2,1
2568,รถแทร็กเตอร์,KOBELCO,SK120-3,2
2568,รถแทร็กเตอร์,KOBELCO,SK125SR,32
2568,รถแทร็กเตอร์,KOBELCO,SK125SR-3,16
2568,รถแทร็กเตอร์,KOBELCO,SK130-10,3
2568,รถแทร็กเตอร์,KOBELCO,SK130-10E,6
2568,รถแทร็กเตอร์,KOBELCO,SK130-8,1
2568,รถแทร็กเตอร์,KOBELCO,SK130SR+-3,1
2568,รถแทร็กเตอร์,KOBELCO,SK135SR,3
2568,รถแทร็กเตอร์,KOBELCO,SK135SR-1ES,2
2568,รถแทร็กเตอร์,KOBELCO,SK135SR-2,31
2568,รถแทร็กเตอร์,KOBELCO,SK135SR-3,39
2568,รถแทร็กเตอร์,KOBELCO,SK135SR-3F,1
2568,รถแทร็กเตอร์,KOBELCO,SK135SR-5,3
2568,รถแทร็กเตอร์,KOBELCO,SK135SRD-2,1
2568,รถแทร็กเตอร์,KOBELCO,SK135SRD-3,4
2568,รถแทร็กเตอร์,KOBELCO,SK135SRD-5,2
2568,รถแทร็กเตอร์,KOBELCO,SK135SRLC-2,2
2568,รถแทร็กเตอร์,KOBELCO,SK140-8,1
2568,รถแทร็กเตอร์,KOBELCO,SK140LC-11,55
2568,รถแทร็กเตอร์,KOBELCO,SK140LC-8,5
2568,รถแทร็กเตอร์,KOBELCO,SK140LC-8 SUPER X,11
2568,รถแทร็กเตอร์,KOBELCO,SK140LC-8 SUPER XM,53
2568,รถแทร็กเตอร์,KOBELCO,SK200,5
2568,รถแทร็กเตอร์,KOBELCO,SK200-1,2
2568,รถแทร็กเตอร์,KOBELCO,SK200-10,55
2568,รถแทร็กเตอร์,KOBELCO,SK200-10 SM,166
2568,รถแทร็กเตอร์,KOBELCO,SK200-10 SM X,1
2568,รถแทร็กเตอร์,KOBELCO,SK200-3,2
2568,รถแทร็กเตอร์,KOBELCO,SK200-6,1
2568,รถแทร็กเตอร์,KOBELCO,SK200-6E,1
2568,รถแทร็กเตอร์,KOBELCO,SK200-6ES,1
2568,รถแทร็กเตอร์,KOBELCO,SK200-8,8
2568,รถแทร็กเตอร์,KOBELCO,SK200-8 SUPER,6
2568,รถแทร็กเตอร์,KOBELCO,SK200-8 SUPER X,19
2568,รถแทร็กเตอร์,KOBELCO,SK200-8 SUPER XM,31
2568,รถแทร็กเตอร์,KOBELCO,SK200-9,12
2568,รถแทร็กเตอร์,KOBELCO,SK200-VIS,1
2568,รถแทร็กเตอร์,KOBELCO,SK200LC,1
2568,รถแทร็กเตอร์,KOBELCO,SK200VI LC,1
2568,รถแทร็กเตอร์,KOBELCO,SK210D-9,1
2568,รถแทร็กเตอร์,KOBELCO,SK210DLC-9,3
2568,รถแทร็กเตอร์,KOBELCO,SK210LC-10,18
2568,รถแทร็กเตอร์,KOBELCO,SK210LC-8,1
2568,รถแทร็กเตอร์,KOBELCO,SK210LC-9,3
2568,รถแทร็กเตอร์,KOBELCO,SK235SRD-3,1
2568,รถแทร็กเตอร์,KOBELCO,SK235SRDLC-3,1
2568,รถแทร็กเตอร์,KOBELCO,SK260DLC-10,1
2568,รถแทร็กเตอร์,KOBELCO,SK260LC-10,6
2568,รถแทร็กเตอร์,KOBELCO,SK260LC-8 SUPER,1
2568,รถแทร็กเตอร์,KOBELCO,SK320LC,1
2568,รถแทร็กเตอร์,KOBELCO,SK330-10,1
2568,รถแทร็กเตอร์,KOBELCO,SK330-9,1
2568,รถแทร็กเตอร์,KOBELCO,SK35SR-6,11
2568,รถแทร็กเตอร์,KOBELCO,SK380XDLC-10,1
2568,รถแทร็กเตอร์,KOBELCO,SK45SR-6,18
2568,รถแทร็กเตอร์,KOBELCO,SK470-9,1
2568,รถแทร็กเตอร์,KOBELCO,SK50P-6,9
2568,รถแทร็กเตอร์,KOBELCO,SK55-C,1
2568,รถแทร็กเตอร์,KOBELCO,SK60-10,4
2568,รถแทร็กเตอร์,KOBELCO,SK60-3,1
2568,รถแทร็กเตอร์,KOBELCO,SK60-8,7
2568,รถแทร็กเตอร์,KOBELCO,SK70SR-1ES,2
2568,รถแทร็กเตอร์,KOBELCO,SK70SR-2,5
2568,รถแทร็กเตอร์,KOBELCO,SK75-11,15
2568,รถแทร็กเตอร์,KOBELCO,SK75-8,28
2568,รถแทร็กเตอร์,KOBELCO,SK75SR-3,18
2568,รถแทร็กเตอร์,KOBELCO,SK75SR-3E,2
2568,รถแทร็กเตอร์,KOBELCO,,2
2568,รถแทร็กเตอร์,KOMATSU,128US-2,1
2568,รถแทร็กเตอร์,KOMATSU,510,2
2568,รถแทร็กเตอร์,KOMATSU,515-2,1
2568,รถแทร็กเตอร์,KOMATSU,D20P-7E,1
2568,รถแทร็กเตอร์,KOMATSU,D20P-8,1
2568,รถแทร็กเตอร์,KOMATSU,D21P-8,2
2568,รถแทร็กเตอร์,KOMATSU,D39PX-22,2
2568,รถแทร็กเตอร์,KOMATSU,D65EX-16,2
2568,รถแทร็กเตอร์,KOMATSU,FD45T-10,1
2568,รถแทร็กเตอร์,KOMATSU,GD405A-2,3
2568,รถแทร็กเตอร์,KOMATSU,GD405A-3,3
2568,รถแทร็กเตอร์,KOMATSU,GD405A-3Y,1
2568,รถแทร็กเตอร์,KOMATSU,GD655-5,18
2568,รถแทร็กเตอร์,KOMATSU,HB215-2,1
2568,รถแทร็กเตอร์,KOMATSU,PC120-11,4
2568,รถแทร็กเตอร์,KOMATSU,PC120-6,2
2568,รถแทร็กเตอร์,KOMATSU,PC120-6E,1
2568,รถแทร็กเตอร์,KOMATSU,PC120-6ZE,1
2568,รถแทร็กเตอร์,KOMATSU,PC120-8,37
2568,รถแทร็กเตอร์,KOMATSU,PC128US-10,4
2568,รถแทร็กเตอร์,KOMATSU,PC128US-11,3
2568,รถแทร็กเตอร์,KOMATSU,PC128US-8,9
2568,รถแทร็กเตอร์,KOMATSU,PC130-10M0,47
2568,รถแทร็กเตอร์,KOMATSU,PC130-6K,1
2568,รถแทร็กเตอร์,KOMATSU,PC130-7,3
2568,รถแทร็กเตอร์,KOMATSU,PC130-7K,2
2568,รถแทร็กเตอร์,KOMATSU,PC130-8,31
2568,รถแทร็กเตอร์,KOMATSU,PC130-8M0,1
2568,รถแทร็กเตอร์,KOMATSU,PC138US-10,4
2568,รถแทร็กเตอร์,KOMATSU,PC138US-2E1,2
2568,รถแทร็กเตอร์,KOMATSU,PC138US-8,4
2568,รถแทร็กเตอร์,KOMATSU,PC160LC-8,3
2568,รถแทร็กเตอร์,KOMATSU,PC170LC-10,2
2568,รถแทร็กเตอร์,KOMATSU,PC200-10,2
2568,รถแทร็กเตอร์,KOMATSU,PC200-10M0,54
2568,รถแทร็กเตอร์,KOMATSU,PC200-10M0 STD,2
2568,รถแทร็กเตอร์,KOMATSU,PC200-5,1
2568,รถแทร็กเตอร์,KOMATSU,PC200-6,1
2568,รถแทร็กเตอร์,KOMATSU,PC200-7,8
2568,รถแทร็กเตอร์,KOMATSU,PC200-7A,1
2568,รถแทร็กเตอร์,KOMATSU,PC200-8,9
2568,รถแทร็กเตอร์,KOMATSU,PC200-8A,1
2568,รถแทร็กเตอร์,KOMATSU,PC200-8M0,44
2568,รถแทร็กเตอร์,KOMATSU,PC200-8N1,6
2568,รถแทร็กเตอร์,KOMATSU,PC200LC-10,2
2568,รถแทร็กเตอร์,KOMATSU,PC200LC-8,2
2568,รถแทร็กเตอร์,KOMATSU,PC200LC-8M0(SLF),6
2568,รถแทร็กเตอร์,KOMATSU,PC210-10M0,162
2568,รถแทร็กเตอร์,KOMATSU,PC210LC-10M0,16
2568,รถแทร็กเตอร์,KOMATSU,PC220LC-10,1
2568,รถแทร็กเตอร์,KOMATSU,PC300-8,5
2568,รถแทร็กเตอร์,KOMATSU,PC300-8M0,1
2568,รถแทร็กเตอร์,KOMATSU,PC30MR,1
2568,รถแทร็กเตอร์,KOMATSU,PC30MR-2,1
2568,รถแทร็กเตอร์,KOMATSU,PC30MR-3,37
2568,รถแทร็กเตอร์,KOMATSU,PC30MR-3N1,1
2568,รถแทร็กเตอร์,KOMATSU,PC350-8M0,4
2568,รถแทร็กเตอร์,KOMATSU,PC350-8M2,8
2568,รถแทร็กเตอร์,KOMATSU,PC35MR-3,2
2568,รถแทร็กเตอร์,KOMATSU,PC35R-8,1
2568,รถแทร็กเตอร์,KOMATSU,PC40MR-2,2
2568,รถแทร็กเตอร์,KOMATSU,PC40MR-3,5
2568,รถแทร็กเตอร์,KOMATSU,PC450LC-8R,1
2568,รถแทร็กเตอร์,KOMATSU,PC45MR-3,22
2568,รถแทร็กเตอร์,KOMATSU,PC45MR-5,2
2568,รถแทร็กเตอร์,KOMATSU,PC50MR-2,1
2568,รถแทร็กเตอร์,KOMATSU,PC55MR-2,2
2568,รถแทร็กเตอร์,KOMATSU,PC55MR-3,1
2568,รถแทร็กเตอร์,KOMATSU,PC56-7,18
2568,รถแทร็กเตอร์,KOMATSU,PC58-8,9
2568,รถแทร็กเตอร์,KOMATSU,PC60-6,1
2568,รถแทร็กเตอร์,KOMATSU,PC60-7,5
2568,รถแทร็กเตอร์,KOMATSU,PC60-8,3
2568,รถแทร็กเตอร์,KOMATSU,PC70-8,42
2568,รถแทร็กเตอร์,KOMATSU,PC70-8 BLD,2
2568,รถแทร็กเตอร์,KOMATSU,PC78US-10,1
2568,รถแทร็กเตอร์,KOMATSU,PC78US-6N0,1
2568,รถแทร็กเตอร์,KOMATSU,PC78US-6NO,1
2568,รถแทร็กเตอร์,KOMATSU,PC78US-8,7
2568,รถแทร็กเตอร์,KOMATSU,PW128UU-1,1
2568,รถแทร็กเตอร์,KOMATSU,PW130-6,1
2568,รถแทร็กเตอร์,KOMATSU,PW200-7,1
2568,รถแทร็กเตอร์,KOMATSU,WA100-1,1
2568,รถแทร็กเตอร์,KOMATSU,WA100-5,3
2568,รถแทร็กเตอร์,KOMATSU,WA100-6,2
2568,รถแทร็กเตอร์,KOMATSU,WA100-7,5
2568,รถแทร็กเตอร์,KOMATSU,WA100-8,2
2568,รถแทร็กเตอร์,KOMATSU,WA100M-3,1
2568,รถแทร็กเตอร์,KOMATSU,WA150-5,1
2568,รถแทร็กเตอร์,KOMATSU,WA150-6,8
2568,รถแทร็กเตอร์,KOMATSU,WA180-3A,1
2568,รถแทร็กเตอร์,KOMATSU,WA200-1,2
2568,รถแทร็กเตอร์,KOMATSU,WA200-3E,3
2568,รถแทร็กเตอร์,KOMATSU,WA200-5,4
2568,รถแทร็กเตอร์,KOMATSU,WA200-6,5
2568,รถแทร็กเตอร์,KOMATSU,WA200-6Y,1
2568,รถแทร็กเตอร์,KOMATSU,WA200-7,7
2568,รถแทร็กเตอร์,KOMATSU,WA200-8,5
2568,รถแทร็กเตอร์,KOMATSU,WA270-5,2
2568,รถแทร็กเตอร์,KOMATSU,WA270-5Y,1
2568,รถแทร็กเตอร์,KOMATSU,WA270-7,3
2568,รถแทร็กเตอร์,KOMATSU,WA270-8,5
2568,รถแทร็กเตอร์,KOMATSU,WA300-1,1
2568,รถแทร็กเตอร์,KOMATSU,WA320-5,2
2568,รถแทร็กเตอร์,KOMATSU,WA320-6,5
2568,รถแทร็กเตอร์,KOMATSU,WA320-7,4
2568,รถแทร็กเตอร์,KOMATSU,WA320-8,9
2568,รถแทร็กเตอร์,KOMATSU,WA350-3,2
2568,รถแทร็กเตอร์,KOMATSU,WA380-3,1
2568,รถแทร็กเตอร์,KOMATSU,WA380-3A,1
2568,รถแทร็กเตอร์,KOMATSU,WA380-6,2
2568,รถแทร็กเตอร์,KOMATSU,WA380-7,3
2568,รถแทร็กเตอร์,KOMATSU,WA380-8,10
2568,รถแทร็กเตอร์,KOMATSU,WA380Z-6,2
2568,รถแทร็กเตอร์,KOMATSU,WA430-5,1
2568,รถแทร็กเตอร์,KOMATSU,WA470-10,2
2568,รถแทร็กเตอร์,KOMATSU,WA470-6,1
2568,รถแทร็กเตอร์,KOMATSU,WA470-6R,2
2568,รถแทร็กเตอร์,KOMATSU,WA470-7,3
2568,รถแทร็กเตอร์,KOMATSU,WA470-8,4
2568,รถแทร็กเตอร์,KOMATSU,WA50-6,5
2568,รถแทร็กเตอร์,KOMATSU,WA500-7,1
2568,รถแทร็กเตอร์,KOMATSU,WB93R-2,1
2568,รถแทร็กเตอร์,KOMATSU,WR8-1,1
2568,รถแทร็กเตอร์,KOMATSU/PC30-7E,PC30-7E,1
2568,รถแทร็กเตอร์,KOMATSU/PC30MR-1,PC30MR-1,1
2568,รถแทร็กเตอร์,KOMATSU/PC35MR-1,,1
2568,รถแทร็กเตอร์,KOMATSU/PC35MR-2,PC35MR-2,1
2568,รถแทร็กเตอร์,KOMATSU/PC35MR-2,,1
2568,รถแทร็กเตอร์,KOMATSU/PC45-1,,1
2568,รถแทร็กเตอร์,KOMATSU/PC70-8,PC70-8,1
2568,รถแทร็กเตอร์,KUBOTA,-3C TH H NBK,1
2568,รถแทร็กเตอร์,KUBOTA,91-3S2TH HSPLA NBK,1
2568,รถแทร็กเตอร์,KUBOTA,B2140D,1
2568,รถแทร็กเตอร์,KUBOTA,B2140SD (6C617-11100),261
2568,รถแทร็กเตอร์,KUBOTA,B2140SD (6C617-11110),437
2568,รถแทร็กเตอร์,KUBOTA,B2401D-THA (6C657-11000),42
2568,รถแทร็กเตอร์,KUBOTA,B2401DWO-USA,36
2568,รถแทร็กเตอร์,KUBOTA,B2440,2
2568,รถแทร็กเตอร์,KUBOTA,B2440D(6C527-11000),1
2568,รถแทร็กเตอร์,KUBOTA,B2440SD (6C627-11000),1802
2568,รถแทร็กเตอร์,KUBOTA,B2740SD (6C637-12000),1578
2568,รถแทร็กเตอร์,KUBOTA,B2740SD-AC(6C699-12000),1
2568,รถแทร็กเตอร์,KUBOTA,CB-105X (5T124-90000),3
2568,รถแทร็กเตอร์,KUBOTA,CB-108X-TH (5T286-90000),69
2568,รถแทร็กเตอร์,KUBOTA,CB-108X-THK (5T286-90001),1
2568,รถแทร็กเตอร์,KUBOTA,CB-120X-TH (5T262-90000),77
2568,รถแทร็กเตอร์,KUBOTA,CB-70,1
2568,รถแทร็กเตอร์,KUBOTA,CB-70 (5T078-90000),1
2568,รถแทร็กเตอร์,KUBOTA,CB-70(5T078-91000),2
2568,รถแทร็กเตอร์,KUBOTA,CB-70G (5T078-91000),1
2568,รถแทร็กเตอร์,KUBOTA,CB-93G-TH-K (5T127-90001),60
2568,รถแทร็กเตอร์,KUBOTA,CB70G-1TH (5T277-80000),101
2568,รถแทร็กเตอร์,KUBOTA,CB70G-3TH (5T277-80300),281
2568,รถแทร็กเตอร์,KUBOTA,CB70G3THCCH (5T277-83000),5
2568,รถแทร็กเตอร์,KUBOTA,DC-105X,8
2568,รถแทร็กเตอร์,KUBOTA,DC-105X(5T124-00000),2
2568,รถแทร็กเตอร์,KUBOTA,DC-108X-TH (5T286-00000),238
2568,รถแทร็กเตอร์,KUBOTA,DC-120X-TH (5T262-00000),220
2568,รถแทร็กเตอร์,KUBOTA,DC-35-PH,1
2568,รถแทร็กเตอร์,KUBOTA,DC-68G,1
2568,รถแทร็กเตอร์,KUBOTA,DC-70(5T078-10000),2
2568,รถแทร็กเตอร์,KUBOTA,DC-70G,2
2568,รถแทร็กเตอร์,KUBOTA,DC-70G-KH,2
2568,รถแทร็กเตอร์,KUBOTA,DC-93G-TH-K (5T127-00001),180
2568,รถแทร็กเตอร์,KUBOTA,DC-93H (5T131-00000),1
2568,รถแทร็กเตอร์,KUBOTA,DC-93H-TH-K (5T131-00001),2
2568,รถแทร็กเตอร์,KUBOTA,DC-95GM,2
2568,รถแทร็กเตอร์,KUBOTA,DC70,1
2568,รถแทร็กเตอร์,KUBOTA,DC70G-1TH (5T277-10000),350
2568,รถแทร็กเตอร์,KUBOTA,DC70G-1TH-K (5T277-10014),1
2568,รถแทร็กเตอร์,KUBOTA,DC70G-3TH (5T277-10300),1057
2568,รถแทร็กเตอร์,KUBOTA,DC70G3THCCH (5T277-82000),2
2568,รถแทร็กเตอร์,KUBOTA,DC70H-1TH (5T276-10000),12
2568,รถแทร็กเตอร์,KUBOTA,DC70H-3TH (5T276-10300),47
2568,รถแทร็กเตอร์,KUBOTA,DC95GMKH,1
2568,รถแทร็กเตอร์,KUBOTA,KL500,1
2568,รถแทร็กเตอร์,KUBOTA,KX033-4,350
2568,รถแทร็กเตอร์,KUBOTA,KX033-4 AC,1253
2568,รถแทร็กเตอร์,KUBOTA,KX080-3S,29
2568,รถแทร็กเตอร์,KUBOTA,KX155-3SZ,1
2568,รถแทร็กเตอร์,KUBOTA,KX161-3C TH SPAC NBK,1
2568,รถแทร็กเตอร์,KUBOTA,KX161-3SZ,4
2568,รถแทร็กเตอร์,KUBOTA,KX185-3,1
2568,รถแทร็กเตอร์,KUBOTA,KX91-3S2,2
2568,รถแทร็กเตอร์,KUBOTA,KX91-3SX,1
2568,รถแทร็กเตอร์,KUBOTA,KX91-3SX AC,1
2568,รถแทร็กเตอร์,KUBOTA,L2808DT,1
2568,รถแทร็กเตอร์,KUBOTA,L3008DT,1
2568,รถแทร็กเตอร์,KUBOTA,L3208SP,1
2568,รถแทร็กเตอร์,KUBOTA,L3218DT,1
2568,รถแทร็กเตอร์,KUBOTA,L3218DT (TC812-15100),3
2568,รถแทร็กเตอร์,KUBOTA,L3218DT(TC812-15100),1
2568,รถแทร็กเตอร์,KUBOTA,L3218SP (TC872-15100),43
2568,รถแทร็กเตอร์,KUBOTA,L3218SP-F (TC872-16100),76
2568,รถแทร็กเตอร์,KUBOTA,L3228 (TC912-15100),170
2568,รถแทร็กเตอร์,KUBOTA,L3228-F (TC912-19100),575
2568,รถแทร็กเตอร์,KUBOTA,L3408DT,6
2568,รถแทร็กเตอร์,KUBOTA,L3608DT,2
2568,รถแทร็กเตอร์,KUBOTA,L3608SP,2
2568,รถแทร็กเตอร์,KUBOTA,L3608SP(TC522-15100),3
2568,รถแทร็กเตอร์,KUBOTA,L4018DT VARI.TIRE,2
2568,รถแทร็กเตอร์,KUBOTA,L4018DT(TC822-15100),6
2568,รถแทร็กเตอร์,KUBOTA,L4018SP (TC882-15100),196
2568,รถแทร็กเตอร์,KUBOTA,L4018SP-F (TC882-16100),1018
2568,รถแทร็กเตอร์,KUBOTA,L4018SP-VF (TC882-16500),44
2568,รถแทร็กเตอร์,KUBOTA,L4018SP-VT (TC882-15500),9
2568,รถแทร็กเตอร์,KUBOTA,L4028 (TC922-15100),495
2568,รถแทร็กเตอร์,KUBOTA,L4028-F (TC922-19100),3347
2568,รถแทร็กเตอร์,KUBOTA,L4028-V (TC922-15500),18
2568,รถแทร็กเตอร์,KUBOTA,L4028-VF (TC922-19500),260
2568,รถแทร็กเตอร์,KUBOTA,L4508DT,1
2568,รถแทร็กเตอร์,KUBOTA,L4708DT,5
2568,รถแทร็กเตอร์,KUBOTA,L5018 DT (TRACTOR L5018),1
2568,รถแทร็กเตอร์,KUBOTA,L5018DT,4
2568,รถแทร็กเตอร์,KUBOTA,L5018DT (TC832-15100),2
2568,รถแทร็กเตอร์,KUBOTA,L5018DT(TC832-15100),3
2568,รถแทร็กเตอร์,KUBOTA,L5018DT(TC832-15500),1
2568,รถแทร็กเตอร์,KUBOTA,L5018SP (TC892-15100),424
2568,รถแทร็กเตอร์,KUBOTA,L5018SP-C (TC892-55100),12
2568,รถแทร็กเตอร์,KUBOTA,L5018SP-CF (TC892-56100),222
2568,รถแทร็กเตอร์,KUBOTA,L5018SP-CVF (TC892-56500),9
2568,รถแทร็กเตอร์,KUBOTA,L5018SP-F (TC892-16100),4653
2568,รถแทร็กเตอร์,KUBOTA,L5018SP-SF (TC892-16103),44
2568,รถแทร็กเตอร์,KUBOTA,L5018SP-SG (TC892-15103),7
2568,รถแทร็กเตอร์,KUBOTA,L5018SP-VF (TC892-16500),576
2568,รถแทร็กเตอร์,KUBOTA,L5018SP-VSF (TC892-16503),31
2568,รถแทร็กเตอร์,KUBOTA,L5018SP-VT (TC892-15500),21
2568,รถแทร็กเตอร์,KUBOTA,L5018SPVTSG (TC892-15503),5
2568,รถแทร็กเตอร์,KUBOTA,L5228 (TC942-15100),397
2568,รถแทร็กเตอร์,KUBOTA,L5228-C-T (TC942-55300),6
2568,รถแทร็กเตอร์,KUBOTA,L5228-C-TF (TC942-59300),219
2568,รถแทร็กเตอร์,KUBOTA,L5228-C-TL (TC942-56300),4
2568,รถแทร็กเตอร์,KUBOTA,L5228-C-TVF (TC942-59700),11
2568,รถแทร็กเตอร์,KUBOTA,L5228-F (TC942-19100),4751
2568,รถแทร็กเตอร์,KUBOTA,L5228-FS (TC942-14100),83
2568,รถแทร็กเตอร์,KUBOTA,L5228-S (TC942-13100),9
2568,รถแทร็กเตอร์,KUBOTA,L5228-V (TC942-15500),19
2568,รถแทร็กเตอร์,KUBOTA,L5228-VF (TC942-19500),411
2568,รถแทร็กเตอร์,KUBOTA,L5228-VFS (TC942-14500),11
2568,รถแทร็กเตอร์,KUBOTA,L5228-VFS(TC942-14500),4
2568,รถแทร็กเตอร์,KUBOTA,L5228-VS (TC942-13500),1
2568,รถแทร็กเตอร์,KUBOTA,M108S,354
2568,รถแทร็กเตอร์,KUBOTA,M135X,30
2568,รถแทร็กเตอร์,KUBOTA,M5000,1
2568,รถแทร็กเตอร์,KUBOTA,M6040DT-TH (3C319-00000),100
2568,รถแทร็กเตอร์,KUBOTA,M6040SU,7
2568,รถแทร็กเตอร์,KUBOTA,M6040SU-HL,8
2568,รถแทร็กเตอร์,KUBOTA,M6240SUH,1728
2568,รถแทร็กเตอร์,KUBOTA,M7040,19
2568,รถแทร็กเตอร์,KUBOTA,M7040DT,93
2568,รถแทร็กเตอร์,KUBOTA,M7172S3C-MLHT1-P,2
2568,รถแทร็กเตอร์,KUBOTA,M7508DTH,861
2568,รถแทร็กเตอร์,KUBOTA,M8540,1
2568,รถแทร็กเตอร์,KUBOTA,M8808DTH,421
2568,รถแทร็กเตอร์,KUBOTA,M9000DT,2
2568,รถแทร็กเตอร์,KUBOTA,M9540,5
2568,รถแทร็กเตอร์,KUBOTA,M9540DTH,3
2568,รถแทร็กเตอร์,KUBOTA,M9808DTH,678
2568,รถแทร็กเตอร์,KUBOTA,MU4902DT (TE012-15000),485
2568,รถแทร็กเตอร์,KUBOTA,MU5501DT THAI,3
2568,รถแทร็กเตอร์,KUBOTA,MU5702DT,1
2568,รถแทร็กเตอร์,KUBOTA,MU5702DT (TE022-15000),538
2568,รถแทร็กเตอร์,KUBOTA,R430M,16
2568,รถแทร็กเตอร์,KUBOTA,RA300,1
2568,รถแทร็กเตอร์,KUBOTA,U-30-5,4
2568,รถแทร็กเตอร์,KUBOTA,U-35-5,1
2568,รถแทร็กเตอร์,KUBOTA,U-40-6,1
2568,รถแทร็กเตอร์,KUBOTA,U008-5SVFRGX0TH,9
2568,รถแทร็กเตอร์,KUBOTA,U15-3TH2 T,1
2568,รถแทร็กเตอร์,KUBOTA,U17,131
2568,รถแทร็กเตอร์,KUBOTA,U30-5,2
2568,รถแทร็กเตอร์,KUBOTA,U36-6,10
2568,รถแทร็กเตอร์,KUBOTA,U36-6 AC,56
2568,รถแทร็กเตอร์,KUBOTA,U40-6,1
2568,รถแทร็กเตอร์,KUBOTA,U55-6,1
2568,รถแทร็กเตอร์,KUBOTA,U55-6 AC,1
2568,รถแทร็กเตอร์,KUBOTA,U55-6S,49
2568,รถแทร็กเตอร์,KUBOTA,U55-6S AC,765
2568,รถแทร็กเตอร์,KUBOTA,,1
2568,รถแทร็กเตอร์,KUBOTA/DC-70G,DC-70G,1
2568,รถแทร็กเตอร์,KUBOTA/KX161-3SZ,,1
2568,รถแทร็กเตอร์,KUBOTA/U-20-3S,U-20-3S,2
2568,รถแทร็กเตอร์,KUBOTA/U-30-5,U-30-5,1
2568,รถแทร็กเตอร์,KUBOTA/U-40-6,,1
2568,รถแทร็กเตอร์,KUBOTA/U40-6,U40-6,1
2568,รถแทร็กเตอร์,LISHIDE,SC60,1
2568,รถแทร็กเตอร์,LIUGONG,508E,1
2568,รถแทร็กเตอร์,LIUGONG,816H,2
2568,รถแทร็กเตอร์,LIUGONG,835T,4
2568,รถแทร็กเตอร์,LIUGONG,842T,3
2568,รถแทร็กเตอร์,LIUGONG,9035FZTS,1
2568,รถแทร็กเตอร์,LIUGONG,906FG4,1
2568,รถแทร็กเตอร์,LIUGONG,CLG4215D,6
2568,รถแทร็กเตอร์,LIUGONG,CLG6620E,1
2568,รถแทร็กเตอร์,LIUGONG,CLG764A,4
2568,รถแทร็กเตอร์,LIUGONG,CLG816C,1
2568,รถแทร็กเตอร์,LIUGONG,CLG825C,1
2568,รถแทร็กเตอร์,LIUGONG,CLG835,4
2568,รถแทร็กเตอร์,LIUGONG,CLG835H,16
2568,รถแทร็กเตอร์,LIUGONG,CLG836,1
2568,รถแทร็กเตอร์,LIUGONG,CLG842,1
2568,รถแทร็กเตอร์,LIUGONG,CLG856H,7
2568,รถแทร็กเตอร์,LIUGONG,CLG862H,5
2568,รถแทร็กเตอร์,LIUGONG,CLG9035E,1
2568,รถแทร็กเตอร์,LIUGONG,CLG908E,2
2568,รถแทร็กเตอร์,LIUGONG,CLG913E,2
2568,รถแทร็กเตอร์,LIUGONG,CLG915E,1
2568,รถแทร็กเตอร์,LIUGONG,CLG920D,1
2568,รถแทร็กเตอร์,LIUGONG,CLG920E,23
2568,รถแทร็กเตอร์,LIUGONG,CLG922E,25
2568,รถแทร็กเตอร์,LIUGONG,CLG933E,1
2568,รถแทร็กเตอร์,LIUGONG,CLG938EHD,4
2568,รถแทร็กเตอร์,LIUGONG,CLG952EHD,1
2568,รถแทร็กเตอร์,LIUGONG,CLGB160C,5
2568,รถแทร็กเตอร์,LIUGONG,CLGB160CL,1
2568,รถแทร็กเตอร์,LIUGONG,CLGB160CR,2
2568,รถแทร็กเตอร์,LIUGONG,CLGB161CL,4
2568,รถแทร็กเตอร์,LIUGONG,CLGB230C,1
2568,รถแทร็กเตอร์,LIUGONG,CLGW915E,6
2568,รถแทร็กเตอร์,LIUGONG,M200E,2
2568,รถแทร็กเตอร์,LIUGONG,S935A,1
2568,รถแทร็กเตอร์,LIUGONG,ZL50CN,3
2568,รถแทร็กเตอร์,LONKING,CDM816D,1
2568,รถแทร็กเตอร์,LOVOL,EURO LM854,2
2568,รถแทร็กเตอร์,LOVOL,EURO TB,35
2568,รถแทร็กเตอร์,LOVOL,EURO TD,13
2568,รถแทร็กเตอร์,LOVOL,EURO TE,15
2568,รถแทร็กเตอร์,LOVOL,EURO TH,12
2568,รถแทร็กเตอร์,LOVOL,EURO TQ,3
2568,รถแทร็กเตอร์,LOVOL,EURO TX,1
2568,รถแทร็กเตอร์,LOVOL,FL946F-II,1
2568,รถแทร็กเตอร์,LOVOL,FR36F-U,7
2568,รถแทร็กเตอร์,LOVOL,FR55F-U,1
2568,รถแทร็กเตอร์,LOVOL,P4110,3
2568,รถแทร็กเตอร์,LOVOL,RG108PLUS,4
2568,รถแทร็กเตอร์,LOVOL,TE404,1
2568,รถแทร็กเตอร์,LOVOL,TE504,1
2568,รถแทร็กเตอร์,LOVOL,TM2E2A404-028K,1
2568,รถแทร็กเตอร์,LOVOL,TM2E3A504-027K,1
2568,รถแทร็กเตอร์,LOVOL,TM3Y1A754-026K,1
2568,รถแทร็กเตอร์,LOVOL,TM3Y1A754-031K,1
2568,รถแทร็กเตอร์,LOVOL,TP4A1A1104-007K,1
2568,รถแทร็กเตอร์,LUGONG,LG940,1
2568,รถแทร็กเตอร์,LUGONG,LG940L,1
2568,รถแทร็กเตอร์,LUGONG,T932L,2
2568,รถแทร็กเตอร์,LUGONG,T936L,1
2568,รถแทร็กเตอร์,LUYU,930FN,1
2568,รถแทร็กเตอร์,LUYU,932FN,1
2568,รถแทร็กเตอร์,LUYU,940LN,1
2568,รถแทร็กเตอร์,MAHINDRA,2121,3
2568,รถแทร็กเตอร์,MAHINDRA,2124,3
2568,รถแทร็กเตอร์,MAHINDRA,2127,3
2568,รถแทร็กเตอร์,MAHINDRA,2130,2
2568,รถแทร็กเตอร์,MAHINDRA,3136,4
2568,รถแทร็กเตอร์,MAHINDRA,3140,5
2568,รถแทร็กเตอร์,MAHINDRA,5050,15
2568,รถแทร็กเตอร์,MAHINDRA,5050 4WD,4
2568,รถแทร็กเตอร์,MAHINDRA,6065,2
2568,รถแทร็กเตอร์,MAHINDRA,6075,4
2568,รถแทร็กเตอร์,MAHINDRA,6075 4WD,1
2568,รถแทร็กเตอร์,MAHINDRA,76 105 B,1
2568,รถแทร็กเตอร์,MAHINDRA,OJA 2130,1
2568,รถแทร็กเตอร์,MASSCYFERCUSON,,1
2568,รถแทร็กเตอร์,MASSEY FERGUSON,MF2635,2
2568,รถแทร็กเตอร์,MASSEY FERGUSON,MF455 XTRA,1
2568,รถแทร็กเตอร์,MASSEY FERGUSON,MF4707 NON CAB,4
2568,รถแทร็กเตอร์,MASSEY FERGUSON,MF4708,1
2568,รถแทร็กเตอร์,MASSEY FERGUSON,MF5710 CAB,1
2568,รถแทร็กเตอร์,MASSEY FERGUSON,MF5710 NON CAB,3
2568,รถแทร็กเตอร์,MASSEY FERGUSON,MF7618 DYNA6,2
2568,รถแทร็กเตอร์,MITSUBISHI,BD2H,2
2568,รถแทร็กเตอร์,MITSUBISHI,BD2J,2
2568,รถแทร็กเตอร์,MITSUBISHI,GX5000,1
2568,รถแทร็กเตอร์,MITSUBISHI,MF61E,1
2568,รถแทร็กเตอร์,MITSUBISHI,MF61WE,1
2568,รถแทร็กเตอร์,MITSUBISHI,MG 150,1
2568,รถแทร็กเตอร์,MITSUBISHI,MG230,1
2568,รถแทร็กเตอร์,MITSUBISHI,MG500-S,2
2568,รถแทร็กเตอร์,MITSUBISHI,MG500S-E,1
2568,รถแทร็กเตอร์,MITSUBISHI,SR320,2
2568,รถแทร็กเตอร์,MST,M544S,2
2568,รถแทร็กเตอร์,MYZG,ZL953,1
2568,รถแทร็กเตอร์,NEWHOLLAND,4630,1
2568,รถแทร็กเตอร์,NEWHOLLAND,4830,1
2568,รถแทร็กเตอร์,NEWHOLLAND,5000,1
2568,รถแทร็กเตอร์,NEWHOLLAND,5610S,1
2568,รถแทร็กเตอร์,NEWHOLLAND,5640,2
2568,รถแทร็กเตอร์,NEWHOLLAND,6410,1
2568,รถแทร็กเตอร์,NEWHOLLAND,6610,2
2568,รถแทร็กเตอร์,NEWHOLLAND,6610 4WD,1
2568,รถแทร็กเตอร์,NEWHOLLAND,6610S,16
2568,รถแทร็กเตอร์,NEWHOLLAND,6610S 4WD,4
2568,รถแทร็กเตอร์,NEWHOLLAND,6640,13
2568,รถแทร็กเตอร์,NEWHOLLAND,7610S,9
2568,รถแทร็กเตอร์,NEWHOLLAND,7710,1
2568,รถแทร็กเตอร์,NEWHOLLAND,7740,12
2568,รถแทร็กเตอร์,NEWHOLLAND,7740 4WD,1
2568,รถแทร็กเตอร์,NEWHOLLAND,7810,3
2568,รถแทร็กเตอร์,NEWHOLLAND,7810S,4
2568,รถแทร็กเตอร์,NEWHOLLAND,7840,28
2568,รถแทร็กเตอร์,NEWHOLLAND,7840 4WD,2
2568,รถแทร็กเตอร์,NEWHOLLAND,8210,1
2568,รถแทร็กเตอร์,NEWHOLLAND,8240,4
2568,รถแทร็กเตอร์,NEWHOLLAND,8340,11
2568,รถแทร็กเตอร์,NEWHOLLAND,AT6610,5
2568,รถแทร็กเตอร์,NEWHOLLAND,B80C,31
2568,รถแทร็กเตอร์,NEWHOLLAND,BRAV085,1
2568,รถแทร็กเตอร์,NEWHOLLAND,BRAVO85,1
2568,รถแทร็กเตอร์,NEWHOLLAND,M135,1
2568,รถแทร็กเตอร์,NEWHOLLAND,M135DT,1
2568,รถแทร็กเตอร์,NEWHOLLAND,T5060,4
2568,รถแทร็กเตอร์,NEWHOLLAND,T6.120,2
2568,รถแทร็กเตอร์,NEWHOLLAND,T6.140,1
2568,รถแทร็กเตอร์,NEWHOLLAND,T6.150,1
2568,รถแทร็กเตอร์,NEWHOLLAND,T6.155,3
2568,รถแทร็กเตอร์,NEWHOLLAND,T6.160,1
2568,รถแทร็กเตอร์,NEWHOLLAND,T6.165,4
2568,รถแทร็กเตอร์,NEWHOLLAND,T6.175,1
2568,รถแทร็กเตอร์,NEWHOLLAND,T6.180,2
2568,รถแทร็กเตอร์,NEWHOLLAND,T6010,3
2568,รถแทร็กเตอร์,NEWHOLLAND,T6020,20
2568,รถแทร็กเตอร์,NEWHOLLAND,T6030,9
2568,รถแทร็กเตอร์,NEWHOLLAND,T6050,23
2568,รถแทร็กเตอร์,NEWHOLLAND,T6070,22
2568,รถแทร็กเตอร์,NEWHOLLAND,T6080,20
2568,รถแทร็กเตอร์,NEWHOLLAND,T6090,16
2568,รถแทร็กเตอร์,NEWHOLLAND,T7.185,2
2568,รถแทร็กเตอร์,NEWHOLLAND,T7.190,3
2568,รถแทร็กเตอร์,NEWHOLLAND,T7.200,8
2568,รถแทร็กเตอร์,NEWHOLLAND,T7.210,7
2568,รถแทร็กเตอร์,NEWHOLLAND,T7.230,1
2568,รถแทร็กเตอร์,NEWHOLLAND,T7.235,1
2568,รถแทร็กเตอร์,NEWHOLLAND,T7.245,1
2568,รถแทร็กเตอร์,NEWHOLLAND,T7.250,2
2568,รถแทร็กเตอร์,NEWHOLLAND,T7.260,8
2568,รถแทร็กเตอร์,NEWHOLLAND,T7030,2
2568,รถแทร็กเตอร์,NEWHOLLAND,T7040,5
2568,รถแทร็กเตอร์,NEWHOLLAND,T7050,5
2568,รถแทร็กเตอร์,NEWHOLLAND,T7060,4
2568,รถแทร็กเตอร์,NEWHOLLAND,TB120(4WD),1
2568,รถแทร็กเตอร์,NEWHOLLAND,TC38R,1
2568,รถแทร็กเตอร์,NEWHOLLAND,TC48R,16
2568,รถแทร็กเตอร์,NEWHOLLAND,TD5.100,10
2568,รถแทร็กเตอร์,NEWHOLLAND,TD5.110,23
2568,รถแทร็กเตอร์,NEWHOLLAND,TD5.90,13
2568,รถแทร็กเตอร์,NEWHOLLAND,TD90,1
2568,รถแทร็กเตอร์,NEWHOLLAND,TD95D PLUS,1
2568,รถแทร็กเตอร์,NEWHOLLAND,TM 125,1
2568,รถแทร็กเตอร์,NEWHOLLAND,TM 125 DT,1
2568,รถแทร็กเตอร์,NEWHOLLAND,TM 140 4WD,1
2568,รถแทร็กเตอร์,NEWHOLLAND,TM 150,1
2568,รถแทร็กเตอร์,NEWHOLLAND,TM115,2
2568,รถแทร็กเตอร์,NEWHOLLAND,TM120,5
2568,รถแทร็กเตอร์,NEWHOLLAND,TM125,9
2568,รถแทร็กเตอร์,NEWHOLLAND,TM130,3
2568,รถแทร็กเตอร์,NEWHOLLAND,TM135,1
2568,รถแทร็กเตอร์,NEWHOLLAND,TM140,1
2568,รถแทร็กเตอร์,NEWHOLLAND,TM150,3
2568,รถแทร็กเตอร์,NEWHOLLAND,TM150 4WD,1
2568,รถแทร็กเตอร์,NEWHOLLAND,TM155,6
2568,รถแทร็กเตอร์,NEWHOLLAND,TM155 4WD,1
2568,รถแทร็กเตอร์,NEWHOLLAND,TM165,1
2568,รถแทร็กเตอร์,NEWHOLLAND,TM175,1
2568,รถแทร็กเตอร์,NEWHOLLAND,TM175 4WD,1
2568,รถแทร็กเตอร์,NEWHOLLAND,TS 110,1
2568,รถแทร็กเตอร์,NEWHOLLAND,TS 125A,2
2568,รถแทร็กเตอร์,NEWHOLLAND,TS 135A,2
2568,รถแทร็กเตอร์,NEWHOLLAND,TS100,13
2568,รถแทร็กเตอร์,NEWHOLLAND,TS100A,6
2568,รถแทร็กเตอร์,NEWHOLLAND,TS110,12
2568,รถแทร็กเตอร์,NEWHOLLAND,TS115,34
2568,รถแทร็กเตอร์,NEWHOLLAND,TS115 4X4,1
2568,รถแทร็กเตอร์,NEWHOLLAND,TS115A,15
2568,รถแทร็กเตอร์,NEWHOLLAND,TS120,1
2568,รถแทร็กเตอร์,NEWHOLLAND,TS125A,11
2568,รถแทร็กเตอร์,NEWHOLLAND,TS135A,8
2568,รถแทร็กเตอร์,NEWHOLLAND,TS6000,1
2568,รถแทร็กเตอร์,NEWHOLLAND,TS6020,3
2568,รถแทร็กเตอร์,NEWHOLLAND,TS90,13
2568,รถแทร็กเตอร์,NEWHOLLAND,TS90 4WD,1
2568,รถแทร็กเตอร์,NEWHOLLAND,TS90 R2,4
2568,รถแทร็กเตอร์,NEWHOLLAND,TSA135,2
2568,รถแทร็กเตอร์,NEWHOLLAND,TT2.50,69
2568,รถแทร็กเตอร์,NEWHOLLAND,TT3.40,14
2568,รถแทร็กเตอร์,NEWHOLLAND,TT3.40 PLUS,79
2568,รถแทร็กเตอร์,NEWHOLLAND,TT3.50,362
2568,รถแทร็กเตอร์,NEWHOLLAND,TT4.55,10
2568,รถแทร็กเตอร์,NEWHOLLAND,TT4.65,41
2568,รถแทร็กเตอร์,NEWHOLLAND,TT4.75,39
2568,รถแทร็กเตอร์,NEWHOLLAND,TT4.90,31
2568,รถแทร็กเตอร์,NEWHOLLAND,TT45,3
2568,รถแทร็กเตอร์,NEWHOLLAND,TT75,4
2568,รถแทร็กเตอร์,NEWHOLLAND,,20
2568,รถแทร็กเตอร์,NISSAN,H27,1
2568,รถแทร็กเตอร์,OOK,XZ636-V,3
2568,รถแทร็กเตอร์,OOK,XZ656-V,3
2568,รถแทร็กเตอร์,OXPLO,OX930,1
2568,รถแทร็กเตอร์,PAUS,TSL 9075,5
2568,รถแทร็กเตอร์,Power Iron Bull,PB5060,1
2568,รถแทร็กเตอร์,Power Iron Bull,PB5090,2
2568,รถแทร็กเตอร์,POWERPLUS,PP14G-IX,3
2568,รถแทร็กเตอร์,POWERPLUS,PP220E-XI,1
2568,รถแทร็กเตอร์,POWERPLUS,PP90W-IX,1
2568,รถแทร็กเตอร์,PROMACH,MINI10,1
2568,รถแทร็กเตอร์,PROMACH,MINI15,2
2568,รถแทร็กเตอร์,PROMACH,PRO16,4
2568,รถแทร็กเตอร์,SADIN,LPD388NK,1
2568,รถแทร็กเตอร์,SAMSUNG,SE210,6
2568,รถแทร็กเตอร์,SAMSUNG,SE210 LC-2 ค.ศ2005,1
2568,รถแทร็กเตอร์,SAMSUNG,SE210LC,4
2568,รถแทร็กเตอร์,SAMSUNG,,5
2568,รถแทร็กเตอร์,SANY,SAP60T-10,1
2568,รถแทร็กเตอร์,SANY,SMG200C-8,5
2568,รถแทร็กเตอร์,SANY,SSP90C-8,1
2568,รถแทร็กเตอร์,SANY,SW936K1,1
2568,รถแทร็กเตอร์,SANY,SW956E,4
2568,รถแทร็กเตอร์,SANY,SW966K1,1
2568,รถแทร็กเตอร์,SANY,SY135C,112
2568,รถแทร็กเตอร์,SANY,SY140C,8
2568,รถแทร็กเตอร์,SANY,SY155W,5
2568,รถแทร็กเตอร์,SANY,SY200C,39
2568,รถแทร็กเตอร์,SANY,SY205C,29
2568,รถแทร็กเตอร์,SANY,SY205H DPC,21
2568,รถแทร็กเตอร์,SANY,SY215C,252
2568,รถแทร็กเตอร์,SANY,SY245H,4
2568,รถแทร็กเตอร์,SANY,SY335,1
2568,รถแทร็กเตอร์,SANY,SY35C,1
2568,รถแทร็กเตอร์,SANY,SY35U,40
2568,รถแทร็กเตอร์,SANY,SY365C,1
2568,รถแทร็กเตอร์,SANY,SY365H,1
2568,รถแทร็กเตอร์,SANY,SY375H,4
2568,รถแทร็กเตอร์,SANY,SY500H,4
2568,รถแทร็กเตอร์,SANY,SY55C,29
2568,รถแทร็กเตอร์,SANY,SY60C,2
2568,รถแทร็กเตอร์,SANY,SY75C,24
2568,รถแทร็กเตอร์,SANY,SYL956H5,9
2568,รถแทร็กเตอร์,SDLG,E6135F,2
2568,รถแทร็กเตอร์,SDLG,E6205F,3
2568,รถแทร็กเตอร์,SDLG,E6210F,3
2568,รถแทร็กเตอร์,SDLG,E635F,3
2568,รถแทร็กเตอร์,SDLG,E660FL,2
2568,รถแทร็กเตอร์,SDLG,E680F,1
2568,รถแทร็กเตอร์,SDLG,G9220F,7
2568,รถแทร็กเตอร์,SDLG,L958F,1
2568,รถแทร็กเตอร์,SDLG,L958H,3
2568,รถแทร็กเตอร์,SDLG,L968F,2
2568,รถแทร็กเตอร์,SDLG,LG936L,3
2568,รถแทร็กเตอร์,SDLG,LG936L SLR,3
2568,รถแทร็กเตอร์,SDLG,LG938L,1
2568,รถแทร็กเตอร์,SDLG,LG938L SLR,1
2568,รถแทร็กเตอร์,SEEYES,TA304-A6,1
2568,รถแทร็กเตอร์,SEEYES,TC504-A8,4
2568,รถแทร็กเตอร์,SEM,919,2
2568,รถแทร็กเตอร์,SEM,920F,1
2568,รถแทร็กเตอร์,SEM,SEM636D,3
2568,รถแทร็กเตอร์,SEM,SEM656D,3
2568,รถแทร็กเตอร์,SEM,SEM919,8
2568,รถแทร็กเตอร์,SHANTUI,L36-B3,3
2568,รถแทร็กเตอร์,SHANTUI,L55-B5,3
2568,รถแทร็กเตอร์,SHANTUI,SD13S,1
2568,รถแทร็กเตอร์,SHANTUI,SD16L,1
2568,รถแทร็กเตอร์,SHANTUI,SW150,1
2568,รถแทร็กเตอร์,SINOMACH,GTY160S,6
2568,รถแทร็กเตอร์,SINOMACH,ZG035U,1
2568,รถแทร็กเตอร์,SINOMACH CHANGLIN,937H,1
2568,รถแทร็กเตอร์,SOLIS,SOLIS 26-4WD,10
2568,รถแทร็กเตอร์,SOLIS,SOLIS 30-4WD,6
2568,รถแทร็กเตอร์,SOLIS,SOLIS 90-4WD,1
2568,รถแทร็กเตอร์,SOLIS,SOLIS WT-75-4WD,1
2568,รถแทร็กเตอร์,SONALIKA,DI-75RX,1
2568,รถแทร็กเตอร์,SUMITOMO,HA45W-5,1
2568,รถแทร็กเตอร์,SUMITOMO,HA45W-7,1
2568,รถแทร็กเตอร์,SUMITOMO,HA60C-8,5
2568,รถแทร็กเตอร์,SUMITOMO,HA60W-3,1
2568,รถแทร็กเตอร์,SUMITOMO,HA60W-5,7
2568,รถแทร็กเตอร์,SUMITOMO,HA60W-5V,1
2568,รถแทร็กเตอร์,SUMITOMO,HA60W-7,29
2568,รถแทร็กเตอร์,SUMITOMO,HA60W-7TV,1
2568,รถแทร็กเตอร์,SUMITOMO,HA60W-8,17
2568,รถแทร็กเตอร์,SUMITOMO,HA60W-8V,1
2568,รถแทร็กเตอร์,SUMITOMO,HA90C-2,1
2568,รถแทร็กเตอร์,SUMITOMO,SH120-3,1
2568,รถแทร็กเตอร์,SUMITOMO,SH120-5,5
2568,รถแทร็กเตอร์,SUMITOMO,SH120-6,1
2568,รถแทร็กเตอร์,SUMITOMO,SH120-7,1
2568,รถแทร็กเตอร์,SUMITOMO,SH120LC-7,1
2568,รถแทร็กเตอร์,SUMITOMO,SH125X-6,1
2568,รถแทร็กเตอร์,SUMITOMO,SH125X3,1
2568,รถแทร็กเตอร์,SUMITOMO,SH130-6,122
2568,รถแทร็กเตอร์,SUMITOMO,SH200-5,2
2568,รถแทร็กเตอร์,SUMITOMO,SH200LC-6,1
2568,รถแทร็กเตอร์,SUMITOMO,SH210-6,86
2568,รถแทร็กเตอร์,SUMITOMO,SH210F-6,60
2568,รถแทร็กเตอร์,SUMITOMO,SH210LC-5LR,3
2568,รถแทร็กเตอร์,SUMITOMO,SH210LC-6LR,3
2568,รถแทร็กเตอร์,SUMITOMO,SH250-6,2
2568,รถแทร็กเตอร์,SUMITOMO,SH350LHD-6,1
2568,รถแทร็กเตอร์,SUMITOMO,SH490LHD-6,1
2568,รถแทร็กเตอร์,SUMITOMO,SH75X-6A,1
2568,รถแทร็กเตอร์,SUMITOMO,SH80-6B,39
2568,รถแทร็กเตอร์,SUMITOMO,,1
2568,รถแทร็กเตอร์,SUNWARD,SWE150E,5
2568,รถแทร็กเตอร์,SUNWARD,SWE210,2
2568,รถแทร็กเตอร์,SUNWARD,SWE210E,2
2568,รถแทร็กเตอร์,SUNWARD,SWE210ELR,1
2568,รถแทร็กเตอร์,SUNWARD,SWE215E-3H,4
2568,รถแทร็กเตอร์,SUNWARD,SWE70E,1
2568,รถแทร็กเตอร์,SUNWARD,SWE80E9,1
2568,รถแทร็กเตอร์,SYZG,ZL932,1
2568,รถแทร็กเตอร์,TAKEUCHI,TB250,1
2568,รถแทร็กเตอร์,TCM,840-2,1
2568,รถแทร็กเตอร์,TCM,L13-3,3
2568,รถแทร็กเตอร์,TCM,L20-2,1
2568,รถแทร็กเตอร์,TCM,L20-3,1
2568,รถแทร็กเตอร์,TCM,L26,1
2568,รถแทร็กเตอร์,TCM,ZW140,2
2568,รถแทร็กเตอร์,TCM,ZW310-A,1
2568,รถแทร็กเตอร์,TEREX,SF-2204HVW,1
2568,รถแทร็กเตอร์,THAISENGYONG,12 HT,8
2568,รถแทร็กเตอร์,THAISENGYONG,12HT,5
2568,รถแทร็กเตอร์,THAISENGYONG,TT7C,10
2568,รถแทร็กเตอร์,THAISENGYONG,TT8C,2
2568,รถแทร็กเตอร์,TOROS,TE35,1
2568,รถแทร็กเตอร์,TOROS,TE40,1
2568,รถแทร็กเตอร์,TOYOTA,2SDT40,1
2568,รถแทร็กเตอร์,TPM,SB1 3.0T,1
2568,รถแทร็กเตอร์,TPM,SB1 3.5T,7
2568,รถแทร็กเตอร์,TPM,SB1 4.5T,6
2568,รถแทร็กเตอร์,TPM,SB1 5.0T,3
2568,รถแทร็กเตอร์,TPM,SB1 5.5T,2
2568,รถแทร็กเตอร์,TPM,SB1 6.0T,2
2568,รถแทร็กเตอร์,VOGELE,S1880L,3
2568,รถแทร็กเตอร์,VOGELE,SUPER 1603-2,2
2568,รถแทร็กเตอร์,VOGELE,SUPER 1603-3,1
2568,รถแทร็กเตอร์,VOGELE,SUPER 1800-3,3
2568,รถแทร็กเตอร์,VOGELE,SUPER 1803-3,2
2568,รถแทร็กเตอร์,VOGELE,SUPER1800-2,1
2568,รถแทร็กเตอร์,VOGELE,SUPER1803-2,1
2568,รถแทร็กเตอร์,VOGELE,SUPER1803-3,1
2568,รถแทร็กเตอร์,VOLVO,EC 201B,1
2568,รถแทร็กเตอร์,VOLVO,EC 210B,3
2568,รถแทร็กเตอร์,VOLVO,EC140DL,4
2568,รถแทร็กเตอร์,VOLVO,EC200D,11
2568,รถแทร็กเตอร์,VOLVO,EC210D,26
2568,รถแทร็กเตอร์,VOLVO,EC210DLR,2
2568,รถแทร็กเตอร์,VOLVO,EC210F3,7
2568,รถแทร็กเตอร์,VOLVO,EC220DL,3
2568,รถแทร็กเตอร์,VOLVO,EC300DLR,4
2568,รถแทร็กเตอร์,VOLVO,EC350DL,1
2568,รถแทร็กเตอร์,VOLVO,EC480DL,2
2568,รถแทร็กเตอร์,VOLVO,EC55D,6
2568,รถแทร็กเตอร์,VOLVO,EW145B,23
2568,รถแทร็กเตอร์,VOLVO,EW205D,1
2568,รถแทร็กเตอร์,VOLVO,P6820D,4
2568,รถแทร็กเตอร์,VPL,VPL200M,1
2568,รถแทร็กเตอร์,WACKER NEUSON,EZ28,5
2568,รถแทร็กเตอร์,WEICHAI LOVOL,FD160,1
2568,รถแทร็กเตอร์,WEICHAI LOVOL,FL938H,2
2568,รถแทร็กเตอร์,WEICHAI LOVOL,FL946H,4
2568,รถแทร็กเตอร์,WEICHAI LOVOL,FLB468-II,13
2568,รถแทร็กเตอร์,WEICHAI LOVOL,FP130W,2
2568,รถแทร็กเตอร์,WEICHAI LOVOL,FP160W,1
2568,รถแทร็กเตอร์,WEICHAI LOVOL,FR215E2,7
2568,รถแทร็กเตอร์,WEICHAI LOVOL,FR245E2,3
2568,รถแทร็กเตอร์,WEICHAI LOVOL,FR315F,2
2568,รถแทร็กเตอร์,WEICHAI LOVOL,FR60E2-H,17
2568,รถแทร็กเตอร์,WEICHAI LOVOL,FR80E2,1
2568,รถแทร็กเตอร์,WEICHAI LOVOL,P4000,24
2568,รถแทร็กเตอร์,WEICHAI LOVOL,P4090,2
2568,รถแทร็กเตอร์,WEICHAI LOVOL,P4110,1
2568,รถแทร็กเตอร์,WIRTGEN,2000DC,1
2568,รถแทร็กเตอร์,WIRTGEN,W120F,1
2568,รถแทร็กเตอร์,WIRTGEN,W185CF,1
2568,รถแทร็กเตอร์,WIRTGEN,W1900,6
2568,รถแทร็กเตอร์,WIRTGEN,W2000,11
2568,รถแทร็กเตอร์,WIRTGEN,W200XP,5
2568,รถแทร็กเตอร์,WIRTGEN,W210,1
2568,รถแทร็กเตอร์,WIRTGEN,W2100,4
2568,รถแทร็กเตอร์,WIRTGEN,W210I,1
2568,รถแทร็กเตอร์,WIRTGEN,W220,8
2568,รถแทร็กเตอร์,WIRTGEN,W2200,7
2568,รถแทร็กเตอร์,WIRTGEN,W250,1
2568,รถแทร็กเตอร์,WIRTGEN,W250I,1
2568,รถแทร็กเตอร์,WIRTGEN,WR2000XL,1
2568,รถแทร็กเตอร์,WIRTGEN,WR240I,2
2568,รถแทร็กเตอร์,WIRTGEN,WR250,24
2568,รถแทร็กเตอร์,WIRTGEN,WR2500S,7
2568,รถแทร็กเตอร์,WORLD,110HP,3
2568,รถแทร็กเตอร์,WORLD,115HP,4
2568,รถแทร็กเตอร์,WORLD,45HP,2
2568,รถแทร็กเตอร์,WORLD,4GD-1,1
2568,รถแทร็กเตอร์,WORLD,4LZ-6.0F,1
2568,รถแทร็กเตอร์,WORLD,4LZ-6.0P,2
2568,รถแทร็กเตอร์,WORLD,50HP,2
2568,รถแทร็กเตอร์,WORLD,WD1104M,3
2568,รถแทร็กเตอร์,WORLD,WD454,1
2568,รถแทร็กเตอร์,WORLD,WD504K,20
2568,รถแทร็กเตอร์,WORLD,WD704F,11
2568,รถแทร็กเตอร์,XCMG,GR1605,5
2568,รถแทร็กเตอร์,XCMG,GR2205,4
2568,รถแทร็กเตอร์,XCMG,GR2205T,1
2568,รถแทร็กเตอร์,XCMG,LW156FV,5
2568,รถแทร็กเตอร์,XCMG,LW160FV,1
2568,รถแทร็กเตอร์,XCMG,LW186FV,4
2568,รถแทร็กเตอร์,XCMG,LW220K,2
2568,รถแทร็กเตอร์,XCMG,LW330K,3
2568,รถแทร็กเตอร์,XCMG,LW550FN,1
2568,รถแทร็กเตอร์,XCMG,TY160,1
2568,รถแทร็กเตอร์,XCMG,XC870K,1
2568,รถแทร็กเตอร์,XCMG,XC938TH,22
2568,รถแทร็กเตอร์,XCMG,XC948TH,2
2568,รถแทร็กเตอร์,XCMG,XC958-EV,1
2568,รถแทร็กเตอร์,XCMG,XC958TH,6
2568,รถแทร็กเตอร์,XCMG,XC968,2
2568,รถแทร็กเตอร์,XCMG,XC968TH,2
2568,รถแทร็กเตอร์,XCMG,XE135B,15
2568,รถแทร็กเตอร์,XCMG,XE135C,1
2568,รถแทร็กเตอร์,XCMG,XE150WD,1
2568,รถแทร็กเตอร์,XCMG,XE205D,11
2568,รถแทร็กเตอร์,XCMG,XE215C,36
2568,รถแทร็กเตอร์,XCMG,XE215CLL,3
2568,รถแทร็กเตอร์,XCMG,XE215G,2
2568,รถแทร็กเตอร์,XCMG,XE300DP,1
2568,รถแทร็กเตอร์,XCMG,XE35U,9
2568,รถแทร็กเตอร์,XCMG,XE55DA,4
2568,รถแทร็กเตอร์,XCMG,XE60WD,1
2568,รถแทร็กเตอร์,XCMG,XE75DA,1
2568,รถแทร็กเตอร์,XCMG,XE75SL,1
2568,รถแทร็กเตอร์,XCMG,XLZ2303K,2
2568,รถแทร็กเตอร์,XCMG,XLZ2305S,3
2568,รถแทร็กเตอร์,XCMG,XS113,1
2568,รถแทร็กเตอร์,XCMG,XZ360E,3
2568,รถแทร็กเตอร์,XCMG,XZ360EPLUS,2
2568,รถแทร็กเตอร์,XGMA,XG935H,5
2568,รถแทร็กเตอร์,XGMA,XG935III,2
2568,รถแทร็กเตอร์,XGMA,XG958H,4
2568,รถแทร็กเตอร์,YANMAR,AW82GV,3
2568,รถแทร็กเตอร์,YANMAR,"AW82GV,RS-TH",2
2568,รถแทร็กเตอร์,YANMAR,AW82V,1
2568,รถแทร็กเตอร์,YANMAR,"AW82V,S-TH",2
2568,รถแทร็กเตอร์,YANMAR,EF352T,1
2568,รถแทร็กเตอร์,YANMAR,EF393A,62
2568,รถแทร็กเตอร์,YANMAR,EF393T,652
2568,รถแทร็กเตอร์,YANMAR,EF453T,1
2568,รถแทร็กเตอร์,YANMAR,EF453T PQ,2
2568,รถแทร็กเตอร์,YANMAR,EF453TLX PQ,2
2568,รถแทร็กเตอร์,YANMAR,EF494T,24
2568,รถแทร็กเตอร์,YANMAR,EF514MU,2
2568,รถแทร็กเตอร์,YANMAR,EF514T,22
2568,รถแทร็กเตอร์,YANMAR,EF725T,36
2568,รถแทร็กเตอร์,YANMAR,SOLIS 105-4WD,50
2568,รถแทร็กเตอร์,YANMAR,SOLIS 110-4WD,8
2568,รถแทร็กเตอร์,YANMAR,SOLIS 22-4WD,6
2568,รถแทร็กเตอร์,YANMAR,SOLIS 26-4WD,66
2568,รถแทร็กเตอร์,YANMAR,SOLIS 30-4WD,240
2568,รถแทร็กเตอร์,YANMAR,SOLIS 50-4WD,135
2568,รถแทร็กเตอร์,YANMAR,SOLIS 90-4WD,40
2568,รถแทร็กเตอร์,YANMAR,SOLIS WT-75-4WD,296
2568,รถแทร็กเตอร์,YANMAR,SV100-2B,1
2568,รถแทร็กเตอร์,YANMAR,VIO17,1
2568,รถแทร็กเตอร์,YANMAR,VIO17-1,22
2568,รถแทร็กเตอร์,YANMAR,VIO23-6,5
2568,รถแทร็กเตอร์,YANMAR,VIO30-6B,43
2568,รถแทร็กเตอร์,YANMAR,VIO30-7,15
2568,รถแทร็กเตอร์,YANMAR,VIO35-6B,75
2568,รถแทร็กเตอร์,YANMAR,VIO35-6B-PTH-QM2JSA,2
2568,รถแทร็กเตอร์,YANMAR,VIO35-7,145
2568,รถแทร็กเตอร์,YANMAR,VIO40-5,1
2568,รถแทร็กเตอร์,YANMAR,VIO40-5B,2
2568,รถแทร็กเตอร์,YANMAR,VIO50-6B,14
2568,รถแทร็กเตอร์,YANMAR,VIO55-5A,1
2568,รถแทร็กเตอร์,YANMAR,VIO55-6B,95
2568,รถแทร็กเตอร์,YANMAR,VIO55-6B-CCTH-QM2JSA,2
2568,รถแทร็กเตอร์,YANMAR,VIO70-2,1
2568,รถแทร็กเตอร์,YANMAR,VIO80-1,3
2568,รถแทร็กเตอร์,YANMAR,YH1180,25
2568,รถแทร็กเตอร์,YANMAR,YH700,29
2568,รถแทร็กเตอร์,YANMAR,YH850,19
2568,รถแทร็กเตอร์,YANMAR,YM351A,21
2568,รถแทร็กเตอร์,YANMAR,YM351R,907
2568,รถแทร็กเตอร์,YANMAR,YM357A,24
2568,รถแทร็กเตอร์,YANMAR,YM358R,589
2568,รถแทร็กเตอร์,YANMAR,YR60D,1
2568,รถแทร็กเตอร์,YANMAR,YR80D,1
2568,รถแทร็กเตอร์,YBM,GI-50C-3,2
2568,รถแทร็กเตอร์,ZOOMLION,RC904-A,5
2568,รถแทร็กเตอร์,ZOOMLION,RD504,3
2568,รถแทร็กเตอร์,ZOOMLION,RG1804,1
2568,รถแทร็กเตอร์,ZOOMLION,RK554-A,4
2568,รถแทร็กเตอร์,ZOOMLION,RN1104,3
2568,รถแทร็กเตอร์,ZOOMLION,RS1304,8
2568,รถแทร็กเตอร์,ZOOMLION,ZCT300V532-1,1
2568,รถแทร็กเตอร์,ZOOMLION,ZD160TS-3,3
2568,รถแทร็กเตอร์,ZOOMLION,ZE135E-10,3
2568,รถแทร็กเตอร์,ZOOMLION,ZE215E,13
2568,รถแทร็กเตอร์,ZOOMLION,ZE215G,1
2568,รถแทร็กเตอร์,ZOOMLION,ZE35GU,2
2568,รถแทร็กเตอร์,ZOOMLION,ZE60E-10,2
2568,รถแทร็กเตอร์,ZOOMLION,ZE60G,1
2568,รถแทร็กเตอร์,ZOOMLION,ZE75E-10,1
2568,รถแทร็กเตอร์,ZOOMLION,ZE75G,2
2568,รถแทร็กเตอร์,ZOOMLION,ZSH60,1
2568,รถบดถนน,AMMANN,ARS122BS3,1
2568,รถบดถนน,AMMANN,ASC100,1
2568,รถบดถนน,BOMAG,BM219DH-4,1
2568,รถบดถนน,BOMAG,BW 151 AD-4AM,1
2568,รถบดถนน,BOMAG,BW 211 D-5 SL,7
2568,รถบดถนน,BOMAG,BW115AC-3,1
2568,รถบดถนน,BOMAG,BW174AD,1
2568,รถบดถนน,BOMAG,BW211 D-40 SL,6
2568,รถบดถนน,BOMAG,BW211 D-5 SL,24
2568,รถบดถนน,BOMAG,BW211D-4,1
2568,รถบดถนน,BOMAG,BW211D-40,4
2568,รถบดถนน,BOMAG,BW219D-4,1
2568,รถบดถนน,BOMAG,BW219DH-4,1
2568,รถบดถนน,BOMAG,BW220 D-5,3
2568,รถบดถนน,BOMAG,BW225-3,1
2568,รถบดถนน,BOMAG,BW226 DH-5,2
2568,รถบดถนน,BOMAG,,1
2568,รถบดถนน,CASE,450DX,1
2568,รถบดถนน,CATERPILLAR,815,1
2568,รถบดถนน,CATERPILLAR,CB-534D,1
2568,รถบดถนน,CATERPILLAR,CB434C,1
2568,รถบดถนน,CATERPILLAR,CP563C,1
2568,รถบดถนน,CATERPILLAR,CS-563E,1
2568,รถบดถนน,CATERPILLAR,CS10GC,6
2568,รถบดถนน,CATERPILLAR,CS11,6
2568,รถบดถนน,CATERPILLAR,CS11GC,6
2568,รถบดถนน,CATERPILLAR,CS533E,7
2568,รถบดถนน,CATERPILLAR,CS54B,2
2568,รถบดถนน,CATERPILLAR,CW16,1
2568,รถบดถนน,CATERPILLAR,CW34,2
2568,รถบดถนน,CATERPILLAR,,1
2568,รถบดถนน,DYNAPAC,CA2500D,1
2568,รถบดถนน,DYNAPAC,CA250D,3
2568,รถบดถนน,DYNAPAC,CA25D,2
2568,รถบดถนน,DYNAPAC,CA30D,32
2568,รถบดถนน,DYNAPAC,CA511D,1
2568,รถบดถนน,DYNAPAC,CA610D,2
2568,รถบดถนน,DYNAPAC,CA65D,8
2568,รถบดถนน,DYNAPAC,CA702D,1
2568,รถบดถนน,DYNAPAC,CC1250,3
2568,รถบดถนน,DYNAPAC,CC1300,2
2568,รถบดถนน,DYNAPAC,CC1300C,9
2568,รถบดถนน,DYNAPAC,CC1300C VI,1
2568,รถบดถนน,DYNAPAC,CC1400C,2
2568,รถบดถนน,DYNAPAC,CC150CW,1
2568,รถบดถนน,DYNAPAC,CC2200,5
2568,รถบดถนน,DYNAPAC,CC3800,6
2568,รถบดถนน,DYNAPAC,CP150,2
2568,รถบดถนน,DYNAPAC,CP201W,1
2568,รถบดถนน,DYNAPAC,CP202,2
2568,รถบดถนน,DYNAPAC,CP202W,1
2568,รถบดถนน,DYNAPAC,CP205,1
2568,รถบดถนน,DYNAPAC,CP275,4
2568,รถบดถนน,DYNAPAC,DRS120D,3
2568,รถบดถนน,DYNAPAC,DRS200D,1
2568,รถบดถนน,DYNAPAC,WP15WE,1
2568,รถบดถนน,HAMM,3410,1
2568,รถบดถนน,HAMM,3520,3
2568,รถบดถนน,HAMM,3625HT,2
2568,รถบดถนน,HAMM,DV90VO,1
2568,รถบดถนน,HAMM,H25I,1
2568,รถบดถนน,HAMM,HC119,18
2568,รถบดถนน,HAMM,HC268D,1
2568,รถบดถนน,HAMM,HD 110 P VV,1
2568,รถบดถนน,HAMM,HD 13 VV,1
2568,รถบดถนน,HAMM,HD75,1
2568,รถบดถนน,HAMM,HD90,3
2568,รถบดถนน,HAMM,,1
2568,รถบดถนน,HIDROMEK,HMK110CS3,1
2568,รถบดถนน,HITACHI,CC150C-3A,2
2568,รถบดถนน,HITACHI,CP210,5
2568,รถบดถนน,HITACHI,CP215,1
2568,รถบดถนน,HITACHI,CP220-3,1
2568,รถบดถนน,HITACHI,RT200-C,1
2568,รถบดถนน,HITACHI,RT200WT,1
2568,รถบดถนน,HITACHI,RT205,2
2568,รถบดถนน,HITACHI,ZC50C,1
2568,รถบดถนน,JCB,116D,15
2568,รถบดถนน,KAWASAKI,K12II,1
2568,รถบดถนน,KAWASAKI,K20 II,2
2568,รถบดถนน,KAWASAKI,K20W-2,1
2568,รถบดถนน,KAWASAKI,K20WII,1
2568,รถบดถนน,KAWASAKI,KR20D,5
2568,รถบดถนน,KOMATSU,JV100WA-2,1
2568,รถบดถนน,KOMATSU,JV40C,1
2568,รถบดถนน,KOMATSU,JV40CW-5,1
2568,รถบดถนน,KOMATSU,JW200,1
2568,รถบดถนน,LIUGONG,6211E,2
2568,รถบดถนน,LIUGONG,CLG610H,1
2568,รถบดถนน,LIUGONG,CLG6208E,6
2568,รถบดถนน,LIUGONG,CLG6516E,1
2568,รถบดถนน,LIUGONG,CLG6611E,22
2568,รถบดถนน,LIUGONG,CLG6612E,17
2568,รถบดถนน,LIUGONG,CLG6620E,5
2568,รถบดถนน,LUYANG,LTC208,1
2568,รถบดถนน,MITSUBISHI,MR20,1
2568,รถบดถนน,POWERPLUS,CT438H-III,1
2568,รถบดถนน,POWERPLUS,CV302D-III,1
2568,รถบดถนน,SAKAI,GW750,2
2568,รถบดถนน,SAKAI,R2,2
2568,รถบดถนน,SAKAI,R2-1,2
2568,รถบดถนน,SAKAI,R2S,1
2568,รถบดถนน,SAKAI,SV200T,2
2568,รถบดถนน,SAKAI,SV510D(T),1
2568,รถบดถนน,SAKAI,SV512D,1
2568,รถบดถนน,SAKAI,SV512DF-H,1
2568,รถบดถนน,SAKAI,SV520D,5
2568,รถบดถนน,SAKAI,SV520DF,7
2568,รถบดถนน,SAKAI,SV520TF,1
2568,รถบดถนน,SAKAI,SV521D,26
2568,รถบดถนน,SAKAI,SV521DF,24
2568,รถบดถนน,SAKAI,SV521T,1
2568,รถบดถนน,SAKAI,SV521TF,3
2568,รถบดถนน,SAKAI,SV900DV,2
2568,รถบดถนน,SAKAI,SV900DV-1,1
2568,รถบดถนน,SAKAI,SV900TV,1
2568,รถบดถนน,SAKAI,SV91D,1
2568,รถบดถนน,SAKAI,SW350-1,1
2568,รถบดถนน,SAKAI,SW500,1
2568,รถบดถนน,SAKAI,SW650,2
2568,รถบดถนน,SAKAI,SW650N,1
2568,รถบดถนน,SAKAI,SW652H-1K,14
2568,รถบดถนน,SAKAI,SW652ND,1
2568,รถบดถนน,SAKAI,SW652ND-1,1
2568,รถบดถนน,SAKAI,SW654,1
2568,รถบดถนน,SAKAI,SW654ND,1
2568,รถบดถนน,SAKAI,SW750,1
2568,รถบดถนน,SAKAI,SW800,2
2568,รถบดถนน,SAKAI,SW850,1
2568,รถบดถนน,SAKAI,SW850-II,1
2568,รถบดถนน,SAKAI,SW880,2
2568,รถบดถนน,SAKAI,SW990,1
2568,รถบดถนน,SAKAI,SW990-1,1
2568,รถบดถนน,SAKAI,T2,18
2568,รถบดถนน,SAKAI,T2-1,17
2568,รถบดถนน,SAKAI,T600,1
2568,รถบดถนน,SAKAI,T600C,5
2568,รถบดถนน,SAKAI,TG350,1
2568,รถบดถนน,SAKAI,TS-150,1
2568,รถบดถนน,SAKAI,TS150,6
2568,รถบดถนน,SAKAI,TS200,15
2568,รถบดถนน,SAKAI,TS5309,1
2568,รถบดถนน,SAKAI,TS7409,1
2568,รถบดถนน,SAKAI,TW350,2
2568,รถบดถนน,SAKAI,TW350-1,3
2568,รถบดถนน,SAKAI,TW352,1
2568,รถบดถนน,SAKAI,TW500,1
2568,รถบดถนน,SAKAI,TW500W-1,4
2568,รถบดถนน,SAKAI,TW502,2
2568,รถบดถนน,SAKAI,TW504,1
2568,รถบดถนน,SAKAI,TZ700,3
2568,รถบดถนน,SAKAI,TZ701,13
2568,รถบดถนน,SAKAI,TZ701-1,1
2568,รถบดถนน,SAKAI,,5
2568,รถบดถนน,SANY,SPR160C-8,1
2568,รถบดถนน,SANY,SSR100C-10,2
2568,รถบดถนน,SANY,SSR100C-10S,12
2568,รถบดถนน,SANY,SSR120C-10,10
2568,รถบดถนน,SANY,SSR120C-10S,3
2568,รถบดถนน,SANY,SSR220C-10S,1
2568,รถบดถนน,SANY,SSR220C-8H,5
2568,รถบดถนน,SANY,STR100C-8C,1
2568,รถบดถนน,SEM,SEM510,1
2568,รถบดถนน,SHANTUI,SR12-5,2
2568,รถบดถนน,SHANTUI,SR12P-5,1
2568,รถบดถนน,SUMITOMO,HW41VW-2,1
2568,รถบดถนน,SUMITOMO,,1
2568,รถบดถนน,VOLVO,DD100,2
2568,รถบดถนน,VOLVO,P6820D,1
2568,รถบดถนน,VOLVO,PT220,3
2568,รถบดถนน,VOLVO,SD110,12
2568,รถบดถนน,VOLVO,SD110B,1
2568,รถบดถนน,WATANABE,WP15WE,1
2568,รถบดถนน,WEICHAI LOVOL,FY12S,5
2568,รถบดถนน,WIRTGEN,W2000,1
2568,รถบดถนน,XCMG,XD103,1
2568,รถบดถนน,XCMG,XMR403,2
2568,รถบดถนน,XCMG,XP163,1
2568,รถบดถนน,XCMG,XS113,11
2568,รถบดถนน,XCMG,XS113E,2
2568,รถบดถนน,XCMG,XS113PD,11
2568,รถบดถนน,XCMG,XS123,2
2568,รถบดถนน,XCMG,XS123PD,5
2568,รถบดถนน,XCMG,XS142J,1
2568,รถบดถนน,XCMG,XS203J,1
2568,รถบดถนน,XCMG,XS265S,1
2568,รถใช้ในงานเกษตรกรรม,ETAN4U,ET-500 4WD,1
2568,รถใช้ในงานเกษตรกรรม,ETAN4U,PS-2000,1
2568,รถใช้ในงานเกษตรกรรม,ETAN4U,S-2000L 4WD,1
2568,รถใช้ในงานเกษตรกรรม,THAILAND,,1
2568,รถใช้ในงานเกษตรกรรม,ไม่ระบุ,,3
2568,รถพ่วง,ABBEY,,1
2568,รถพ่วง,BAILEY,SENATOR,1
2568,รถพ่วง,BAILEY,,3
2568,รถพ่วง,SWIFT,,3
2568,รถพ่วง,ไม่ระบุ,12B02,1
2568,รถพ่วง,ไม่ระบุ,ABBEY GTS,1
2568,รถพ่วง,ไม่ระบุ,ABBEY SPECTRUM,1
2568,รถพ่วง,ไม่ระบุ,AIRSTREAM,1
2568,รถพ่วง,ไม่ระบุ,BAILEY,2
2568,รถพ่วง,ไม่ระบุ,BAILEY DISCOVERY,1
2568,รถพ่วง,ไม่ระบุ,BAILEY PAGEANT,4
2568,รถพ่วง,ไม่ระบุ,BAILEY RANGER,2
2568,รถพ่วง,ไม่ระบุ,BEAT 9 POLE MOTORBIKE,1
2568,รถพ่วง,ไม่ระบุ,BEAT BOAT U 15-18 FT,3
2568,รถพ่วง,ไม่ระบุ,BEAT BOAT V 10-14 FT,1
2568,รถพ่วง,ไม่ระบุ,BEAT BOAT V 15-17 FT,2
2568,รถพ่วง,ไม่ระบุ,BEAT BOAT V 15-18 FT,2
2568,รถพ่วง,ไม่ระบุ,BEAT BOAT V 15-19 FT,1
2568,รถพ่วง,ไม่ระบุ,BEAT BOAT V 17-20 FT,1
2568,รถพ่วง,ไม่ระบุ,BEAT BOAT V 19-20 FT,2
2568,รถพ่วง,ไม่ระบุ,BEAT BOAT V 24-26 FT,3
2568,รถพ่วง,ไม่ระบุ,BEAT BOX 140X258 CM,3
2568,รถพ่วง,ไม่ระบุ,BEAT BOX 150X300 CM,1
2568,รถพ่วง,ไม่ระบุ,BEAT DIRT BIKE JR,7
2568,รถพ่วง,ไม่ระบุ,BEAT DIRT BIKE SR,32
2568,รถพ่วง,ไม่ระบุ,BEAT DOUBLE BIKE,7
2568,รถพ่วง,ไม่ระบุ,BEAT DOUBLE JETSKI,15
2568,รถพ่วง,ไม่ระบุ,BEAT DOUBLE JETSKI COMBO,1
2568,รถพ่วง,ไม่ระบุ,BEAT FARM 10X5 FT,6
2568,รถพ่วง,ไม่ระบุ,BEAT FARM 6X4 FT,14
2568,รถพ่วง,ไม่ระบุ,BEAT FARM 8X5 FT,8
2568,รถพ่วง,ไม่ระบุ,BEAT FLAT BED 175X250 CM,1
2568,รถพ่วง,ไม่ระบุ,BEAT FLAT BED 175X350 CM,1
2568,รถพ่วง,ไม่ระบุ,BEAT FLAT BED 180X300 CM,2
2568,รถพ่วง,ไม่ระบุ,BEAT QUATRIPLE BIKE,1
2568,รถพ่วง,ไม่ระบุ,BEAT SINGLE ATV SR,1
2568,รถพ่วง,ไม่ระบุ,BEAT SINGLE BIKE,7
2568,รถพ่วง,ไม่ระบุ,BEAT SINGLE JETSKI,11
2568,รถพ่วง,ไม่ระบุ,BEAT SPORT I,2
2568,รถพ่วง,ไม่ระบุ,BEAT TRANSPORTER,5
2568,รถพ่วง,ไม่ระบุ,BEAT TRANSPORTER II,3
2568,รถพ่วง,ไม่ระบุ,BEAT TRANSPORTER STD WIDE,3
2568,รถพ่วง,ไม่ระบุ,BEAT TRICYCLE,3
2568,รถพ่วง,ไม่ระบุ,BEAT WAGON 150X300 CM,3
2568,รถพ่วง,ไม่ระบุ,BOAT TRAILER,133
2568,รถพ่วง,ไม่ระบุ,BOX VAN TRAILER,66
2568,รถพ่วง,ไม่ระบุ,CAMPER,31
2568,รถพ่วง,ไม่ระบุ,CARAVAN,58
2568,รถพ่วง,ไม่ระบุ,CARAVAN PERFECT,15
2568,รถพ่วง,ไม่ระบุ,CCMC-F03-2A-FTL,3
2568,รถพ่วง,ไม่ระบุ,CCMC-F04-2A-FTL,2
2568,รถพ่วง,ไม่ระบุ,CCMC-F05-1A-FTL,1
2568,รถพ่วง,ไม่ระบุ,CCMC-F06-1A-FTL,2
2568,รถพ่วง,ไม่ระบุ,CCMC-F13-2A-FTL,1
2568,รถพ่วง,ไม่ระบุ,CHALLENGER 500SE,1
2568,รถพ่วง,ไม่ระบุ,CHALLENGER 520 SE,1
2568,รถพ่วง,ไม่ระบุ,CLASSIC CARAVAN,1
2568,รถพ่วง,ไม่ระบุ,CLASSIC PHOENIX,2
2568,รถพ่วง,ไม่ระบุ,COACHMAN,5
2568,รถพ่วง,ไม่ระบุ,COACHMAN PASTICHE,1
2568,รถพ่วง,ไม่ระบุ,ELDDIS,2
2568,รถพ่วง,ไม่ระบุ,ELDDIS AVANTE,3
2568,รถพ่วง,ไม่ระบุ,GREEN BOAT 10-14FT,1
2568,รถพ่วง,ไม่ระบุ,HORSE BOX,7
2568,รถพ่วง,ไม่ระบุ,LUNAR,1
2568,รถพ่วง,ไม่ระบุ,MCK-MFT1,2
2568,รถพ่วง,ไม่ระบุ,MCK-MFT2,3
2568,รถพ่วง,ไม่ระบุ,MERLIN61,1
2568,รถพ่วง,ไม่ระบุ,MOTERBIKE TRAILER,38
2568,รถพ่วง,ไม่ระบุ,SPECTRUM 535,2
2568,รถพ่วง,ไม่ระบุ,SPRITE,1
2568,รถพ่วง,ไม่ระบุ,STERLING,1
2568,รถพ่วง,ไม่ระบุ,STERLING BELVOIR,1
2568,รถพ่วง,ไม่ระบุ,STERLING EUROPA,1
2568,รถพ่วง,ไม่ระบุ,STREAMLINER,3
2568,รถพ่วง,ไม่ระบุ,SV TRAILER,1
2568,รถพ่วง,ไม่ระบุ,SWIFT,1
2568,รถพ่วง,ไม่ระบุ,SWIFT CHALLENGER,2
2568,รถพ่วง,ไม่ระบุ,SWIFT CHARISMA,3
2568,รถพ่วง,ไม่ระบุ,TR0204,1
2568,รถพ่วง,ไม่ระบุ,TR0501B,1
2568,รถพ่วง,ไม่ระบุ,TR0504,1
2568,รถพ่วง,ไม่ระบุ,TR0505B,1
2568,รถพ่วง,ไม่ระบุ,UTILITY TRAILER,415
2568,รถพ่วง,ไม่ระบุ,,17
2568,รถจักรยานยนต์สาธารณะ,AJ,BEATS,1
2568,รถจักรยานยนต์สาธารณะ,HONDA,CLICK125,130
2568,รถจักรยานยนต์สาธารณะ,HONDA,GIORNO +,1
2568,รถจักรยานยนต์สาธารณะ,HONDA,GIORNO+,53
2568,รถจักรยานยนต์สาธารณะ,HONDA,LEAD125,84
2568,รถจักรยานยนต์สาธารณะ,HONDA,SCOOPY,35
2568,รถจักรยานยนต์สาธารณะ,HONDA,WAVE110I,175
2568,รถจักรยานยนต์สาธารณะ,HONDA,WAVE125,128
2568,รถจักรยานยนต์สาธารณะ,HONDA,WAVE125I,290
2568,รถจักรยานยนต์สาธารณะ,VESPA,LX 125 IGET,2
2568,รถจักรยานยนต์สาธารณะ,YAMAHA,Fazzio,3
2568,รถจักรยานยนต์สาธารณะ,YAMAHA,FAZZIO,2
2568,รถจักรยานยนต์สาธารณะ,YAMAHA,FINN,33
2568,รถจักรยานยนต์สาธารณะ,YAMAHA,GRAND FILANO,50
2568,รถจักรยานยนต์สาธารณะ,YAMAHA,PG-1,2
