ปี พ.ศ.,ประเภทรถ,ยี่ห้อ,รุ่น,จำนวน
2567,รถยนต์นั่งส่วนบุคคลไม่เกิน 7 คน,ABARTH,595 COMPETIZIONE,2
2567,รถยนต์นั่งส่วนบุคคลไม่เกิน 7 คน,AION,AION ES,65
2567,รถยนต์นั่งส่วนบุคคลไม่เกิน 7 คน,AION,AION Y PLUS,3839
2567,รถยนต์นั่งส่วนบุคคลไม่เกิน 7 คน,AION,HYPTEC HT 620 LUXURY,66
2567,รถยนต์นั่งส่วนบุคคลไม่เกิน 7 คน,AION,HYPTEC HT 620 PREMIUM,156
2567,รถยนต์นั่งส่วนบุคคลไม่เกิน 7 คน,AION,HYPTEC SSR,1
2567,รถยนต์นั่งส่วนบุคคลไม่เกิน 7 คน,AIWAYS,U6,1
2567,รถยนต์นั่งส่วนบุคคลไม่เกิน 7 คน,ALPINE,A110 S,1
2567,รถยนต์นั่งส่วนบุคคลไม่เกิน 7 คน,ASTON MARTIN,DB11,1
2567,รถยนต์นั่งส่วนบุคคลไม่เกิน 7 คน,ASTON MARTIN,DB12 COUPE,1
2567,รถยนต์นั่งส่วนบุคคลไม่เกิน 7 คน,ASTON MARTIN,DBS 770 ULTIMATE  VOLANTE,1
2567,รถยนต์นั่งส่วนบุคคลไม่เกิน 7 คน,ASTON MARTIN,DBX,2
2567,รถยนต์นั่งส่วนบุคคลไม่เกิน 7 คน,ASTON MARTIN,DBX 707,1
2567,รถยนต์นั่งส่วนบุคคลไม่เกิน 7 คน,ASTON MARTIN,V8 VANTAGE COUPE,1
2567,รถยนต์นั่งส่วนบุคคลไม่เกิน 7 คน,ASTON MARTIN,VANTAGE COUPE,2
2567,รถยนต์นั่งส่วนบุคคลไม่เกิน 7 คน,ASTON MARTIN,VANTAGE F1 COUPE,1
2567,รถยนต์นั่งส่วนบุคคลไม่เกิน 7 คน,AUDI,A3 SB 35 TFSI S line,4
2567,รถยนต์นั่งส่วนบุคคลไม่เกิน 7 คน,AUDI,A4 40 TFSI S line IB,21
2567,รถยนต์นั่งส่วนบุคคลไม่เกิน 7 คน,AUDI,A4 AV 45 TFSI q S line BE,4
2567,รถยนต์นั่งส่วนบุคคลไม่เกิน 7 คน,AUDI,A4 AV 45 TFSI q S line IB,18
2567,รถยนต์นั่งส่วนบุคคลไม่เกิน 7 คน,AUDI,A5,1
2567,รถยนต์นั่งส่วนบุคคลไม่เกิน 7 คน,AUDI,A5 Coupe 45 TFSI q S line,1
2567,รถยนต์นั่งส่วนบุคคลไม่เกิน 7 คน,AUDI,A5 CP 40 TFSI S line,86
2567,รถยนต์นั่งส่วนบุคคลไม่เกิน 7 คน,AUDI,A5 CP 40 TFSI S line eo,14
2567,รถยนต์นั่งส่วนบุคคลไม่เกิน 7 คน,AUDI,A5 CP 45 TFSI q S line BE,26
2567,รถยนต์นั่งส่วนบุคคลไม่เกิน 7 คน,AUDI,A5 SB 40 TFSI S line,90
2567,รถยนต์นั่งส่วนบุคคลไม่เกิน 7 คน,AUDI,A5 SB 40 TFSI S line eo,18
2567,รถยนต์นั่งส่วนบุคคลไม่เกิน 7 คน,AUDI,A5 SB 45 TFSI q S line BE,17
2567,รถยนต์นั่งส่วนบุคคลไม่เกิน 7 คน,AUDI,A5 SB 45 TFSI q S line eo,4
2567,รถยนต์นั่งส่วนบุคคลไม่เกิน 7 คน,AUDI,A6 40 TFSI S line,5
2567,รถยนต์นั่งส่วนบุคคลไม่เกิน 7 คน,AUDI,A6 AV 45 TFSI q S line BE,5
2567,รถยนต์นั่งส่วนบุคคลไม่เกิน 7 คน,AUDI,A7 SB 45 TFSI,3
2567,รถยนต์นั่งส่วนบุคคลไม่เกิน 7 คน,AUDI,A7 SB 55 TFSI q S line,3
2567,รถยนต์นั่งส่วนบุคคลไม่เกิน 7 คน,AUDI,A7 SB 55 TFSIe q Sline,2
2567,รถยนต์นั่งส่วนบุคคลไม่เกิน 7 คน,AUDI,A7 SB 55 TFSIe q Sline BE,7
2567,รถยนต์นั่งส่วนบุคคลไม่เกิน 7 คน,AUDI,A8 L 55 TFSI q Premium,1
2567,รถยนต์นั่งส่วนบุคคลไม่เกิน 7 คน,AUDI,A8 L 55 TFSI q Prestige,1
2567,รถยนต์นั่งส่วนบุคคลไม่เกิน 7 คน,AUDI,A8 L TFSI E QUATTRO,1
2567,รถยนต์นั่งส่วนบุคคลไม่เกิน 7 คน,AUDI,A8L 60 TFSIe q Pstg Sline,2
2567,รถยนต์นั่งส่วนบุคคลไม่เกิน 7 คน,AUDI,e-tron 55 q,3
2567,รถยนต์นั่งส่วนบุคคลไม่เกิน 7 คน,AUDI,e-tron GT quattro PF,10
2567,รถยนต์นั่งส่วนบุคคลไม่เกิน 7 คน,AUDI,e-tron SB 55 q S line,4
2567,รถยนต์นั่งส่วนบุคคลไม่เกิน 7 คน,AUDI,Q3 35 TFSI S line,30
2567,รถยนต์นั่งส่วนบุคคลไม่เกิน 7 คน,AUDI,Q3 40 TFSI q S line BE,21
2567,รถยนต์นั่งส่วนบุคคลไม่เกิน 7 คน,AUDI,Q3 SB 35 TFSI S line,1
2567,รถยนต์นั่งส่วนบุคคลไม่เกิน 7 คน,AUDI,Q3 SB 40 TFSI q S line BE,36
2567,รถยนต์นั่งส่วนบุคคลไม่เกิน 7 คน,AUDI,Q5 55 TFSI e q S line,19
2567,รถยนต์นั่งส่วนบุคคลไม่เกิน 7 คน,AUDI,Q5 55 TFSI e q S line BE,26
2567,รถยนต์นั่งส่วนบุคคลไม่เกิน 7 คน,AUDI,Q5 SB 55 TFSIe q S lineBE,28
2567,รถยนต์นั่งส่วนบุคคลไม่เกิน 7 คน,AUDI,Q7 45 TDI q,2
2567,รถยนต์นั่งส่วนบุคคลไม่เกิน 7 คน,AUDI,Q7 45 TDI q S line,1
2567,รถยนต์นั่งส่วนบุคคลไม่เกิน 7 คน,AUDI,Q7 60 TFSI e q S line BE,28
2567,รถยนต์นั่งส่วนบุคคลไม่เกิน 7 คน,AUDI,Q8 50 TDI QUATTRO,1
2567,รถยนต์นั่งส่วนบุคคลไม่เกิน 7 คน,AUDI,Q8 60 TFSI e q S line BE,69
2567,รถยนต์นั่งส่วนบุคคลไม่เกิน 7 คน,AUDI,Q8 e-tron 50 q,1
2567,รถยนต์นั่งส่วนบุคคลไม่เกิน 7 คน,AUDI,Q8 etron 55 q BE,22
2567,รถยนต์นั่งส่วนบุคคลไม่เกิน 7 คน,AUDI,Q8 SB etron 55 q Sline BE,28
2567,รถยนต์นั่งส่วนบุคคลไม่เกิน 7 คน,AUDI,R8 COUPE V10,1
2567,รถยนต์นั่งส่วนบุคคลไม่เกิน 7 คน,AUDI,R8 COUPE V10 PERFORMANCE,1
2567,รถยนต์นั่งส่วนบุคคลไม่เกิน 7 คน,AUDI,R8 V10 COUPE,1
2567,รถยนต์นั่งส่วนบุคคลไม่เกิน 7 คน,AUDI,RS 3 Sportback quattro,7
2567,รถยนต์นั่งส่วนบุคคลไม่เกิน 7 คน,AUDI,RS 4 Avant q competition,8
2567,รถยนต์นั่งส่วนบุคคลไม่เกิน 7 คน,AUDI,RS 4 AV q,4
2567,รถยนต์นั่งส่วนบุคคลไม่เกิน 7 คน,AUDI,RS 5 Coupe q competition,6
2567,รถยนต์นั่งส่วนบุคคลไม่เกิน 7 คน,AUDI,RS 5 Coupe quattro,11
2567,รถยนต์นั่งส่วนบุคคลไม่เกิน 7 คน,AUDI,RS 6 Avant q performance,2
2567,รถยนต์นั่งส่วนบุคคลไม่เกิน 7 คน,AUDI,RS 6 Avant quattro,2
2567,รถยนต์นั่งส่วนบุคคลไม่เกิน 7 คน,AUDI,RS 7 SB q performance,4
2567,รถยนต์นั่งส่วนบุคคลไม่เกิน 7 คน,AUDI,RS 7 Sportback quattro,1
2567,รถยนต์นั่งส่วนบุคคลไม่เกิน 7 คน,AUDI,RS e-tron GT quattro,3
2567,รถยนต์นั่งส่วนบุคคลไม่เกิน 7 คน,AUDI,RS Q3 SB edition 10 years,1
2567,รถยนต์นั่งส่วนบุคคลไม่เกิน 7 คน,AUDI,RS Q3 Sportback quattro,5
2567,รถยนต์นั่งส่วนบุคคลไม่เกิน 7 คน,AUDI,RS Q8,1
2567,รถยนต์นั่งส่วนบุคคลไม่เกิน 7 คน,AUDI,RS Q8 q,9
2567,รถยนต์นั่งส่วนบุคคลไม่เกิน 7 คน,AUDI,S3 2.0 TFSI QUATTRO,1
2567,รถยนต์นั่งส่วนบุคคลไม่เกิน 7 คน,AUDI,S3 Sportback quattro,3
2567,รถยนต์นั่งส่วนบุคคลไม่เกิน 7 คน,AUDI,TT Coupe 45 TFSI q S line,24
2567,รถยนต์นั่งส่วนบุคคลไม่เกิน 7 คน,AUDI,TT Coupe Final Icon Black,116
2567,รถยนต์นั่งส่วนบุคคลไม่เกิน 7 คน,AUDI,TT COUPE,1
2567,รถยนต์นั่งส่วนบุคคลไม่เกิน 7 คน,AUDI,TT COUPE 2.0 TFSI,1
2567,รถยนต์นั่งส่วนบุคคลไม่เกิน 7 คน,AUDI,TT RD 45 TFSI q S line,1
2567,รถยนต์นั่งส่วนบุคคลไม่เกิน 7 คน,AUDI,TT RD Final Icon Black,9
2567,รถยนต์นั่งส่วนบุคคลไม่เกิน 7 คน,AUDI,TT RS Coupe q,13
2567,รถยนต์นั่งส่วนบุคคลไม่เกิน 7 คน,AUDI,TT RS Heritage Edition,9
2567,รถยนต์นั่งส่วนบุคคลไม่เกิน 7 คน,AVATR,AVATR 11 LONG RANGE,13
2567,รถยนต์นั่งส่วนบุคคลไม่เกิน 7 คน,BECK,SPYDER,1
2567,รถยนต์นั่งส่วนบุคคลไม่เกิน 7 คน,BENTLEY,BENTAYGA AZURE HYBRID,1
2567,รถยนต์นั่งส่วนบุคคลไม่เกิน 7 คน,BENTLEY,BENTAYGA HYBRID,34
2567,รถยนต์นั่งส่วนบุคคลไม่เกิน 7 คน,BENTLEY,BENTAYGA ODYSSEAN EDITION,1
2567,รถยนต์นั่งส่วนบุคคลไม่เกิน 7 คน,BENTLEY,BENTAYGA S HYBRID,2
2567,รถยนต์นั่งส่วนบุคคลไม่เกิน 7 คน,BENTLEY,CONTINENTAL GT,1
2567,รถยนต์นั่งส่วนบุคคลไม่เกิน 7 คน,BENTLEY,CONTINENTAL GT V8,4
2567,รถยนต์นั่งส่วนบุคคลไม่เกิน 7 คน,BENTLEY,CONTINENTAL GT V8 MULLINER,1
2567,รถยนต์นั่งส่วนบุคคลไม่เกิน 7 คน,BENTLEY,CONTINENTAL GT W12,1
2567,รถยนต์นั่งส่วนบุคคลไม่เกิน 7 คน,BENTLEY,CONTINENTAL GTC AZURE V8,1
2567,รถยนต์นั่งส่วนบุคคลไม่เกิน 7 คน,BENTLEY,CONTINENTAL GTC S,1
2567,รถยนต์นั่งส่วนบุคคลไม่เกิน 7 คน,BENTLEY,CONTINENTAL GTC S V8,1
2567,รถยนต์นั่งส่วนบุคคลไม่เกิน 7 คน,BENTLEY,FLYING SPUR AZURE HYBRID,10
2567,รถยนต์นั่งส่วนบุคคลไม่เกิน 7 คน,BENTLEY,FLYING SPUR HYBRID,37
2567,รถยนต์นั่งส่วนบุคคลไม่เกิน 7 คน,BENTLEY,FLYING SPUR MULLINER HYBRID,2
2567,รถยนต์นั่งส่วนบุคคลไม่เกิน 7 คน,BENTLEY,FLYING SPUR S HYBRID,3
2567,รถยนต์นั่งส่วนบุคคลไม่เกิน 7 คน,BENTLEY,FLYING SPUR SPEED ED. 12,1
2567,รถยนต์นั่งส่วนบุคคลไม่เกิน 7 คน,BENTLEY,FLYING SPUR V8,2
2567,รถยนต์นั่งส่วนบุคคลไม่เกิน 7 คน,BMW,118i M Sport,1
2567,รถยนต์นั่งส่วนบุคคลไม่เกิน 7 คน,BMW,220i Gran Coupe M Sport,788
2567,รถยนต์นั่งส่วนบุคคลไม่เกิน 7 คน,BMW,220i Gran Coupe Sport,4
2567,รถยนต์นั่งส่วนบุคคลไม่เกิน 7 คน,BMW,320d,1
2567,รถยนต์นั่งส่วนบุคคลไม่เกิน 7 คน,BMW,320d GT Luxury,5
2567,รถยนต์นั่งส่วนบุคคลไม่เกิน 7 คน,BMW,320d GT M Sport,3
2567,รถยนต์นั่งส่วนบุคคลไม่เกิน 7 คน,BMW,320d GT Sport,1
2567,รถยนต์นั่งส่วนบุคคลไม่เกิน 7 คน,BMW,320d Limousine RHD,5
2567,รถยนต์นั่งส่วนบุคคลไม่เกิน 7 คน,BMW,320d M Sport,1377
2567,รถยนต์นั่งส่วนบุคคลไม่เกิน 7 คน,BMW,320d Sport,9
2567,รถยนต์นั่งส่วนบุคคลไม่เกิน 7 คน,BMW,320D SPORT,1
2567,รถยนต์นั่งส่วนบุคคลไม่เกิน 7 คน,BMW,320Li,11
2567,รถยนต์นั่งส่วนบุคคลไม่เกิน 7 คน,BMW,320Li Limousine LWB RHD,177
2567,รถยนต์นั่งส่วนบุคคลไม่เกิน 7 คน,BMW,320Li Limousine RHD,6
2567,รถยนต์นั่งส่วนบุคคลไม่เกิน 7 คน,BMW,330e Limousine RHD,1
2567,รถยนต์นั่งส่วนบุคคลไม่เกิน 7 คน,BMW,330e M Sport,929
2567,รถยนต์นั่งส่วนบุคคลไม่เกิน 7 คน,BMW,330i Limousine RHD,1
2567,รถยนต์นั่งส่วนบุคคลไม่เกิน 7 คน,BMW,330Li,104
2567,รถยนต์นั่งส่วนบุคคลไม่เกิน 7 คน,BMW,330Li Limousine RHD,33
2567,รถยนต์นั่งส่วนบุคคลไม่เกิน 7 คน,BMW,420i Coupe RHD,20
2567,รถยนต์นั่งส่วนบุคคลไม่เกิน 7 คน,BMW,420I CABRIO RHD,1
2567,รถยนต์นั่งส่วนบุคคลไม่เกิน 7 คน,BMW,430D CONVERTIBLE Mild-hybrid,1
2567,รถยนต์นั่งส่วนบุคคลไม่เกิน 7 คน,BMW,430i Cabrio RHD,53
2567,รถยนต์นั่งส่วนบุคคลไม่เกิน 7 คน,BMW,430i Coupe RHD,196
2567,รถยนต์นั่งส่วนบุคคลไม่เกิน 7 คน,BMW,520d Limousine RHD,1
2567,รถยนต์นั่งส่วนบุคคลไม่เกิน 7 คน,BMW,520d M Sport,715
2567,รถยนต์นั่งส่วนบุคคลไม่เกิน 7 คน,BMW,520d M Sport Pro,243
2567,รถยนต์นั่งส่วนบุคคลไม่เกิน 7 คน,BMW,520d Sport,3
2567,รถยนต์นั่งส่วนบุคคลไม่เกิน 7 คน,BMW,525d Celebration Edition,1
2567,รถยนต์นั่งส่วนบุคคลไม่เกิน 7 คน,BMW,530e Elite,18
2567,รถยนต์นั่งส่วนบุคคลไม่เกิน 7 คน,BMW,530e Highline,5
2567,รถยนต์นั่งส่วนบุคคลไม่เกิน 7 คน,BMW,530e Luxury,219
2567,รถยนต์นั่งส่วนบุคคลไม่เกิน 7 คน,BMW,530e M Sport,503
2567,รถยนต์นั่งส่วนบุคคลไม่เกิน 7 คน,BMW,530e M Sport Pro,267
2567,รถยนต์นั่งส่วนบุคคลไม่เกิน 7 คน,BMW,630d Gran Turismo RHD,2
2567,รถยนต์นั่งส่วนบุคคลไม่เกิน 7 คน,BMW,630i Gran Turismo RHD,260
2567,รถยนต์นั่งส่วนบุคคลไม่เกิน 7 คน,BMW,725Ld,1
2567,รถยนต์นั่งส่วนบุคคลไม่เกิน 7 คน,BMW,730Ld M Sport,11
2567,รถยนต์นั่งส่วนบุคคลไม่เกิน 7 คน,BMW,730Ld Pure Excellence,2
2567,รถยนต์นั่งส่วนบุคคลไม่เกิน 7 คน,BMW,740d M Sport,45
2567,รถยนต์นั่งส่วนบุคคลไม่เกิน 7 คน,BMW,740Le xDrive Pure Excellence,1
2567,รถยนต์นั่งส่วนบุคคลไม่เกิน 7 คน,BMW,745Le xDrive M Sport,14
2567,รถยนต์นั่งส่วนบุคคลไม่เกิน 7 คน,BMW,750e xDrive,1
2567,รถยนต์นั่งส่วนบุคคลไม่เกิน 7 คน,BMW,750e xDrive M Sport,93
2567,รถยนต์นั่งส่วนบุคคลไม่เกิน 7 คน,BMW,ALPINA B3 S BI-TURBO TOURING,1
2567,รถยนต์นั่งส่วนบุคคลไม่เกิน 7 คน,BMW,ALPINA B5 TOURING,1
2567,รถยนต์นั่งส่วนบุคคลไม่เกิน 7 คน,BMW,i4 eDrive35 Gran Coupe RH,125
2567,รถยนต์นั่งส่วนบุคคลไม่เกิน 7 คน,BMW,i4 eDrive40 Gran Coupe RH,2
2567,รถยนต์นั่งส่วนบุคคลไม่เกิน 7 คน,BMW,i4 M50 Gran Coupe RHD,14
2567,รถยนต์นั่งส่วนบุคคลไม่เกิน 7 คน,BMW,i5 eDrive40 RHD,66
2567,รถยนต์นั่งส่วนบุคคลไม่เกิน 7 คน,BMW,i5 M60 xDrive RHD,78
2567,รถยนต์นั่งส่วนบุคคลไม่เกิน 7 คน,BMW,i7 xDrive60 Limousine RHD,69
2567,รถยนต์นั่งส่วนบุคคลไม่เกิน 7 คน,BMW,i8 Roadster RHD,2
2567,รถยนต์นั่งส่วนบุคคลไม่เกิน 7 คน,BMW,iX xDrive40 RHD,243
2567,รถยนต์นั่งส่วนบุคคลไม่เกิน 7 คน,BMW,iX xDrive50 RHD,70
2567,รถยนต์นั่งส่วนบุคคลไม่เกิน 7 คน,BMW,iX2 xDrive30 RHD,49
2567,รถยนต์นั่งส่วนบุคคลไม่เกิน 7 คน,BMW,iX3 M Sport RHD,764
2567,รถยนต์นั่งส่วนบุคคลไม่เกิน 7 คน,BMW,I3,1
2567,รถยนต์นั่งส่วนบุคคลไม่เกิน 7 คน,BMW,I8 RHD,1
2567,รถยนต์นั่งส่วนบุคคลไม่เกิน 7 คน,BMW,M2 Coupe RHD MX,45
2567,รถยนต์นั่งส่วนบุคคลไม่เกิน 7 คน,BMW,M240i xDrive Coupe RHD MX,34
2567,รถยนต์นั่งส่วนบุคคลไม่เกิน 7 คน,BMW,M3 Competition M xDrive T,2
2567,รถยนต์นั่งส่วนบุคคลไม่เกิน 7 คน,BMW,M3 CS Limousine RHD,2
2567,รถยนต์นั่งส่วนบุคคลไม่เกิน 7 คน,BMW,M340i xDrive,130
2567,รถยนต์นั่งส่วนบุคคลไม่เกิน 7 คน,BMW,M4 Competition M xDrive C,5
2567,รถยนต์นั่งส่วนบุคคลไม่เกิน 7 คน,BMW,M4 Coupe RHD,1
2567,รถยนต์นั่งส่วนบุคคลไม่เกิน 7 คน,BMW,M4 CSL,1
2567,รถยนต์นั่งส่วนบุคคลไม่เกิน 7 คน,BMW,M440i xDrive Coupe RHD,13
2567,รถยนต์นั่งส่วนบุคคลไม่เกิน 7 คน,BMW,M760e xDrive,40
2567,รถยนต์นั่งส่วนบุคคลไม่เกิน 7 คน,BMW,M760Li xDrive Limousine R,1
2567,รถยนต์นั่งส่วนบุคคลไม่เกิน 7 คน,BMW,M850i xDrive RHD,1
2567,รถยนต์นั่งส่วนบุคคลไม่เกิน 7 คน,BMW,X1 sDrive18d xLine,7
2567,รถยนต์นั่งส่วนบุคคลไม่เกิน 7 คน,BMW,X1 sDrive18i,67
2567,รถยนต์นั่งส่วนบุคคลไม่เกิน 7 คน,BMW,X1 sDrive20d M Sport,78
2567,รถยนต์นั่งส่วนบุคคลไม่เกิน 7 คน,BMW,X1 sDrive20d xLine,147
2567,รถยนต์นั่งส่วนบุคคลไม่เกิน 7 คน,BMW,X1 sDrive20i M Sport,1211
2567,รถยนต์นั่งส่วนบุคคลไม่เกิน 7 คน,BMW,X1 sDrive20i xLine,316
2567,รถยนต์นั่งส่วนบุคคลไม่เกิน 7 คน,BMW,X1 xDrive30e,31
2567,รถยนต์นั่งส่วนบุคคลไม่เกิน 7 คน,BMW,X1 xDrive30e M Sport,86
2567,รถยนต์นั่งส่วนบุคคลไม่เกิน 7 คน,BMW,X2 sDrive20i RHD,2
2567,รถยนต์นั่งส่วนบุคคลไม่เกิน 7 คน,BMW,X3 xDrive20d M Sport,459
2567,รถยนต์นั่งส่วนบุคคลไม่เกิน 7 คน,BMW,X3 xDrive20d xLine,2
2567,รถยนต์นั่งส่วนบุคคลไม่เกิน 7 คน,BMW,X3 xDrive30e M Sport,255
2567,รถยนต์นั่งส่วนบุคคลไม่เกิน 7 คน,BMW,X3 xDrive30e xLine,3
2567,รถยนต์นั่งส่วนบุคคลไม่เกิน 7 คน,BMW,X3 XDRIVE20I,1
2567,รถยนต์นั่งส่วนบุคคลไม่เกิน 7 คน,BMW,X4 M RHD,2
2567,รถยนต์นั่งส่วนบุคคลไม่เกิน 7 คน,BMW,X4 xDrive20d M Sport,1
2567,รถยนต์นั่งส่วนบุคคลไม่เกิน 7 คน,BMW,X4 xDrive20d RHD,338
2567,รถยนต์นั่งส่วนบุคคลไม่เกิน 7 คน,BMW,X4 xDrive20i M Sport,1
2567,รถยนต์นั่งส่วนบุคคลไม่เกิน 7 คน,BMW,X5 sDrive25d PURE EXPERIE,1
2567,รถยนต์นั่งส่วนบุคคลไม่เกิน 7 คน,BMW,X5 xDrive30d M Sport,372
2567,รถยนต์นั่งส่วนบุคคลไม่เกิน 7 คน,BMW,X5 xDrive30d xLine,1
2567,รถยนต์นั่งส่วนบุคคลไม่เกิน 7 คน,BMW,X5 xDrive40e M Sport,1
2567,รถยนต์นั่งส่วนบุคคลไม่เกิน 7 คน,BMW,X5 xDrive45e M Sport,100
2567,รถยนต์นั่งส่วนบุคคลไม่เกิน 7 คน,BMW,X5 xDrive50e RHD,155
2567,รถยนต์นั่งส่วนบุคคลไม่เกิน 7 คน,BMW,X5 XDRIVE40E RHD,3
2567,รถยนต์นั่งส่วนบุคคลไม่เกิน 7 คน,BMW,X6 xDrive40i M Sport,244
2567,รถยนต์นั่งส่วนบุคคลไม่เกิน 7 คน,BMW,X7 xDrive30d M Sport,7
2567,รถยนต์นั่งส่วนบุคคลไม่เกิน 7 คน,BMW,X7 xDrive40d M Sport,231
2567,รถยนต์นั่งส่วนบุคคลไม่เกิน 7 คน,BMW,XM 50e RHD,91
2567,รถยนต์นั่งส่วนบุคคลไม่เกิน 7 คน,BMW,XM Label RHD,1
2567,รถยนต์นั่งส่วนบุคคลไม่เกิน 7 คน,BMW,XM RHD,1
2567,รถยนต์นั่งส่วนบุคคลไม่เกิน 7 คน,BMW,Z4 M40i RHD,25
2567,รถยนต์นั่งส่วนบุคคลไม่เกิน 7 คน,BMW,Z4 M40i Roadster RHD,5
2567,รถยนต์นั่งส่วนบุคคลไม่เกิน 7 คน,BMW,Z4 sDrive30i RHD,68
2567,รถยนต์นั่งส่วนบุคคลไม่เกิน 7 คน,BMW,,1
2567,รถยนต์นั่งส่วนบุคคลไม่เกิน 7 คน,BYD,BYD ATTO 3,4353
2567,รถยนต์นั่งส่วนบุคคลไม่เกิน 7 คน,BYD,BYD ATTO 3 (410KM),296
2567,รถยนต์นั่งส่วนบุคคลไม่เกิน 7 คน,BYD,BYD ATTO3 (410KM-DYNAMIC),953
2567,รถยนต์นั่งส่วนบุคคลไม่เกิน 7 คน,BYD,BYD ATTO3 (410KM-PREMIUM),496
2567,รถยนต์นั่งส่วนบุคคลไม่เกิน 7 คน,BYD,BYD ATTO3 (480KM-EXT),1649
2567,รถยนต์นั่งส่วนบุคคลไม่เกิน 7 คน,BYD,BYD DOLPHIN (435KM-STD),2379
2567,รถยนต์นั่งส่วนบุคคลไม่เกิน 7 คน,BYD,BYD DOLPHIN (490KM-EXT),278
2567,รถยนต์นั่งส่วนบุคคลไม่เกิน 7 คน,BYD,BYD DOLPHIN EXD,3302
2567,รถยนต์นั่งส่วนบุคคลไม่เกิน 7 คน,BYD,BYD DOLPHIN STD,7427
2567,รถยนต์นั่งส่วนบุคคลไม่เกิน 7 คน,BYD,BYD M6 DYNAMIC,111
2567,รถยนต์นั่งส่วนบุคคลไม่เกิน 7 คน,BYD,BYD M6 EXTENDED,395
2567,รถยนต์นั่งส่วนบุคคลไม่เกิน 7 คน,BYD,BYD SEAL EXD AWD,1793
2567,รถยนต์นั่งส่วนบุคคลไม่เกิน 7 คน,BYD,BYD SEAL EXD RWD,2588
2567,รถยนต์นั่งส่วนบุคคลไม่เกิน 7 คน,BYD,BYD SEAL STD RWD,775
2567,รถยนต์นั่งส่วนบุคคลไม่เกิน 7 คน,BYD,E6,52
2567,รถยนต์นั่งส่วนบุคคลไม่เกิน 7 คน,CATERHAM,SEVEN 420R,1
2567,รถยนต์นั่งส่วนบุคคลไม่เกิน 7 คน,CHANGAN,LUMIN,59
2567,รถยนต์นั่งส่วนบุคคลไม่เกิน 7 คน,CHANGAN,LUMIN L DC,226
2567,รถยนต์นั่งส่วนบุคคลไม่เกิน 7 คน,CHEVROLET,CAPTIVA,6
2567,รถยนต์นั่งส่วนบุคคลไม่เกิน 7 คน,CHEVROLET,COLORADO,1
2567,รถยนต์นั่งส่วนบุคคลไม่เกิน 7 คน,CHEVROLET,COLORADO C-CAB TRAIL BOSS,1
2567,รถยนต์นั่งส่วนบุคคลไม่เกิน 7 คน,CHEVROLET,CORVETTE STINGRAY 3LT,1
2567,รถยนต์นั่งส่วนบุคคลไม่เกิน 7 คน,CHEVROLET,CORVETTE STINGRAY CONVERTIBLE,3
2567,รถยนต์นั่งส่วนบุคคลไม่เกิน 7 คน,CHEVROLET,CORVETTE STINGRAY COUPE,9
2567,รถยนต์นั่งส่วนบุคคลไม่เกิน 7 คน,CHEVROLET,CORVETTE STINGRAY COUPE 2LT,3
2567,รถยนต์นั่งส่วนบุคคลไม่เกิน 7 คน,CHEVROLET,CORVETTE STINGRAY COUPE 3LT,2
2567,รถยนต์นั่งส่วนบุคคลไม่เกิน 7 คน,CHEVROLET,CORVETTE STINGRAY RWD COUPE,1
2567,รถยนต์นั่งส่วนบุคคลไม่เกิน 7 คน,CHEVROLET,OPTRA,1
2567,รถยนต์นั่งส่วนบุคคลไม่เกิน 7 คน,CHEVROLET,TRAILBLAZER,5
2567,รถยนต์นั่งส่วนบุคคลไม่เกิน 7 คน,DAIHATSU,COPEN 20TH ANNIVERSARY,2
2567,รถยนต์นั่งส่วนบุคคลไม่เกิน 7 คน,DAIHATSU,COPEN CERO S,1
2567,รถยนต์นั่งส่วนบุคคลไม่เกิน 7 คน,DAIHATSU,COPEN GR SPORT,3
2567,รถยนต์นั่งส่วนบุคคลไม่เกิน 7 คน,DAIHATSU,MOVE CANBUS G MAKEUP LIMITED,1
2567,รถยนต์นั่งส่วนบุคคลไม่เกิน 7 คน,DAIHATSU,MOVE CANBUS STRIPES G,1
2567,รถยนต์นั่งส่วนบุคคลไม่เกิน 7 คน,DAIHATSU,MOVE CANBUS STRIPES G TURBO,6
2567,รถยนต์นั่งส่วนบุคคลไม่เกิน 7 คน,DAIHATSU,TAFT G TURBO,1
2567,รถยนต์นั่งส่วนบุคคลไม่เกิน 7 คน,DEEPAL,L07,700
2567,รถยนต์นั่งส่วนบุคคลไม่เกิน 7 คน,DEEPAL,L07 S,36
2567,รถยนต์นั่งส่วนบุคคลไม่เกิน 7 คน,DEEPAL,S07,4799
2567,รถยนต์นั่งส่วนบุคคลไม่เกิน 7 คน,DEEPAL,S07 L,68
2567,รถยนต์นั่งส่วนบุคคลไม่เกิน 7 คน,DFSK,EQ6390PF22Q,1
2567,รถยนต์นั่งส่วนบุคคลไม่เกิน 7 คน,DFSK,GLORY 560,5
2567,รถยนต์นั่งส่วนบุคคลไม่เกิน 7 คน,DFSK,GLORY 580 I-AUTO,5
2567,รถยนต์นั่งส่วนบุคคลไม่เกิน 7 คน,FENGCHI,DYQ1030BEV1-H,4
2567,รถยนต์นั่งส่วนบุคคลไม่เกิน 7 คน,FERRARI,296 GTB,23
2567,รถยนต์นั่งส่วนบุคคลไม่เกิน 7 คน,FERRARI,296 GTS,10
2567,รถยนต์นั่งส่วนบุคคลไม่เกิน 7 คน,FERRARI,488 PISTA,1
2567,รถยนต์นั่งส่วนบุคคลไม่เกิน 7 คน,FERRARI,812 COMPETIZIONE	,1
2567,รถยนต์นั่งส่วนบุคคลไม่เกิน 7 คน,FERRARI,F8 SPIDER,3
2567,รถยนต์นั่งส่วนบุคคลไม่เกิน 7 คน,FERRARI,F8 TRIBUTO,1
2567,รถยนต์นั่งส่วนบุคคลไม่เกิน 7 คน,FERRARI,PORTOFINO,1
2567,รถยนต์นั่งส่วนบุคคลไม่เกิน 7 คน,FERRARI,PORTOFINO M,1
2567,รถยนต์นั่งส่วนบุคคลไม่เกิน 7 คน,FERRARI,PUROSANGUE,9
2567,รถยนต์นั่งส่วนบุคคลไม่เกิน 7 คน,FERRARI,ROMA,3
2567,รถยนต์นั่งส่วนบุคคลไม่เกิน 7 คน,FERRARI,ROMA SPIDER,1
2567,รถยนต์นั่งส่วนบุคคลไม่เกิน 7 คน,FERRARI,SF90 SPIDER,1
2567,รถยนต์นั่งส่วนบุคคลไม่เกิน 7 คน,FERRARI,SF90 STRADALE,3
2567,รถยนต์นั่งส่วนบุคคลไม่เกิน 7 คน,FIAT,500 ABARTH ELECTRIC HATCHBACK,1
2567,รถยนต์นั่งส่วนบุคคลไม่เกิน 7 คน,FOMM,FOMM ONE,13
2567,รถยนต์นั่งส่วนบุคคลไม่เกิน 7 คน,FORD,EcoSport,1
2567,รถยนต์นั่งส่วนบุคคลไม่เกิน 7 คน,FORD,EVEREST,9284
2567,รถยนต์นั่งส่วนบุคคลไม่เกิน 7 คน,FORD,Ford Ecosport,1
2567,รถยนต์นั่งส่วนบุคคลไม่เกิน 7 คน,FORD,Ford Focus,3
2567,รถยนต์นั่งส่วนบุคคลไม่เกิน 7 คน,FORD,FORD EVEREST,3
2567,รถยนต์นั่งส่วนบุคคลไม่เกิน 7 คน,FORD,FORD EVEREST zFAE9BC,1
2567,รถยนต์นั่งส่วนบุคคลไม่เกิน 7 คน,FORD,FORD EVEREST zJAE9BC,1
2567,รถยนต์นั่งส่วนบุคคลไม่เกิน 7 คน,FORD,FORD FIESTA,2
2567,รถยนต์นั่งส่วนบุคคลไม่เกิน 7 คน,FORD,FORD RANGER,1
2567,รถยนต์นั่งส่วนบุคคลไม่เกิน 7 คน,FORD,FORD RANGER iFBW9B4,1
2567,รถยนต์นั่งส่วนบุคคลไม่เกิน 7 คน,FORD,FORD RANGER iJBT9A6,2
2567,รถยนต์นั่งส่วนบุคคลไม่เกิน 7 คน,FORD,FORD RANGER iJBW9B4,1
2567,รถยนต์นั่งส่วนบุคคลไม่เกิน 7 คน,FORD,MUSTANG,32
2567,รถยนต์นั่งส่วนบุคคลไม่เกิน 7 คน,FORD,MUSTANG 2.3L ECOBOOST FASTBACK,5
2567,รถยนต์นั่งส่วนบุคคลไม่เกิน 7 คน,FORD,MUSTANG 5.0 GT PREMIUM,1
2567,รถยนต์นั่งส่วนบุคคลไม่เกิน 7 คน,FORD,MUSTANG ECOBOOST 2.3,1
2567,รถยนต์นั่งส่วนบุคคลไม่เกิน 7 คน,FORD,MUSTANG ECOBOOST FASTBACK,1
2567,รถยนต์นั่งส่วนบุคคลไม่เกิน 7 คน,FORD,MUSTANG ECOBOOST PREMIUM,1
2567,รถยนต์นั่งส่วนบุคคลไม่เกิน 7 คน,FORD,MUSTANG HIGH PERFORMANCE 2.3L,1
2567,รถยนต์นั่งส่วนบุคคลไม่เกิน 7 คน,FORD,MUSTANG MACH 1,1
2567,รถยนต์นั่งส่วนบุคคลไม่เกิน 7 คน,FORD,MUSTANG MACH-E EXTENDED RANGE,5
2567,รถยนต์นั่งส่วนบุคคลไม่เกิน 7 คน,FORD,RANGER,12539
2567,รถยนต์นั่งส่วนบุคคลไม่เกิน 7 คน,FORD,RANGER RAPTOR,2333
2567,รถยนต์นั่งส่วนบุคคลไม่เกิน 7 คน,FORD,RANGER SWB,7
2567,รถยนต์นั่งส่วนบุคคลไม่เกิน 7 คน,GMC,YUKON XL,1
2567,รถยนต์นั่งส่วนบุคคลไม่เกิน 7 คน,GWM TANK,300 HYBRID,680
2567,รถยนต์นั่งส่วนบุคคลไม่เกิน 7 คน,GWM TANK,500 HYBRID,252
2567,รถยนต์นั่งส่วนบุคคลไม่เกิน 7 คน,HAVAL,H6 HEV PRO,107
2567,รถยนต์นั่งส่วนบุคคลไม่เกิน 7 คน,HAVAL,H6 HEV ULTRA,795
2567,รถยนต์นั่งส่วนบุคคลไม่เกิน 7 คน,HAVAL,H6 PLUG-IN HYBRID,476
2567,รถยนต์นั่งส่วนบุคคลไม่เกิน 7 คน,HAVAL,JOLION HYBRID,2413
2567,รถยนต์นั่งส่วนบุคคลไม่เกิน 7 คน,HONDA,ACCORD,2984
2567,รถยนต์นั่งส่วนบุคคลไม่เกิน 7 คน,HONDA,ACCORD HYBRID,14
2567,รถยนต์นั่งส่วนบุคคลไม่เกิน 7 คน,HONDA,ACCORD'13,1
2567,รถยนต์นั่งส่วนบุคคลไม่เกิน 7 คน,HONDA,BR-V,472
2567,รถยนต์นั่งส่วนบุคคลไม่เกิน 7 คน,HONDA,BRIO'13,1
2567,รถยนต์นั่งส่วนบุคคลไม่เกิน 7 คน,HONDA,CITY,18416
2567,รถยนต์นั่งส่วนบุคคลไม่เกิน 7 คน,HONDA,CITY CNG'14,1
2567,รถยนต์นั่งส่วนบุคคลไม่เกิน 7 คน,HONDA,CITY HATCHBACK,15283
2567,รถยนต์นั่งส่วนบุคคลไม่เกิน 7 คน,HONDA,CIVIC,10679
2567,รถยนต์นั่งส่วนบุคคลไม่เกิน 7 คน,HONDA,CIVIC TYPE R,87
2567,รถยนต์นั่งส่วนบุคคลไม่เกิน 7 คน,HONDA,CIVIC TYPE R SPOON,3
2567,รถยนต์นั่งส่วนบุคคลไม่เกิน 7 คน,HONDA,CIVIC'12,1
2567,รถยนต์นั่งส่วนบุคคลไม่เกิน 7 คน,HONDA,CR-V,11069
2567,รถยนต์นั่งส่วนบุคคลไม่เกิน 7 คน,HONDA,CR-V'13,1
2567,รถยนต์นั่งส่วนบุคคลไม่เกิน 7 คน,HONDA,CR-V'16,1
2567,รถยนต์นั่งส่วนบุคคลไม่เกิน 7 คน,HONDA,e:N1,265
2567,รถยนต์นั่งส่วนบุคคลไม่เกิน 7 คน,HONDA,E,1
2567,รถยนต์นั่งส่วนบุคคลไม่เกิน 7 คน,HONDA,E ADVANCE,1
2567,รถยนต์นั่งส่วนบุคคลไม่เกิน 7 คน,HONDA,ELEVATE,1
2567,รถยนต์นั่งส่วนบุคคลไม่เกิน 7 คน,HONDA,FREED,1
2567,รถยนต์นั่งส่วนบุคคลไม่เกิน 7 คน,HONDA,HR-V,22161
2567,รถยนต์นั่งส่วนบุคคลไม่เกิน 7 คน,HONDA,JAZZ,20
2567,รถยนต์นั่งส่วนบุคคลไม่เกิน 7 คน,HONDA,JAZZ'09,1
2567,รถยนต์นั่งส่วนบุคคลไม่เกิน 7 คน,HONDA,JAZZ'15,2
2567,รถยนต์นั่งส่วนบุคคลไม่เกิน 7 คน,HONDA,MOBILIO,2
2567,รถยนต์นั่งส่วนบุคคลไม่เกิน 7 คน,HONDA,MOBILIO'15,1
2567,รถยนต์นั่งส่วนบุคคลไม่เกิน 7 คน,HONDA,N BOX G EX TURBO,1
2567,รถยนต์นั่งส่วนบุคคลไม่เกิน 7 คน,HONDA,N VAN TEN STYLE FUN,2
2567,รถยนต์นั่งส่วนบุคคลไม่เกิน 7 คน,HONDA,N-BOX CUSTOM G-EX TURBO,1
2567,รถยนต์นั่งส่วนบุคคลไม่เกิน 7 คน,HONDA,N-BOX CUSTOM L TURBO,2
2567,รถยนต์นั่งส่วนบุคคลไม่เกิน 7 คน,HONDA,NSX TYPE S,1
2567,รถยนต์นั่งส่วนบุคคลไม่เกิน 7 คน,HONDA,NSX-R,1
2567,รถยนต์นั่งส่วนบุคคลไม่เกิน 7 คน,HONDA,ODYSSEY ABSOLUTE EX,2
2567,รถยนต์นั่งส่วนบุคคลไม่เกิน 7 คน,HONDA,ODYSSEY e-HEV ABSOLUTE EX,18
2567,รถยนต์นั่งส่วนบุคคลไม่เกิน 7 คน,HONDA,S660 ALPHA,4
2567,รถยนต์นั่งส่วนบุคคลไม่เกิน 7 คน,HONDA,S660 MUGEN RA,1
2567,รถยนต์นั่งส่วนบุคคลไม่เกิน 7 คน,HONDA,STEP WGN AIR,1
2567,รถยนต์นั่งส่วนบุคคลไม่เกิน 7 คน,HONDA,STEP WGN e-HEV AIR,16
2567,รถยนต์นั่งส่วนบุคคลไม่เกิน 7 คน,HONDA,STEP WGN e-HEV SPADA,1
2567,รถยนต์นั่งส่วนบุคคลไม่เกิน 7 คน,HONDA,STEP WGN e-HEV SPADA PREMIUM,218
2567,รถยนต์นั่งส่วนบุคคลไม่เกิน 7 คน,HONDA,STEP WGN E HEV SPADA G EX,1
2567,รถยนต์นั่งส่วนบุคคลไม่เกิน 7 คน,HONDA,STEP WGN SPADA HYBRID PREMIUM,15
2567,รถยนต์นั่งส่วนบุคคลไม่เกิน 7 คน,HONDA,STEP WGN SPADA PREMIUM LINE,7
2567,รถยนต์นั่งส่วนบุคคลไม่เกิน 7 คน,HONDA,STEPWAGON e:HEV PREMIUM LINE,3
2567,รถยนต์นั่งส่วนบุคคลไม่เกิน 7 คน,HONDA,STEPWAGON e:HEV SPADA,1
2567,รถยนต์นั่งส่วนบุคคลไม่เกิน 7 คน,HONDA,STEPWAGON e:HEV SPADA PREMIUM,8
2567,รถยนต์นั่งส่วนบุคคลไม่เกิน 7 คน,HONDA,STEPWGN e:HEV AIR,10
2567,รถยนต์นั่งส่วนบุคคลไม่เกิน 7 คน,HONDA,STEPWGN e:HEV SPADA,8
2567,รถยนต์นั่งส่วนบุคคลไม่เกิน 7 คน,HONDA,STEPWGN SPADA,2
2567,รถยนต์นั่งส่วนบุคคลไม่เกิน 7 คน,HONDA,WR-V,1463
2567,รถยนต์นั่งส่วนบุคคลไม่เกิน 7 คน,HONDA,,1
2567,รถยนต์นั่งส่วนบุคคลไม่เกิน 7 คน,HONGQI,H9 2.0L,1
2567,รถยนต์นั่งส่วนบุคคลไม่เกิน 7 คน,HYUNDAI,CRETA,408
2567,รถยนต์นั่งส่วนบุคคลไม่เกิน 7 คน,HYUNDAI,GRAND STAREX,1
2567,รถยนต์นั่งส่วนบุคคลไม่เกิน 7 คน,HYUNDAI,IONIQ EV,1
2567,รถยนต์นั่งส่วนบุคคลไม่เกิน 7 คน,HYUNDAI,IONIQ5,79
2567,รถยนต์นั่งส่วนบุคคลไม่เกิน 7 คน,HYUNDAI,IONIQ5 N,2
2567,รถยนต์นั่งส่วนบุคคลไม่เกิน 7 คน,HYUNDAI,IONIQ6,16
2567,รถยนต์นั่งส่วนบุคคลไม่เกิน 7 คน,HYUNDAI,PALISADE,2
2567,รถยนต์นั่งส่วนบุคคลไม่เกิน 7 คน,HYUNDAI,SANTA FE,16
2567,รถยนต์นั่งส่วนบุคคลไม่เกิน 7 คน,HYUNDAI,SANTA FE HYBRID,1
2567,รถยนต์นั่งส่วนบุคคลไม่เกิน 7 คน,HYUNDAI,SONATA2.4GLSEXECUTIV,1
2567,รถยนต์นั่งส่วนบุคคลไม่เกิน 7 คน,HYUNDAI,STARGAZER,1365
2567,รถยนต์นั่งส่วนบุคคลไม่เกิน 7 คน,ISUZU,D-MAX,35354
2567,รถยนต์นั่งส่วนบุคคลไม่เกิน 7 คน,ISUZU,FTR34LXXXU,1
2567,รถยนต์นั่งส่วนบุคคลไม่เกิน 7 คน,ISUZU,MU-X,13050
2567,รถยนต์นั่งส่วนบุคคลไม่เกิน 7 คน,ISUZU,TFR86JCQH5 (P),1
2567,รถยนต์นั่งส่วนบุคคลไม่เกิน 7 คน,ISUZU,TFR87GWRH1 (M),3
2567,รถยนต์นั่งส่วนบุคคลไม่เกิน 7 คน,ISUZU,,2
2567,รถยนต์นั่งส่วนบุคคลไม่เกิน 7 คน,JAC,EVO-T8,35
2567,รถยนต์นั่งส่วนบุคคลไม่เกิน 7 คน,JAECOO,6 EV Long Range 2WD,14
2567,รถยนต์นั่งส่วนบุคคลไม่เกิน 7 คน,JAECOO,6 EV Long Range 4WD,145
2567,รถยนต์นั่งส่วนบุคคลไม่เกิน 7 คน,JAGUAR,F-PACE 2.0 LITRE T/C PETROL,5
2567,รถยนต์นั่งส่วนบุคคลไม่เกิน 7 คน,JAGUAR,F-TYPE 2.0 LITRE T/C PETROL,1
2567,รถยนต์นั่งส่วนบุคคลไม่เกิน 7 คน,JAGUAR,F-TYPE R-DYNAMIC COUPE,1
2567,รถยนต์นั่งส่วนบุคคลไม่เกิน 7 คน,JAGUAR,I-PACE AWD S,1
2567,รถยนต์นั่งส่วนบุคคลไม่เกิน 7 คน,JAGUAR,XF PRESTIGE 2.0 DIESEL,1
2567,รถยนต์นั่งส่วนบุคคลไม่เกิน 7 คน,JEEP,COMPASS LIMITED,1
2567,รถยนต์นั่งส่วนบุคคลไม่เกิน 7 คน,JEEP,GLADIATOR RUBICON,2
2567,รถยนต์นั่งส่วนบุคคลไม่เกิน 7 คน,JEEP,GRAND CHEROKEE SUMMIT,1
2567,รถยนต์นั่งส่วนบุคคลไม่เกิน 7 คน,JEEP,RENEGADE TRAILHAWK 1.3 PHEV,1
2567,รถยนต์นั่งส่วนบุคคลไม่เกิน 7 คน,JEEP,WRANGLER RUBICON,2
2567,รถยนต์นั่งส่วนบุคคลไม่เกิน 7 คน,JEEP,WRANGLER RUBICON 2 DOOR,6
2567,รถยนต์นั่งส่วนบุคคลไม่เกิน 7 คน,JEEP,WRANGLER RUBICON 2.2D,1
2567,รถยนต์นั่งส่วนบุคคลไม่เกิน 7 คน,JEEP,WRANGLER RUBICON 4 DOOR,25
2567,รถยนต์นั่งส่วนบุคคลไม่เกิน 7 คน,JEEP,WRANGLER RUBICON V6 3-DOOR,1
2567,รถยนต์นั่งส่วนบุคคลไม่เกิน 7 คน,JETOUR,,2
2567,รถยนต์นั่งส่วนบุคคลไม่เกิน 7 คน,JIAYUAN,JY7252-ZQR,1
2567,รถยนต์นั่งส่วนบุคคลไม่เกิน 7 คน,KEYTON,M70L EV,1
2567,รถยนต์นั่งส่วนบุคคลไม่เกิน 7 คน,KIA,CARNIVAL,69
2567,รถยนต์นั่งส่วนบุคคลไม่เกิน 7 คน,KIA,EV5,416
2567,รถยนต์นั่งส่วนบุคคลไม่เกิน 7 คน,KIA,EV9 GT LINE AWD,54
2567,รถยนต์นั่งส่วนบุคคลไม่เกิน 7 คน,KIA,EV9 GT-LINE,2
2567,รถยนต์นั่งส่วนบุคคลไม่เกิน 7 คน,KIA,SORENTO,87
2567,รถยนต์นั่งส่วนบุคคลไม่เกิน 7 คน,KIA,SOUL EV,1
2567,รถยนต์นั่งส่วนบุคคลไม่เกิน 7 คน,KINZAN,RHD620 EU COMFORT,1
2567,รถยนต์นั่งส่วนบุคคลไม่เกิน 7 คน,KYC,V5EV,3
2567,รถยนต์นั่งส่วนบุคคลไม่เกิน 7 คน,LAMBORGHINI,AVENTADOR SVJ,1
2567,รถยนต์นั่งส่วนบุคคลไม่เกิน 7 คน,LAMBORGHINI,AVENTADOR SVJ 63 COUPE,1
2567,รถยนต์นั่งส่วนบุคคลไม่เกิน 7 คน,LAMBORGHINI,HURACAN EVO,6
2567,รถยนต์นั่งส่วนบุคคลไม่เกิน 7 คน,LAMBORGHINI,HURACAN EVO RWD,8
2567,รถยนต์นั่งส่วนบุคคลไม่เกิน 7 คน,LAMBORGHINI,HURACAN STERRATO,2
2567,รถยนต์นั่งส่วนบุคคลไม่เกิน 7 คน,LAMBORGHINI,HURACAN STO,7
2567,รถยนต์นั่งส่วนบุคคลไม่เกิน 7 คน,LAMBORGHINI,HURACAN TECNICA,11
2567,รถยนต์นั่งส่วนบุคคลไม่เกิน 7 คน,LAMBORGHINI,REVUELTO,1
2567,รถยนต์นั่งส่วนบุคคลไม่เกิน 7 คน,LAMBORGHINI,URUS,8
2567,รถยนต์นั่งส่วนบุคคลไม่เกิน 7 คน,LAMBORGHINI,URUS PERFORMANTE,6
2567,รถยนต์นั่งส่วนบุคคลไม่เกิน 7 คน,LAMBORGHINI,URUS S,9
2567,รถยนต์นั่งส่วนบุคคลไม่เกิน 7 คน,LAND ROVER,DEFENDER 110 D300 75TH LIMITED,1
2567,รถยนต์นั่งส่วนบุคคลไม่เกิน 7 คน,LAND ROVER,DEFENDER 2.0L T/C AWD AUTO SE,7
2567,รถยนต์นั่งส่วนบุคคลไม่เกิน 7 คน,LAND ROVER,DEFENDER 2.0L T/C PETROL PHEV,32
2567,รถยนต์นั่งส่วนบุคคลไม่เกิน 7 คน,LAND ROVER,DEFENDER 3.0 LITRE T/C MHEV,3
2567,รถยนต์นั่งส่วนบุคคลไม่เกิน 7 คน,LAND ROVER,DEFENDER 90 75TH  LIMITED,1
2567,รถยนต์นั่งส่วนบุคคลไม่เกิน 7 คน,LAND ROVER,DEFENDER 90 D300 75th LIMITED,2
2567,รถยนต์นั่งส่วนบุคคลไม่เกิน 7 คน,LAND ROVER,DEFENDER 90 HERITAGE STATION,1
2567,รถยนต์นั่งส่วนบุคคลไม่เกิน 7 คน,LAND ROVER,DEFENDER 90 STATION WAGON,2
2567,รถยนต์นั่งส่วนบุคคลไม่เกิน 7 คน,LAND ROVER,DEFENDER WORKS V8 TROPHY,1
2567,รถยนต์นั่งส่วนบุคคลไม่เกิน 7 คน,LAND ROVER,RANGE ROVER 2.0L T/C PETROL,1
2567,รถยนต์นั่งส่วนบุคคลไม่เกิน 7 คน,LAND ROVER,RANGE ROVER 3.0 LITRE T/C,45
2567,รถยนต์นั่งส่วนบุคคลไม่เกิน 7 คน,LAND ROVER,RANGE ROVER 4.4 LITRE  T/C,1
2567,รถยนต์นั่งส่วนบุคคลไม่เกิน 7 คน,LAND ROVER,RANGE ROVER EVOQUE 1.5LITRE,14
2567,รถยนต์นั่งส่วนบุคคลไม่เกิน 7 คน,LAND ROVER,RANGE ROVER SPORT 2.0L,1
2567,รถยนต์นั่งส่วนบุคคลไม่เกิน 7 คน,LAND ROVER,RANGE ROVER SPORT 2.0L T/C,4
2567,รถยนต์นั่งส่วนบุคคลไม่เกิน 7 คน,LAND ROVER,RANGE ROVER SPORT 3.0 LITRE,28
2567,รถยนต์นั่งส่วนบุคคลไม่เกิน 7 คน,LAND ROVER,RANGE ROVER VELAR 2.0 LITRE,1
2567,รถยนต์นั่งส่วนบุคคลไม่เกิน 7 คน,LAND ROVER,RANGEROVER SPORTSV EDITION ONE,1
2567,รถยนต์นั่งส่วนบุคคลไม่เกิน 7 คน,LEXUS,ES300H,49
2567,รถยนต์นั่งส่วนบุคคลไม่เกิน 7 คน,LEXUS,IS300H,36
2567,รถยนต์นั่งส่วนบุคคลไม่เกิน 7 คน,LEXUS,LBX,21
2567,รถยนต์นั่งส่วนบุคคลไม่เกิน 7 คน,LEXUS,LC 500 EDGE,1
2567,รถยนต์นั่งส่วนบุคคลไม่เกิน 7 คน,LEXUS,LC500 5.0 V8 CONVERTIBLE,1
2567,รถยนต์นั่งส่วนบุคคลไม่เกิน 7 คน,LEXUS,LM300h,31
2567,รถยนต์นั่งส่วนบุคคลไม่เกิน 7 คน,LEXUS,LM350H,441
2567,รถยนต์นั่งส่วนบุคคลไม่เกิน 7 คน,LEXUS,LM350H 2.5L,8
2567,รถยนต์นั่งส่วนบุคคลไม่เกิน 7 คน,LEXUS,LM500H,17
2567,รถยนต์นั่งส่วนบุคคลไม่เกิน 7 คน,LEXUS,LM500H AWD,1
2567,รถยนต์นั่งส่วนบุคคลไม่เกิน 7 คน,LEXUS,LS500H,1
2567,รถยนต์นั่งส่วนบุคคลไม่เกิน 7 คน,LEXUS,LX 500D,1
2567,รถยนต์นั่งส่วนบุคคลไม่เกิน 7 คน,LEXUS,NX300h,2
2567,รถยนต์นั่งส่วนบุคคลไม่เกิน 7 คน,LEXUS,NX350H,104
2567,รถยนต์นั่งส่วนบุคคลไม่เกิน 7 คน,LEXUS,NX450H+,97
2567,รถยนต์นั่งส่วนบุคคลไม่เกิน 7 คน,LEXUS,RX200t,2
2567,รถยนต์นั่งส่วนบุคคลไม่เกิน 7 คน,LEXUS,RX300,4
2567,รถยนต์นั่งส่วนบุคคลไม่เกิน 7 คน,LEXUS,RX350H,29
2567,รถยนต์นั่งส่วนบุคคลไม่เกิน 7 คน,LEXUS,RX450H+,150
2567,รถยนต์นั่งส่วนบุคคลไม่เกิน 7 คน,LEXUS,RX500H,22
2567,รถยนต์นั่งส่วนบุคคลไม่เกิน 7 คน,LEXUS,RZ450E,77
2567,รถยนต์นั่งส่วนบุคคลไม่เกิน 7 คน,LEXUS,UX250H,18
2567,รถยนต์นั่งส่วนบุคคลไม่เกิน 7 คน,LEXUS,UX300H,10
2567,รถยนต์นั่งส่วนบุคคลไม่เกิน 7 คน,LOTUS,ELETRE R,63
2567,รถยนต์นั่งส่วนบุคคลไม่เกิน 7 คน,LOTUS,ELETRE S,49
2567,รถยนต์นั่งส่วนบุคคลไม่เกิน 7 คน,LOTUS,EMEYA S,1
2567,รถยนต์นั่งส่วนบุคคลไม่เกิน 7 คน,LOTUS,EMIRA V6 FIRST EDITION,1
2567,รถยนต์นั่งส่วนบุคคลไม่เกิน 7 คน,LOTUS,EXIGE SPORT 350,1
2567,รถยนต์นั่งส่วนบุคคลไม่เกิน 7 คน,MASERATI,GHIBLI GT HYBRID,11
2567,รถยนต์นั่งส่วนบุคคลไม่เกิน 7 คน,MASERATI,GHIBLI MILD HYBRID GRANLUSSO,1
2567,รถยนต์นั่งส่วนบุคคลไม่เกิน 7 คน,MASERATI,GRECALE GT HYBRID,14
2567,รถยนต์นั่งส่วนบุคคลไม่เกิน 7 คน,MASERATI,GRECALE MODENA,1
2567,รถยนต์นั่งส่วนบุคคลไม่เกิน 7 คน,MASERATI,GRECALE TROFEO,10
2567,รถยนต์นั่งส่วนบุคคลไม่เกิน 7 คน,MASERATI,LEVANTE DIESEL,1
2567,รถยนต์นั่งส่วนบุคคลไม่เกิน 7 คน,MASERATI,LEVANTE DIESEL GRANLUSSO,4
2567,รถยนต์นั่งส่วนบุคคลไม่เกิน 7 คน,MASERATI,LEVANTE DIESEL GRANSPORT,4
2567,รถยนต์นั่งส่วนบุคคลไม่เกิน 7 คน,MASERATI,LEVANTE GRANLUSSO,1
2567,รถยนต์นั่งส่วนบุคคลไม่เกิน 7 คน,MASERATI,LEVANTE GT HYBRID,2
2567,รถยนต์นั่งส่วนบุคคลไม่เกิน 7 คน,MASERATI,MC20,3
2567,รถยนต์นั่งส่วนบุคคลไม่เกิน 7 คน,MASERATI,QUATTROPORTE,1
2567,รถยนต์นั่งส่วนบุคคลไม่เกิน 7 คน,MASERATI,QUATTROPORTE GRANLUSSO,1
2567,รถยนต์นั่งส่วนบุคคลไม่เกิน 7 คน,MAZDA,Mazda MX-5,1
2567,รถยนต์นั่งส่วนบุคคลไม่เกิน 7 คน,MAZDA,MAZDA 2,5250
2567,รถยนต์นั่งส่วนบุคคลไม่เกิน 7 คน,MAZDA,MAZDA 3,629
2567,รถยนต์นั่งส่วนบุคคลไม่เกิน 7 คน,MAZDA,MAZDA 6,7
2567,รถยนต์นั่งส่วนบุคคลไม่เกิน 7 คน,MAZDA,MAZDA BT-50,485
2567,รถยนต์นั่งส่วนบุคคลไม่เกิน 7 คน,MAZDA,MAZDA BT50,1
2567,รถยนต์นั่งส่วนบุคคลไม่เกิน 7 คน,MAZDA,MAZDA CX-3,1186
2567,รถยนต์นั่งส่วนบุคคลไม่เกิน 7 คน,MAZDA,MAZDA CX-30,2278
2567,รถยนต์นั่งส่วนบุคคลไม่เกิน 7 คน,MAZDA,MAZDA CX-5,364
2567,รถยนต์นั่งส่วนบุคคลไม่เกิน 7 คน,MAZDA,MAZDA CX-8,503
2567,รถยนต์นั่งส่วนบุคคลไม่เกิน 7 คน,MAZDA,MAZDA MX-5,6
2567,รถยนต์นั่งส่วนบุคคลไม่เกิน 7 คน,MAZDA,MX-30,1
2567,รถยนต์นั่งส่วนบุคคลไม่เกิน 7 คน,MAZDA,MX-5 ROADSTER 990S,4
2567,รถยนต์นั่งส่วนบุคคลไม่เกิน 7 คน,MAZDA,ROADSTER,4
2567,รถยนต์นั่งส่วนบุคคลไม่เกิน 7 คน,MAZDA,ROADSTER 990S,16
2567,รถยนต์นั่งส่วนบุคคลไม่เกิน 7 คน,MAZDA,ROADSTER 990S 1.5L,1
2567,รถยนต์นั่งส่วนบุคคลไม่เกิน 7 คน,MAZDA,ROADSTER BROWN TOP,2
2567,รถยนต์นั่งส่วนบุคคลไม่เกิน 7 คน,MAZDA,ROADSTER NR-A,3
2567,รถยนต์นั่งส่วนบุคคลไม่เกิน 7 คน,MAZDA,ROADSTER RF,1
2567,รถยนต์นั่งส่วนบุคคลไม่เกิน 7 คน,MAZDA,ROADSTER RF S,1
2567,รถยนต์นั่งส่วนบุคคลไม่เกิน 7 คน,MAZDA,ROADSTER RF VS,1
2567,รถยนต์นั่งส่วนบุคคลไม่เกิน 7 คน,MAZDA,ROADSTER RF VS TERRACOTTA,1
2567,รถยนต์นั่งส่วนบุคคลไม่เกิน 7 คน,MAZDA,ROADSTER S LEATHER PACKAGE,1
2567,รถยนต์นั่งส่วนบุคคลไม่เกิน 7 คน,MCLAREN,720S COUPE,2
2567,รถยนต์นั่งส่วนบุคคลไม่เกิน 7 คน,MCLAREN,750S COUPE,3
2567,รถยนต์นั่งส่วนบุคคลไม่เกิน 7 คน,MCLAREN,750S SPIDER,1
2567,รถยนต์นั่งส่วนบุคคลไม่เกิน 7 คน,MCLAREN,765LT,1
2567,รถยนต์นั่งส่วนบุคคลไม่เกิน 7 คน,MCLAREN,ARTURA-COUPE,7
2567,รถยนต์นั่งส่วนบุคคลไม่เกิน 7 คน,MCLAREN,GT,2
2567,รถยนต์นั่งส่วนบุคคลไม่เกิน 7 คน,MERCEDES BENZ,A 200,492
2567,รถยนต์นั่งส่วนบุคคลไม่เกิน 7 คน,MERCEDES BENZ,AMG C 43 4MATIC,5
2567,รถยนต์นั่งส่วนบุคคลไม่เกิน 7 คน,MERCEDES BENZ,AMG C43 4MATIC Coupe,31
2567,รถยนต์นั่งส่วนบุคคลไม่เกิน 7 คน,MERCEDES BENZ,AMG CLA 35 4MATIC Coupe,2
2567,รถยนต์นั่งส่วนบุคคลไม่เกิน 7 คน,MERCEDES BENZ,AMG CLA 45 S 4MATIC+,1
2567,รถยนต์นั่งส่วนบุคคลไม่เกิน 7 คน,MERCEDES BENZ,AMG CLE 53 4MATIC coupe,25
2567,รถยนต์นั่งส่วนบุคคลไม่เกิน 7 คน,MERCEDES BENZ,AMG CLS 53 4MATIC,166
2567,รถยนต์นั่งส่วนบุคคลไม่เกิน 7 คน,MERCEDES BENZ,AMG E 53 4MATIC+,1
2567,รถยนต์นั่งส่วนบุคคลไม่เกิน 7 คน,MERCEDES BENZ,AMG EQE 53 4MATIC+,36
2567,รถยนต์นั่งส่วนบุคคลไม่เกิน 7 คน,MERCEDES BENZ,AMG G 63,35
2567,รถยนต์นั่งส่วนบุคคลไม่เกิน 7 คน,MERCEDES BENZ,AMG G400D,2
2567,รถยนต์นั่งส่วนบุคคลไม่เกิน 7 คน,MERCEDES BENZ,AMG G400D LINE PREMIUM PLUS,1
2567,รถยนต์นั่งส่วนบุคคลไม่เกิน 7 คน,MERCEDES BENZ,AMG G63 BRABUS,3
2567,รถยนต์นั่งส่วนบุคคลไม่เกิน 7 คน,MERCEDES BENZ,AMG GLA 35 4MATIC,69
2567,รถยนต์นั่งส่วนบุคคลไม่เกิน 7 คน,MERCEDES BENZ,AMG GLC 43 4MATIC Coupe,52
2567,รถยนต์นั่งส่วนบุคคลไม่เกิน 7 คน,MERCEDES BENZ,AMG GLE 53 4MATIC+,58
2567,รถยนต์นั่งส่วนบุคคลไม่เกิน 7 คน,MERCEDES BENZ,AMG GLE 53 HYBRID 4MATIC+,2
2567,รถยนต์นั่งส่วนบุคคลไม่เกิน 7 คน,MERCEDES BENZ,AMG GT 53 4MATIC+,2
2567,รถยนต์นั่งส่วนบุคคลไม่เกิน 7 คน,MERCEDES BENZ,AMG SL 43,2
2567,รถยนต์นั่งส่วนบุคคลไม่เกิน 7 คน,MERCEDES BENZ,C 180,1
2567,รถยนต์นั่งส่วนบุคคลไม่เกิน 7 คน,MERCEDES BENZ,C 180 COUPE,1
2567,รถยนต์นั่งส่วนบุคคลไม่เกิน 7 คน,MERCEDES BENZ,C 200 CGI BE,1
2567,รถยนต์นั่งส่วนบุคคลไม่เกิน 7 คน,MERCEDES BENZ,C 200 Coupe,217
2567,รถยนต์นั่งส่วนบุคคลไม่เกิน 7 คน,MERCEDES BENZ,C 220 d,1321
2567,รถยนต์นั่งส่วนบุคคลไม่เกิน 7 คน,MERCEDES BENZ,C 300 e,63
2567,รถยนต์นั่งส่วนบุคคลไม่เกิน 7 คน,MERCEDES BENZ,C 350 e,620
2567,รถยนต์นั่งส่วนบุคคลไม่เกิน 7 คน,MERCEDES BENZ,C250 COUPE,4
2567,รถยนต์นั่งส่วนบุคคลไม่เกิน 7 คน,MERCEDES BENZ,C300 Cabriolet,1
2567,รถยนต์นั่งส่วนบุคคลไม่เกิน 7 คน,MERCEDES BENZ,CLA200,3
2567,รถยนต์นั่งส่วนบุคคลไม่เกิน 7 คน,MERCEDES BENZ,CLA250,3
2567,รถยนต์นั่งส่วนบุคคลไม่เกิน 7 คน,MERCEDES BENZ,CLE 300 4MATIC coupe,33
2567,รถยนต์นั่งส่วนบุคคลไม่เกิน 7 คน,MERCEDES BENZ,CLS 220 d,511
2567,รถยนต์นั่งส่วนบุคคลไม่เกิน 7 คน,MERCEDES BENZ,CLS 250 CDI COUPE,1
2567,รถยนต์นั่งส่วนบุคคลไม่เกิน 7 คน,MERCEDES BENZ,CLS 300 d,31
2567,รถยนต์นั่งส่วนบุคคลไม่เกิน 7 คน,MERCEDES BENZ,CLS 300 d Coupe,2
2567,รถยนต์นั่งส่วนบุคคลไม่เกิน 7 คน,MERCEDES BENZ,E 200 Coupe,42
2567,รถยนต์นั่งส่วนบุคคลไม่เกิน 7 คน,MERCEDES BENZ,E 220 d,421
2567,รถยนต์นั่งส่วนบุคคลไม่เกิน 7 คน,MERCEDES BENZ,E 220 d Sedan,1
2567,รถยนต์นั่งส่วนบุคคลไม่เกิน 7 คน,MERCEDES BENZ,E 300 Cabriolet,1
2567,รถยนต์นั่งส่วนบุคคลไม่เกิน 7 คน,MERCEDES BENZ,E 300 Coupe,1
2567,รถยนต์นั่งส่วนบุคคลไม่เกิน 7 คน,MERCEDES BENZ,E 300 e,759
2567,รถยนต์นั่งส่วนบุคคลไม่เกิน 7 คน,MERCEDES BENZ,E 350 e,219
2567,รถยนต์นั่งส่วนบุคคลไม่เกิน 7 คน,MERCEDES BENZ,E220D,1
2567,รถยนต์นั่งส่วนบุคคลไม่เกิน 7 คน,MERCEDES BENZ,E300 Coupe,1
2567,รถยนต์นั่งส่วนบุคคลไม่เกิน 7 คน,MERCEDES BENZ,E400D AMG LINE NIGHT EDITION,1
2567,รถยนต์นั่งส่วนบุคคลไม่เกิน 7 คน,MERCEDES BENZ,EQB 250,62
2567,รถยนต์นั่งส่วนบุคคลไม่เกิน 7 คน,MERCEDES BENZ,EQE 300 PREMIUM PLUS,1
2567,รถยนต์นั่งส่วนบุคคลไม่เกิน 7 คน,MERCEDES BENZ,EQE 350 4MATIC SUV,64
2567,รถยนต์นั่งส่วนบุคคลไม่เกิน 7 คน,MERCEDES BENZ,EQS 450,1
2567,รถยนต์นั่งส่วนบุคคลไม่เกิน 7 คน,MERCEDES BENZ,EQS 450+,6
2567,รถยนต์นั่งส่วนบุคคลไม่เกิน 7 คน,MERCEDES BENZ,EQS 500 4MATIC,87
2567,รถยนต์นั่งส่วนบุคคลไม่เกิน 7 คน,MERCEDES BENZ,G 350 d,5
2567,รถยนต์นั่งส่วนบุคคลไม่เกิน 7 คน,MERCEDES BENZ,G400 D,55
2567,รถยนต์นั่งส่วนบุคคลไม่เกิน 7 คน,MERCEDES BENZ,G400 D AMG,3
2567,รถยนต์นั่งส่วนบุคคลไม่เกิน 7 คน,MERCEDES BENZ,G400 D AMG LINE PREMIUM PLUS,1
2567,รถยนต์นั่งส่วนบุคคลไม่เกิน 7 คน,MERCEDES BENZ,G400 D PROFESSIONAL,4
2567,รถยนต์นั่งส่วนบุคคลไม่เกิน 7 คน,MERCEDES BENZ,G500 4X4 SQUARED,2
2567,รถยนต์นั่งส่วนบุคคลไม่เกิน 7 คน,MERCEDES BENZ,G63 AMG,3
2567,รถยนต์นั่งส่วนบุคคลไม่เกิน 7 คน,MERCEDES BENZ,GLA 200,914
2567,รถยนต์นั่งส่วนบุคคลไม่เกิน 7 คน,MERCEDES BENZ,GLA 250,5
2567,รถยนต์นั่งส่วนบุคคลไม่เกิน 7 คน,MERCEDES BENZ,GLB 200,14
2567,รถยนต์นั่งส่วนบุคคลไม่เกิน 7 คน,MERCEDES BENZ,GLC 220 d,226
2567,รถยนต์นั่งส่วนบุคคลไม่เกิน 7 คน,MERCEDES BENZ,GLC 220 d 4MATIC,331
2567,รถยนต์นั่งส่วนบุคคลไม่เกิน 7 คน,MERCEDES BENZ,GLC 220 d 4MATIC Coupe,170
2567,รถยนต์นั่งส่วนบุคคลไม่เกิน 7 คน,MERCEDES BENZ,GLC 250 4MATIC Coupe,12
2567,รถยนต์นั่งส่วนบุคคลไม่เกิน 7 คน,MERCEDES BENZ,GLC 250 d 4MATIC,8
2567,รถยนต์นั่งส่วนบุคคลไม่เกิน 7 คน,MERCEDES BENZ,GLC 250 d 4MATIC Coupe,2
2567,รถยนต์นั่งส่วนบุคคลไม่เกิน 7 คน,MERCEDES BENZ,GLC 300 e 4MATIC,122
2567,รถยนต์นั่งส่วนบุคคลไม่เกิน 7 คน,MERCEDES BENZ,GLC 300 e 4MATIC Coupe,120
2567,รถยนต์นั่งส่วนบุคคลไม่เกิน 7 คน,MERCEDES BENZ,GLC 350 e 4MATIC,451
2567,รถยนต์นั่งส่วนบุคคลไม่เกิน 7 คน,MERCEDES BENZ,GLC 350 e 4MATIC coupe,163
2567,รถยนต์นั่งส่วนบุคคลไม่เกิน 7 คน,MERCEDES BENZ,GLE 250 d 4MATIC,1
2567,รถยนต์นั่งส่วนบุคคลไม่เกิน 7 คน,MERCEDES BENZ,GLE 300 d 4MATIC,256
2567,รถยนต์นั่งส่วนบุคคลไม่เกิน 7 คน,MERCEDES BENZ,GLE 350 d 4MATIC Coupe,1
2567,รถยนต์นั่งส่วนบุคคลไม่เกิน 7 คน,MERCEDES BENZ,GLE 350 de 4MATIC,126
2567,รถยนต์นั่งส่วนบุคคลไม่เกิน 7 คน,MERCEDES BENZ,GLE 500 e 4MATIC,2
2567,รถยนต์นั่งส่วนบุคคลไม่เกิน 7 คน,MERCEDES BENZ,GLS 350 d 4MATIC,75
2567,รถยนต์นั่งส่วนบุคคลไม่เกิน 7 คน,MERCEDES BENZ,GLS 450 d 4MATIC,38
2567,รถยนต์นั่งส่วนบุคคลไม่เกิน 7 คน,MERCEDES BENZ,Maybach S 580 4MATIC,2
2567,รถยนต์นั่งส่วนบุคคลไม่เกิน 7 คน,MERCEDES BENZ,Maybach S 580 e,81
2567,รถยนต์นั่งส่วนบุคคลไม่เกิน 7 คน,MERCEDES BENZ,MAYBACH S 680,1
2567,รถยนต์นั่งส่วนบุคคลไม่เกิน 7 คน,MERCEDES BENZ,MAYBACH S580 4 matic,1
2567,รถยนต์นั่งส่วนบุคคลไม่เกิน 7 คน,MERCEDES BENZ,MAYBACH S650,1
2567,รถยนต์นั่งส่วนบุคคลไม่เกิน 7 คน,MERCEDES BENZ,MAYBACH S680,1
2567,รถยนต์นั่งส่วนบุคคลไม่เกิน 7 คน,MERCEDES BENZ,ML 250 BLUETEC 4MATIC,1
2567,รถยนต์นั่งส่วนบุคคลไม่เกิน 7 คน,MERCEDES BENZ,S 350 d,95
2567,รถยนต์นั่งส่วนบุคคลไม่เกิน 7 คน,MERCEDES BENZ,S 350D LWB SALOON,1
2567,รถยนต์นั่งส่วนบุคคลไม่เกิน 7 คน,MERCEDES BENZ,S 500 e,1
2567,รถยนต์นั่งส่วนบุคคลไม่เกิน 7 คน,MERCEDES BENZ,S 560 e,7
2567,รถยนต์นั่งส่วนบุคคลไม่เกิน 7 คน,MERCEDES BENZ,S 580 e,122
2567,รถยนต์นั่งส่วนบุคคลไม่เกิน 7 คน,MERCEDES BENZ,S63 AMG,1
2567,รถยนต์นั่งส่วนบุคคลไม่เกิน 7 คน,MERCEDES BENZ,SL63 AMG,1
2567,รถยนต์นั่งส่วนบุคคลไม่เกิน 7 คน,MERCEDES BENZ,SLC 300,1
2567,รถยนต์นั่งส่วนบุคคลไม่เกิน 7 คน,MERCEDES BENZ,SLC300,5
2567,รถยนต์นั่งส่วนบุคคลไม่เกิน 7 คน,MERCEDES BENZ,SPRINTER 316 CDI,1
2567,รถยนต์นั่งส่วนบุคคลไม่เกิน 7 คน,MERCEDES BENZ,SPRINTER 319 CDI,3
2567,รถยนต์นั่งส่วนบุคคลไม่เกิน 7 คน,MERCEDES BENZ,SPRINTER 419 CDI,3
2567,รถยนต์นั่งส่วนบุคคลไม่เกิน 7 คน,MERCEDES BENZ,V 250 d,79
2567,รถยนต์นั่งส่วนบุคคลไม่เกิน 7 คน,MERCEDES BENZ,V300 d AMG Line,1
2567,รถยนต์นั่งส่วนบุคคลไม่เกิน 7 คน,MERCEDES BENZ,,13
2567,รถยนต์นั่งส่วนบุคคลไม่เกิน 7 คน,MG,CYBERSTER,62
2567,รถยนต์นั่งส่วนบุคคลไม่เกิน 7 คน,MG,EP,1133
2567,รถยนต์นั่งส่วนบุคคลไม่เกิน 7 คน,MG,ES,202
2567,รถยนต์นั่งส่วนบุคคลไม่เกิน 7 คน,MG,HS,716
2567,รถยนต์นั่งส่วนบุคคลไม่เกิน 7 คน,MG,HS PHEV,377
2567,รถยนต์นั่งส่วนบุคคลไม่เกิน 7 คน,MG,MAXUS 7,48
2567,รถยนต์นั่งส่วนบุคคลไม่เกิน 7 คน,MG,MAXUS 9,665
2567,รถยนต์นั่งส่วนบุคคลไม่เกิน 7 คน,MG,MG EXTENDER,675
2567,รถยนต์นั่งส่วนบุคคลไม่เกิน 7 คน,MG,MG GS,1
2567,รถยนต์นั่งส่วนบุคคลไม่เกิน 7 คน,MG,MG3,392
2567,รถยนต์นั่งส่วนบุคคลไม่เกิน 7 คน,MG,MG4 ELECTRIC,5396
2567,รถยนต์นั่งส่วนบุคคลไม่เกิน 7 คน,MG,MG5,4224
2567,รถยนต์นั่งส่วนบุคคลไม่เกิน 7 คน,MG,MG6,2
2567,รถยนต์นั่งส่วนบุคคลไม่เกิน 7 คน,MG,NEW MG3,12
2567,รถยนต์นั่งส่วนบุคคลไม่เกิน 7 คน,MG,VS HEV,990
2567,รถยนต์นั่งส่วนบุคคลไม่เกิน 7 คน,MG,ZS,1402
2567,รถยนต์นั่งส่วนบุคคลไม่เกิน 7 คน,MG,ZS EV,755
2567,รถยนต์นั่งส่วนบุคคลไม่เกิน 7 คน,MG,ZS1,2
2567,รถยนต์นั่งส่วนบุคคลไม่เกิน 7 คน,MINI,Aceman SE RHD,28
2567,รถยนต์นั่งส่วนบุคคลไม่เกิน 7 คน,MINI,Cooper Clubman RHD,11
2567,รถยนต์นั่งส่วนบุคคลไม่เกิน 7 คน,MINI,Cooper D 5-Turer RHD,1
2567,รถยนต์นั่งส่วนบุคคลไม่เกิน 7 คน,MINI,Cooper D Clubman RHD,1
2567,รถยนต์นั่งส่วนบุคคลไม่เกิน 7 คน,MINI,Cooper D RHD,3
2567,รถยนต์นั่งส่วนบุคคลไม่เกิน 7 คน,MINI,Cooper Hatch RHD,20
2567,รถยนต์นั่งส่วนบุคคลไม่เกิน 7 คน,MINI,Cooper S Cabrio RHD,45
2567,รถยนต์นั่งส่วนบุคคลไม่เกิน 7 คน,MINI,Cooper S Clubman RHD,92
2567,รถยนต์นั่งส่วนบุคคลไม่เกิน 7 คน,MINI,Cooper S Countryman,27
2567,รถยนต์นั่งส่วนบุคคลไม่เกิน 7 คน,MINI,Cooper S Countryman RHD,787
2567,รถยนต์นั่งส่วนบุคคลไม่เกิน 7 คน,MINI,Cooper S Hatch RHD,70
2567,รถยนต์นั่งส่วนบุคคลไม่เกิน 7 คน,MINI,Cooper SE Hatch RHD,103
2567,รถยนต์นั่งส่วนบุคคลไม่เกิน 7 คน,MINI,Cooper SE RHD,157
2567,รถยนต์นั่งส่วนบุคคลไม่เกิน 7 คน,MINI,Countryman SE ALL4 RHD,6
2567,รถยนต์นั่งส่วนบุคคลไม่เกิน 7 คน,MINI,ELECTRIC CONVERTIBLE,1
2567,รถยนต์นั่งส่วนบุคคลไม่เกิน 7 คน,MINI,JCW Countryman ALL4 RHD,2
2567,รถยนต์นั่งส่วนบุคคลไม่เกิน 7 คน,MINI,John Cooper Works All4 RH,2
2567,รถยนต์นั่งส่วนบุคคลไม่เกิน 7 คน,MINI,John Cooper Works ALL4 Cl,15
2567,รถยนต์นั่งส่วนบุคคลไม่เกิน 7 คน,MINI,John Cooper Works ALL4 Clubman,1
2567,รถยนต์นั่งส่วนบุคคลไม่เกิน 7 คน,MINI,John Cooper Works ALL4 Co,10
2567,รถยนต์นั่งส่วนบุคคลไม่เกิน 7 คน,MINI,John Cooper Works cabrio,9
2567,รถยนต์นั่งส่วนบุคคลไม่เกิน 7 คน,MINI,John Cooper Works Hatch R,54
2567,รถยนต์นั่งส่วนบุคคลไม่เกิน 7 คน,MINI,JOHN COOPER WORKS GP,3
2567,รถยนต์นั่งส่วนบุคคลไม่เกิน 7 คน,MINI,JOHN COOPER WORKS GP3,1
2567,รถยนต์นั่งส่วนบุคคลไม่เกิน 7 คน,MINI,MINI COOPER CLUBMAN RHD,1
2567,รถยนต์นั่งส่วนบุคคลไม่เกิน 7 คน,MINI,,1
2567,รถยนต์นั่งส่วนบุคคลไม่เกิน 7 คน,MITSUBISHI,ATTRAGE,3742
2567,รถยนต์นั่งส่วนบุคคลไม่เกิน 7 คน,MITSUBISHI,KH4WGYPZRU,1
2567,รถยนต์นั่งส่วนบุคคลไม่เกิน 7 คน,MITSUBISHI,L049GWMNTJU,1
2567,รถยนต์นั่งส่วนบุคคลไม่เกิน 7 คน,MITSUBISHI,L200 P 2.5 S-CAB LOW,1
2567,รถยนต์นั่งส่วนบุคคลไม่เกิน 7 คน,MITSUBISHI,MIRAGE,3039
2567,รถยนต์นั่งส่วนบุคคลไม่เกิน 7 คน,MITSUBISHI,OUTLANDER PHEV,71
2567,รถยนต์นั่งส่วนบุคคลไม่เกิน 7 คน,MITSUBISHI,PAJERO SPORT,2815
2567,รถยนต์นั่งส่วนบุคคลไม่เกิน 7 คน,MITSUBISHI,TRITON,4126
2567,รถยนต์นั่งส่วนบุคคลไม่เกิน 7 คน,MITSUBISHI,XPANDER,5699
2567,รถยนต์นั่งส่วนบุคคลไม่เกิน 7 คน,MITSUBISHI,XPANDER CROSS HEV,3925
2567,รถยนต์นั่งส่วนบุคคลไม่เกิน 7 คน,MITSUBISHI,XPANDER HEV,1123
2567,รถยนต์นั่งส่วนบุคคลไม่เกิน 7 คน,MITSUBISHI,,1
2567,รถยนต์นั่งส่วนบุคคลไม่เกิน 7 คน,NETA,NETA V,4578
2567,รถยนต์นั่งส่วนบุคคลไม่เกิน 7 คน,NETA,NETA V-II,2009
2567,รถยนต์นั่งส่วนบุคคลไม่เกิน 7 คน,NETA,NETA X,1382
2567,รถยนต์นั่งส่วนบุคคลไม่เกิน 7 คน,NEX,NPD,33
2567,รถยนต์นั่งส่วนบุคคลไม่เกิน 7 คน,NEX,XML6593JEVJ0,1
2567,รถยนต์นั่งส่วนบุคคลไม่เกิน 7 คน,NISSAN,ALMERA,3883
2567,รถยนต์นั่งส่วนบุคคลไม่เกิน 7 คน,NISSAN,BDBARGZL33MHA---A-,1
2567,รถยนต์นั่งส่วนบุคคลไม่เกิน 7 คน,NISSAN,BDRAREZL33MHA---B-,2
2567,รถยนต์นั่งส่วนบุคคลไม่เกิน 7 คน,NISSAN,BDWARBZN17XHA-----,1
2567,รถยนต์นั่งส่วนบุคคลไม่เกิน 7 คน,NISSAN,BDWARBZN17XHAFA--B,1
2567,รถยนต์นั่งส่วนบุคคลไม่เกิน 7 คน,NISSAN,BDWARBZN17XHAY211Z,1
2567,รถยนต์นั่งส่วนบุคคลไม่เกิน 7 คน,NISSAN,BDWARGZN17XHAB----,1
2567,รถยนต์นั่งส่วนบุคคลไม่เกิน 7 คน,NISSAN,BDWARGZN17XHAG----,1
2567,รถยนต์นั่งส่วนบุคคลไม่เกิน 7 คน,NISSAN,ELGRAND 250 HIGHWAY STAR,1
2567,รถยนต์นั่งส่วนบุคคลไม่เกิน 7 คน,NISSAN,ELGRAND 250 HIGHWAY STAR S,1
2567,รถยนต์นั่งส่วนบุคคลไม่เกิน 7 คน,NISSAN,FAIRLADY Z,2
2567,รถยนต์นั่งส่วนบุคคลไม่เกิน 7 คน,NISSAN,FAIRLADY Z  VERSION ST,3
2567,รถยนต์นั่งส่วนบุคคลไม่เกิน 7 คน,NISSAN,FAIRLADY Z VERSION R TWIN,1
2567,รถยนต์นั่งส่วนบุคคลไม่เกิน 7 คน,NISSAN,FDTARUZF15EHA6---1,1
2567,รถยนต์นั่งส่วนบุคคลไม่เกิน 7 คน,NISSAN,FDWURVZK13EH5-----,1
2567,รถยนต์นั่งส่วนบุคคลไม่เกิน 7 คน,NISSAN,FDWURVZK13XH5YA23Y,1
2567,รถยนต์นั่งส่วนบุคคลไม่เกิน 7 คน,NISSAN,GT-R,10
2567,รถยนต์นั่งส่วนบุคคลไม่เกิน 7 คน,NISSAN,GT-R NISMO,2
2567,รถยนต์นั่งส่วนบุคคลไม่เกิน 7 คน,NISSAN,GT-R NISMO SPECIAL EDITION,2
2567,รถยนต์นั่งส่วนบุคคลไม่เกิน 7 คน,NISSAN,GT-R PREMIUM EDITION,1
2567,รถยนต์นั่งส่วนบุคคลไม่เกิน 7 คน,NISSAN,GT-R PREMIUM EDITION T-SPEC,6
2567,รถยนต์นั่งส่วนบุคคลไม่เกิน 7 คน,NISSAN,GT-R PURE EDITION,5
2567,รถยนต์นั่งส่วนบุคคลไม่เกิน 7 คน,NISSAN,GT-R TRACK EDITION T-SPEC,1
2567,รถยนต์นั่งส่วนบุคคลไม่เกิน 7 คน,NISSAN,GT-R TRACKEDITION NISMO T-SPEC,1
2567,รถยนต์นั่งส่วนบุคคลไม่เกิน 7 คน,NISSAN,GTR BLACK EDITION,1
2567,รถยนต์นั่งส่วนบุคคลไม่เกิน 7 คน,NISSAN,GTR COUPE RECARO,1
2567,รถยนต์นั่งส่วนบุคคลไม่เกิน 7 คน,NISSAN,GTR PURE EDITION,3
2567,รถยนต์นั่งส่วนบุคคลไม่เกิน 7 คน,NISSAN,JDRNRRWT32EWD-----,2
2567,รถยนต์นั่งส่วนบุคคลไม่เกิน 7 คน,NISSAN,KICKS,3528
2567,รถยนต์นั่งส่วนบุคคลไม่เกิน 7 คน,NISSAN,LEAF,14
2567,รถยนต์นั่งส่วนบุคคลไม่เกิน 7 คน,NISSAN,MARCH,3
2567,รถยนต์นั่งส่วนบุคคลไม่เกิน 7 คน,NISSAN,NAVARA,1167
2567,รถยนต์นั่งส่วนบุคคลไม่เกิน 7 คน,NISSAN,NOTE,3
2567,รถยนต์นั่งส่วนบุคคลไม่เกิน 7 คน,NISSAN,ROOX X 2WD,1
2567,รถยนต์นั่งส่วนบุคคลไม่เกิน 7 คน,NISSAN,SERENA E-POWER AUTECH,1
2567,รถยนต์นั่งส่วนบุคคลไม่เกิน 7 คน,NISSAN,SKYLINE GT-R,1
2567,รถยนต์นั่งส่วนบุคคลไม่เกิน 7 คน,NISSAN,SKYLINE R32 V-SPEC II N1,1
2567,รถยนต์นั่งส่วนบุคคลไม่เกิน 7 คน,NISSAN,SYLPHY,2
2567,รถยนต์นั่งส่วนบุคคลไม่เกิน 7 คน,NISSAN,SYLPHY 1.6 E CVT,9
2567,รถยนต์นั่งส่วนบุคคลไม่เกิน 7 คน,NISSAN,TDWAREZE12EHA-----,1
2567,รถยนต์นั่งส่วนบุคคลไม่เกิน 7 คน,NISSAN,TDWARFZE12EHA-----,2
2567,รถยนต์นั่งส่วนบุคคลไม่เกิน 7 คน,NISSAN,TERRA,616
2567,รถยนต์นั่งส่วนบุคคลไม่เกิน 7 คน,NISSAN,VVLGRXND40UHG-P--3,1
2567,รถยนต์นั่งส่วนบุคคลไม่เกิน 7 คน,NISSAN,X-TRAIL,2
2567,รถยนต์นั่งส่วนบุคคลไม่เกิน 7 คน,NISSAN,,2
2567,รถยนต์นั่งส่วนบุคคลไม่เกิน 7 คน,OMODA,C5 EV Long Range Plus,2
2567,รถยนต์นั่งส่วนบุคคลไม่เกิน 7 คน,OMODA,C5 EV Long Range Ultimate,28
2567,รถยนต์นั่งส่วนบุคคลไม่เกิน 7 คน,ORA,GOOD CAT,2426
2567,รถยนต์นั่งส่วนบุคคลไม่เกิน 7 คน,ORA,ORA 07,805
2567,รถยนต์นั่งส่วนบุคคลไม่เกิน 7 คน,PEUGEOT,2008 P24 BG,154
2567,รถยนต์นั่งส่วนบุคคลไม่เกิน 7 คน,PEUGEOT,3008 P84 BG,109
2567,รถยนต์นั่งส่วนบุคคลไม่เกิน 7 คน,PEUGEOT,408 P54 BG,2
2567,รถยนต์นั่งส่วนบุคคลไม่เกิน 7 คน,PEUGEOT,408 P54 CG,8
2567,รถยนต์นั่งส่วนบุคคลไม่เกิน 7 คน,PEUGEOT,408 P54 DG,27
2567,รถยนต์นั่งส่วนบุคคลไม่เกิน 7 คน,PEUGEOT,5008 P87 BG,32
2567,รถยนต์นั่งส่วนบุคคลไม่เกิน 7 คน,POCCO,DD K,3
2567,รถยนต์นั่งส่วนบุคคลไม่เกิน 7 คน,POCCO,DD L2,7
2567,รถยนต์นั่งส่วนบุคคลไม่เกิน 7 คน,POCCO,MM YX,2
2567,รถยนต์นั่งส่วนบุคคลไม่เกิน 7 คน,PORSCHE,718 BOXSTER,3
2567,รถยนต์นั่งส่วนบุคคลไม่เกิน 7 คน,PORSCHE,718 BOXSTER S,1
2567,รถยนต์นั่งส่วนบุคคลไม่เกิน 7 คน,PORSCHE,718 BOXSTER S PDK,1
2567,รถยนต์นั่งส่วนบุคคลไม่เกิน 7 คน,PORSCHE,718 BOXSTER STYLE EDITION,13
2567,รถยนต์นั่งส่วนบุคคลไม่เกิน 7 คน,PORSCHE,718 BOXSTER T,10
2567,รถยนต์นั่งส่วนบุคคลไม่เกิน 7 คน,PORSCHE,718 CAYMAN,5
2567,รถยนต์นั่งส่วนบุคคลไม่เกิน 7 คน,PORSCHE,718 CAYMAN GT4,2
2567,รถยนต์นั่งส่วนบุคคลไม่เกิน 7 คน,PORSCHE,718 CAYMAN GT4 RS,2
2567,รถยนต์นั่งส่วนบุคคลไม่เกิน 7 คน,PORSCHE,718 CAYMAN GTS 4.0,1
2567,รถยนต์นั่งส่วนบุคคลไม่เกิน 7 คน,PORSCHE,718 CAYMAN STYLE EDITION,34
2567,รถยนต์นั่งส่วนบุคคลไม่เกิน 7 คน,PORSCHE,718 CAYMAN T,8
2567,รถยนต์นั่งส่วนบุคคลไม่เกิน 7 คน,PORSCHE,718 SPYDER,4
2567,รถยนต์นั่งส่วนบุคคลไม่เกิน 7 คน,PORSCHE,718 SPYDER RS,3
2567,รถยนต์นั่งส่วนบุคคลไม่เกิน 7 คน,PORSCHE,718 SPYDER RS 4.0,1
2567,รถยนต์นั่งส่วนบุคคลไม่เกิน 7 คน,PORSCHE,911 CARRERA,32
2567,รถยนต์นั่งส่วนบุคคลไม่เกิน 7 คน,PORSCHE,911 CARRERA 4,3
2567,รถยนต์นั่งส่วนบุคคลไม่เกิน 7 คน,PORSCHE,911 CARRERA 4 GTS,7
2567,รถยนต์นั่งส่วนบุคคลไม่เกิน 7 คน,PORSCHE,911 CARRERA 4S,3
2567,รถยนต์นั่งส่วนบุคคลไม่เกิน 7 คน,PORSCHE,911 CARRERA 4S COUPE,1
2567,รถยนต์นั่งส่วนบุคคลไม่เกิน 7 คน,PORSCHE,911 CARRERA 4S COUPE PDK,1
2567,รถยนต์นั่งส่วนบุคคลไม่เกิน 7 คน,PORSCHE,911 CARRERA CABRIOLET,4
2567,รถยนต์นั่งส่วนบุคคลไม่เกิน 7 คน,PORSCHE,911 CARRERA COUPE,1
2567,รถยนต์นั่งส่วนบุคคลไม่เกิน 7 คน,PORSCHE,911 CARRERA COUPE PDK,1
2567,รถยนต์นั่งส่วนบุคคลไม่เกิน 7 คน,PORSCHE,911 CARRERA GTS,37
2567,รถยนต์นั่งส่วนบุคคลไม่เกิน 7 คน,PORSCHE,911 CARRERA GTS CAB.,2
2567,รถยนต์นั่งส่วนบุคคลไม่เกิน 7 คน,PORSCHE,911 CARRERA GTS COUPE,2
2567,รถยนต์นั่งส่วนบุคคลไม่เกิน 7 คน,PORSCHE,911 CARRERA GTS COUPE PDK,1
2567,รถยนต์นั่งส่วนบุคคลไม่เกิน 7 คน,PORSCHE,911 CARRERA S,35
2567,รถยนต์นั่งส่วนบุคคลไม่เกิน 7 คน,PORSCHE,911 CARRERA S COUPE,1
2567,รถยนต์นั่งส่วนบุคคลไม่เกิน 7 คน,PORSCHE,911 CARRERA S COUPE PDK,2
2567,รถยนต์นั่งส่วนบุคคลไม่เกิน 7 คน,PORSCHE,911 CARRERA T,16
2567,รถยนต์นั่งส่วนบุคคลไม่เกิน 7 คน,PORSCHE,911 CARRERA T COUPE PDK,3
2567,รถยนต์นั่งส่วนบุคคลไม่เกิน 7 คน,PORSCHE,911 DAKAR,16
2567,รถยนต์นั่งส่วนบุคคลไม่เกิน 7 คน,PORSCHE,911 GT2 RS,1
2567,รถยนต์นั่งส่วนบุคคลไม่เกิน 7 คน,PORSCHE,911 GT3,10
2567,รถยนต์นั่งส่วนบุคคลไม่เกิน 7 คน,PORSCHE,911 GT3 RS,16
2567,รถยนต์นั่งส่วนบุคคลไม่เกิน 7 คน,PORSCHE,911 GT3 WITH T.P.,5
2567,รถยนต์นั่งส่วนบุคคลไม่เกิน 7 คน,PORSCHE,911 GT3 WITH TOURING PACKAGE,3
2567,รถยนต์นั่งส่วนบุคคลไม่เกิน 7 คน,PORSCHE,911 R,2
2567,รถยนต์นั่งส่วนบุคคลไม่เกิน 7 คน,PORSCHE,911 S/T,1
2567,รถยนต์นั่งส่วนบุคคลไม่เกิน 7 คน,PORSCHE,911 SPORT CLASSIC,3
2567,รถยนต์นั่งส่วนบุคคลไม่เกิน 7 คน,PORSCHE,911 TARGA 4,6
2567,รถยนต์นั่งส่วนบุคคลไม่เกิน 7 คน,PORSCHE,911 TARGA 4 GTS,16
2567,รถยนต์นั่งส่วนบุคคลไม่เกิน 7 คน,PORSCHE,911 TARGA 4 GTS EDITION,1
2567,รถยนต์นั่งส่วนบุคคลไม่เกิน 7 คน,PORSCHE,911 TARGA 4S,18
2567,รถยนต์นั่งส่วนบุคคลไม่เกิน 7 คน,PORSCHE,911 TARGA 4S HERITAGE,2
2567,รถยนต์นั่งส่วนบุคคลไม่เกิน 7 คน,PORSCHE,911 TURBO S,5
2567,รถยนต์นั่งส่วนบุคคลไม่เกิน 7 คน,PORSCHE,911 TURBO S CABRIOLET,3
2567,รถยนต์นั่งส่วนบุคคลไม่เกิน 7 คน,PORSCHE,911 TURBO S COUPE,1
2567,รถยนต์นั่งส่วนบุคคลไม่เกิน 7 คน,PORSCHE,CAYENNE,2
2567,รถยนต์นั่งส่วนบุคคลไม่เกิน 7 คน,PORSCHE,CAYENNE COUPE,5
2567,รถยนต์นั่งส่วนบุคคลไม่เกิน 7 คน,PORSCHE,CAYENNE E-HYBRID,169
2567,รถยนต์นั่งส่วนบุคคลไม่เกิน 7 คน,PORSCHE,CAYENNE E-HYBRID COUPE,407
2567,รถยนต์นั่งส่วนบุคคลไม่เกิน 7 คน,PORSCHE,CAYENNE E-HYBRID COUPE P.,100
2567,รถยนต์นั่งส่วนบุคคลไม่เกิน 7 คน,PORSCHE,CAYENNE E-HYBRID P.E.,20
2567,รถยนต์นั่งส่วนบุคคลไม่เกิน 7 คน,PORSCHE,CAYENNE E-HYBRID PLATINUM,11
2567,รถยนต์นั่งส่วนบุคคลไม่เกิน 7 คน,PORSCHE,CAYENNE GTS COUPE,1
2567,รถยนต์นั่งส่วนบุคคลไม่เกิน 7 คน,PORSCHE,CAYENNE S,1
2567,รถยนต์นั่งส่วนบุคคลไม่เกิน 7 คน,PORSCHE,CAYENNE S COUPE,2
2567,รถยนต์นั่งส่วนบุคคลไม่เกิน 7 คน,PORSCHE,CAYENNE S E-HYBRID COUPE,41
2567,รถยนต์นั่งส่วนบุคคลไม่เกิน 7 คน,PORSCHE,CAYENNE TURBO E-HYBRID COUPE,1
2567,รถยนต์นั่งส่วนบุคคลไม่เกิน 7 คน,PORSCHE,CAYENNE TURBO GT,1
2567,รถยนต์นั่งส่วนบุคคลไม่เกิน 7 คน,PORSCHE,MACAN,128
2567,รถยนต์นั่งส่วนบุคคลไม่เกิน 7 คน,PORSCHE,MACAN 2.0,4
2567,รถยนต์นั่งส่วนบุคคลไม่เกิน 7 คน,PORSCHE,MACAN 2.0 PDK,6
2567,รถยนต์นั่งส่วนบุคคลไม่เกิน 7 คน,PORSCHE,MACAN GTS,11
2567,รถยนต์นั่งส่วนบุคคลไม่เกิน 7 คน,PORSCHE,MACAN S,21
2567,รถยนต์นั่งส่วนบุคคลไม่เกิน 7 คน,PORSCHE,MACAN T,2
2567,รถยนต์นั่งส่วนบุคคลไม่เกิน 7 คน,PORSCHE,MACAN T 2.0,3
2567,รถยนต์นั่งส่วนบุคคลไม่เกิน 7 คน,PORSCHE,PANAMERA 4 E-HYBRID,18
2567,รถยนต์นั่งส่วนบุคคลไม่เกิน 7 คน,PORSCHE,PANAMERA 4 E-HYBRID EXEC.,36
2567,รถยนต์นั่งส่วนบุคคลไม่เกิน 7 คน,PORSCHE,PANAMERA 4 E-HYBRID EXECUTIVE,4
2567,รถยนต์นั่งส่วนบุคคลไม่เกิน 7 คน,PORSCHE,PANAMERA 4 E-HYBRID P.E.,102
2567,รถยนต์นั่งส่วนบุคคลไม่เกิน 7 คน,PORSCHE,PANAMERA 4 E-HYBRID PLATINUM,9
2567,รถยนต์นั่งส่วนบุคคลไม่เกิน 7 คน,PORSCHE,PANAMERA 4 E-HYBRID S.T.,3
2567,รถยนต์นั่งส่วนบุคคลไม่เกิน 7 คน,PORSCHE,PANAMERA 4 E-HYBRID SPORT,2
2567,รถยนต์นั่งส่วนบุคคลไม่เกิน 7 คน,PORSCHE,PANAMERA 4S E-HYBRID,1
2567,รถยนต์นั่งส่วนบุคคลไม่เกิน 7 คน,PORSCHE,TAYCAN,129
2567,รถยนต์นั่งส่วนบุคคลไม่เกิน 7 คน,PORSCHE,TAYCAN 4 CROSS TURISMO,19
2567,รถยนต์นั่งส่วนบุคคลไม่เกิน 7 คน,PORSCHE,TAYCAN 4S,54
2567,รถยนต์นั่งส่วนบุคคลไม่เกิน 7 คน,PORSCHE,TAYCAN 4S CROSS TURISMO,7
2567,รถยนต์นั่งส่วนบุคคลไม่เกิน 7 คน,PORSCHE,TAYCAN 4S SPORT TURISMO,1
2567,รถยนต์นั่งส่วนบุคคลไม่เกิน 7 คน,PORSCHE,TAYCAN GTS,24
2567,รถยนต์นั่งส่วนบุคคลไม่เกิน 7 คน,PORSCHE,TAYCAN SPORT TURISMO,4
2567,รถยนต์นั่งส่วนบุคคลไม่เกิน 7 คน,PORSCHE,TAYCAN TURBO,4
2567,รถยนต์นั่งส่วนบุคคลไม่เกิน 7 คน,PORSCHE,TAYCAN TURBO S,3
2567,รถยนต์นั่งส่วนบุคคลไม่เกิน 7 คน,RENAULT,MEGANE RS 300 TROPHY EDC,1
2567,รถยนต์นั่งส่วนบุคคลไม่เกิน 7 คน,ROLLS-ROYCE,Cullinan,3
2567,รถยนต์นั่งส่วนบุคคลไม่เกิน 7 คน,ROLLS-ROYCE,CULLINAN,3
2567,รถยนต์นั่งส่วนบุคคลไม่เกิน 7 คน,ROLLS-ROYCE,CULLINAN BLACK BADGE,1
2567,รถยนต์นั่งส่วนบุคคลไม่เกิน 7 คน,ROLLS-ROYCE,Ghost,1
2567,รถยนต์นั่งส่วนบุคคลไม่เกิน 7 คน,ROLLS-ROYCE,Ghost Extended,4
2567,รถยนต์นั่งส่วนบุคคลไม่เกิน 7 คน,ROLLS-ROYCE,GHOST,1
2567,รถยนต์นั่งส่วนบุคคลไม่เกิน 7 คน,ROLLS-ROYCE,GHOST BLACK BADGE,1
2567,รถยนต์นั่งส่วนบุคคลไม่เกิน 7 คน,ROLLS-ROYCE,Phantom Extended,1
2567,รถยนต์นั่งส่วนบุคคลไม่เกิน 7 คน,ROLLS-ROYCE,Spectre,4
2567,รถยนต์นั่งส่วนบุคคลไม่เกิน 7 คน,SMART,FORTWO COUPE,1
2567,รถยนต์นั่งส่วนบุคคลไม่เกิน 7 คน,SOKON,CRC5021CLS,1
2567,รถยนต์นั่งส่วนบุคคลไม่เกิน 7 คน,SUBARU,BRZ,2
2567,รถยนต์นั่งส่วนบุคคลไม่เกิน 7 คน,SUBARU,BRZ 2.0 RWD 6AT,1
2567,รถยนต์นั่งส่วนบุคคลไม่เกิน 7 คน,SUBARU,BRZ 2.4 EyeSight RWD 6MT,1
2567,รถยนต์นั่งส่วนบุคคลไม่เกิน 7 คน,SUBARU,BRZ 2.4 RWD 6MT,9
2567,รถยนต์นั่งส่วนบุคคลไม่เกิน 7 คน,SUBARU,BRZ 2.4 RWD EyeSight 6AT,19
2567,รถยนต์นั่งส่วนบุคคลไม่เกิน 7 คน,SUBARU,BRZ CUP CAR BASIC,3
2567,รถยนต์นั่งส่วนบุคคลไม่เกิน 7 คน,SUBARU,BRZ S 10TH ANNIVERSARY LIMITED,1
2567,รถยนต์นั่งส่วนบุคคลไม่เกิน 7 คน,SUBARU,FORESTER 2.0i-L,1
2567,รถยนต์นั่งส่วนบุคคลไม่เกิน 7 คน,SUBARU,FORESTER 2.0i-L ES,366
2567,รถยนต์นั่งส่วนบุคคลไม่เกิน 7 คน,SUBARU,FORESTER 2.0i-S,5
2567,รถยนต์นั่งส่วนบุคคลไม่เกิน 7 คน,SUBARU,FORESTER 2.0i-S ES,382
2567,รถยนต์นั่งส่วนบุคคลไม่เกิน 7 คน,SUBARU,LEVORG 1.6GT-S AWD CVT,1
2567,รถยนต์นั่งส่วนบุคคลไม่เกิน 7 คน,SUBARU,LEVORG STI SPORT R,1
2567,รถยนต์นั่งส่วนบุคคลไม่เกิน 7 คน,SUBARU,OUTBACK 2.5i-T EyeSight,8
2567,รถยนต์นั่งส่วนบุคคลไม่เกิน 7 คน,SUBARU,WRX 4D 2.4 AWD 6MT,2
2567,รถยนต์นั่งส่วนบุคคลไม่เกิน 7 คน,SUBARU,WRX 4D 2.4 EyeSight AWD CVT,4
2567,รถยนต์นั่งส่วนบุคคลไม่เกิน 7 คน,SUBARU,WRX STI RA-R,1
2567,รถยนต์นั่งส่วนบุคคลไม่เกิน 7 คน,SUBARU,WRX STI S207,1
2567,รถยนต์นั่งส่วนบุคคลไม่เกิน 7 คน,SUBARU,WRX STI S208NBR CHALLENGE,1
2567,รถยนต์นั่งส่วนบุคคลไม่เกิน 7 คน,SUBARU,XV 2.0i-P,3
2567,รถยนต์นั่งส่วนบุคคลไม่เกิน 7 คน,SUBARU,XV 2.0i-P ES,197
2567,รถยนต์นั่งส่วนบุคคลไม่เกิน 7 คน,SUZUKI,APV VAN (GLX) 1.6L,2
2567,รถยนต์นั่งส่วนบุคคลไม่เกิน 7 คน,SUZUKI,CELERIO GA 1.0L,23
2567,รถยนต์นั่งส่วนบุคคลไม่เกิน 7 คน,SUZUKI,CELERIO GA 1.0L MT,271
2567,รถยนต์นั่งส่วนบุคคลไม่เกิน 7 คน,SUZUKI,CELERIO GL 1.0L,67
2567,รถยนต์นั่งส่วนบุคคลไม่เกิน 7 คน,SUZUKI,CELERIO GL 1.0L CVT,574
2567,รถยนต์นั่งส่วนบุคคลไม่เกิน 7 คน,SUZUKI,CELERIO GL UP 1.0L CVT,309
2567,รถยนต์นั่งส่วนบุคคลไม่เกิน 7 คน,SUZUKI,CELERIO GLX 1.0L,2
2567,รถยนต์นั่งส่วนบุคคลไม่เกิน 7 คน,SUZUKI,CELERIO GX 1.0L,22
2567,รถยนต์นั่งส่วนบุคคลไม่เกิน 7 คน,SUZUKI,CELERIO GX 1.0L CVT,567
2567,รถยนต์นั่งส่วนบุคคลไม่เกิน 7 คน,SUZUKI,CIAZ GL 1.25L MT,1
2567,รถยนต์นั่งส่วนบุคคลไม่เกิน 7 คน,SUZUKI,CIAZ GL CVT,656
2567,รถยนต์นั่งส่วนบุคคลไม่เกิน 7 คน,SUZUKI,CIAZ GL MT,75
2567,รถยนต์นั่งส่วนบุคคลไม่เกิน 7 คน,SUZUKI,CIAZ GLX 1.25L CVT,3
2567,รถยนต์นั่งส่วนบุคคลไม่เกิน 7 คน,SUZUKI,CIAZ GLX CVT,52
2567,รถยนต์นั่งส่วนบุคคลไม่เกิน 7 คน,SUZUKI,CIAZ RS CVT,82
2567,รถยนต์นั่งส่วนบุคคลไม่เกิน 7 คน,SUZUKI,ERTIGA GL 1.5L,58
2567,รถยนต์นั่งส่วนบุคคลไม่เกิน 7 คน,SUZUKI,ERTIGA GX 1.5L,188
2567,รถยนต์นั่งส่วนบุคคลไม่เกิน 7 คน,SUZUKI,HUSTLER HYBRID J STYLE II,2
2567,รถยนต์นั่งส่วนบุคคลไม่เกิน 7 คน,SUZUKI,HUSTLER TOUGH WILD TURBO,1
2567,รถยนต์นั่งส่วนบุคคลไม่เกิน 7 คน,SUZUKI,JIMNY 1.5L 4AT,62
2567,รถยนต์นั่งส่วนบุคคลไม่เกิน 7 คน,SUZUKI,JIMNY ALPHA 5 DOOR,5
2567,รถยนต์นั่งส่วนบุคคลไม่เกิน 7 คน,SUZUKI,JIMNY SIERRA,20
2567,รถยนต์นั่งส่วนบุคคลไม่เกิน 7 คน,SUZUKI,JIMNY SIERRA 4WD,29
2567,รถยนต์นั่งส่วนบุคคลไม่เกิน 7 คน,SUZUKI,JIMNY SIERRA JC,58
2567,รถยนต์นั่งส่วนบุคคลไม่เกิน 7 คน,SUZUKI,JIMNY SIERRA JC 1.5L,16
2567,รถยนต์นั่งส่วนบุคคลไม่เกิน 7 คน,SUZUKI,JIMNY SIERRA JC 4WD,57
2567,รถยนต์นั่งส่วนบุคคลไม่เกิน 7 คน,SUZUKI,JIMNY XG MT 4WD,3
2567,รถยนต์นั่งส่วนบุคคลไม่เกิน 7 คน,SUZUKI,LANDY HYBRID G 2WD,1
2567,รถยนต์นั่งส่วนบุคคลไม่เกิน 7 คน,SUZUKI,SPACIA CUSTOM HYBRID XS TURBO,3
2567,รถยนต์นั่งส่วนบุคคลไม่เกิน 7 คน,SUZUKI,SPACIA GEAR HYBRID MY STYLE,2
2567,รถยนต์นั่งส่วนบุคคลไม่เกิน 7 คน,SUZUKI,SPACIA GEAR HYBRID XZ TURBO,1
2567,รถยนต์นั่งส่วนบุคคลไม่เกิน 7 คน,SUZUKI,SPACIA GEAR MY STYLE HYBRID,3
2567,รถยนต์นั่งส่วนบุคคลไม่เกิน 7 คน,SUZUKI,SPACIA HYBRID MY STYLE,2
2567,รถยนต์นั่งส่วนบุคคลไม่เกิน 7 คน,SUZUKI,SWIFT GL 1.2L CVT,980
2567,รถยนต์นั่งส่วนบุคคลไม่เกิน 7 คน,SUZUKI,SWIFT GL 1.5L,1
2567,รถยนต์นั่งส่วนบุคคลไม่เกิน 7 คน,SUZUKI,SWIFT GL MAX EDITION,2
2567,รถยนต์นั่งส่วนบุคคลไม่เกิน 7 คน,SUZUKI,SWIFT GL NEXT 1.2L CVT,686
2567,รถยนต์นั่งส่วนบุคคลไม่เกิน 7 คน,SUZUKI,SWIFT GL PLUS 1.2L CVT,37
2567,รถยนต์นั่งส่วนบุคคลไม่เกิน 7 คน,SUZUKI,SWIFT GLX 1.25L CVT,3
2567,รถยนต์นั่งส่วนบุคคลไม่เกิน 7 คน,SUZUKI,SWIFT GLX 1.2L CVT,1223
2567,รถยนต์นั่งส่วนบุคคลไม่เกิน 7 คน,SUZUKI,SWIFT GLX-Navi 1.2L CVT,5
2567,รถยนต์นั่งส่วนบุคคลไม่เกิน 7 คน,SUZUKI,SWIFT SPORT,1
2567,รถยนต์นั่งส่วนบุคคลไม่เกิน 7 คน,SUZUKI,XL7 1.5L,504
2567,รถยนต์นั่งส่วนบุคคลไม่เกิน 7 คน,TATA,XENON,1
2567,รถยนต์นั่งส่วนบุคคลไม่เกิน 7 คน,TESLA,Model 3 Performance,514
2567,รถยนต์นั่งส่วนบุคคลไม่เกิน 7 คน,TESLA,Model 3 Rear-Wheel Drive,1645
2567,รถยนต์นั่งส่วนบุคคลไม่เกิน 7 คน,TESLA,Model Y Rear-Wheel Drive,396
2567,รถยนต์นั่งส่วนบุคคลไม่เกิน 7 คน,TESLA,MODEL 3 LONG RANGE,1072
2567,รถยนต์นั่งส่วนบุคคลไม่เกิน 7 คน,TESLA,MODEL 3 PERFORMANCE,3
2567,รถยนต์นั่งส่วนบุคคลไม่เกิน 7 คน,TESLA,MODEL 3 STANDARD,2
2567,รถยนต์นั่งส่วนบุคคลไม่เกิน 7 คน,TESLA,MODEL 3 STANDARD PLUS,1
2567,รถยนต์นั่งส่วนบุคคลไม่เกิน 7 คน,TESLA,MODEL X 100D,1
2567,รถยนต์นั่งส่วนบุคคลไม่เกิน 7 คน,TESLA,MODEL Y LONG RANGE,259
2567,รถยนต์นั่งส่วนบุคคลไม่เกิน 7 คน,TESLA,MODEL Y PERFORMANCE,225
2567,รถยนต์นั่งส่วนบุคคลไม่เกิน 7 คน,TESLA,MODEL Y STANDARD,1
2567,รถยนต์นั่งส่วนบุคคลไม่เกิน 7 คน,TESLA,MODEL3 LONG RANGE PERFORMANCE,1
2567,รถยนต์นั่งส่วนบุคคลไม่เกิน 7 คน,TOYOTA,2.0G Extremo,1
2567,รถยนต์นั่งส่วนบุคคลไม่เกิน 7 คน,TOYOTA,2.7V Navi,1
2567,รถยนต์นั่งส่วนบุคคลไม่เกิน 7 คน,TOYOTA,ALPHARD,523
2567,รถยนต์นั่งส่วนบุคคลไม่เกิน 7 คน,TOYOTA,ALPHARD 2.5 HYBRID EXECUTIVE,4
2567,รถยนต์นั่งส่วนบุคคลไม่เกิน 7 คน,TOYOTA,ALPHARD 2.5 HYBRID G F PACKAGE,11
2567,รถยนต์นั่งส่วนบุคคลไม่เกิน 7 คน,TOYOTA,ALPHARD 2.5 HYBRID S E-FOUR,1
2567,รถยนต์นั่งส่วนบุคคลไม่เกิน 7 คน,TOYOTA,ALPHARD 2.5 HYBRID S TYPE GOLD,6
2567,รถยนต์นั่งส่วนบุคคลไม่เกิน 7 คน,TOYOTA,ALPHARD 2.5 HYBRID SR,1
2567,รถยนต์นั่งส่วนบุคคลไม่เกิน 7 คน,TOYOTA,ALPHARD 2.5 HYBRID SR C,4
2567,รถยนต์นั่งส่วนบุคคลไม่เกิน 7 คน,TOYOTA,ALPHARD 2.5 HYBRID SR SIDE,1
2567,รถยนต์นั่งส่วนบุคคลไม่เกิน 7 คน,TOYOTA,ALPHARD 2.5 HYBRID SRC PACKAGE,73
2567,รถยนต์นั่งส่วนบุคคลไม่เกิน 7 คน,TOYOTA,ALPHARD 2.5 HYBRID X E-FOUR,5
2567,รถยนต์นั่งส่วนบุคคลไม่เกิน 7 คน,TOYOTA,ALPHARD 2.5 HYBRID Z,14
2567,รถยนต์นั่งส่วนบุคคลไม่เกิน 7 คน,TOYOTA,ALPHARD 2.5 HYBRID Z E-FOUR,9
2567,รถยนต์นั่งส่วนบุคคลไม่เกิน 7 คน,TOYOTA,ALPHARD 2.5 SC PACKAGE,556
2567,รถยนต์นั่งส่วนบุคคลไม่เกิน 7 คน,TOYOTA,ALPHARD 2.5 Z,138
2567,รถยนต์นั่งส่วนบุคคลไม่เกิน 7 คน,TOYOTA,ALPHARD 2.5L SC PACKAGE,95
2567,รถยนต์นั่งส่วนบุคคลไม่เกิน 7 คน,TOYOTA,"ALPHARD 2.5S ""TYPE GOLD III""",3
2567,รถยนต์นั่งส่วนบุคคลไม่เกิน 7 คน,TOYOTA,ALPHARD 2.5X SIDE LIFT UP SEAT,1
2567,รถยนต์นั่งส่วนบุคคลไม่เกิน 7 คน,TOYOTA,ALPHARD EXECUTIVE LOUNGE,1
2567,รถยนต์นั่งส่วนบุคคลไม่เกิน 7 คน,TOYOTA,ALPHARD GF HYBRID 2.5L,1
2567,รถยนต์นั่งส่วนบุคคลไม่เกิน 7 คน,TOYOTA,ALPHARD HYBRID 2.5 S TYPE GOLD,1
2567,รถยนต์นั่งส่วนบุคคลไม่เกิน 7 คน,TOYOTA,ALPHARD HYBRID EXECUTIVE,48
2567,รถยนต์นั่งส่วนบุคคลไม่เกิน 7 คน,TOYOTA,ALPHARD HYBRID GF,1
2567,รถยนต์นั่งส่วนบุคคลไม่เกิน 7 คน,TOYOTA,ALPHARD HYBRID GF 2.5L,2
2567,รถยนต์นั่งส่วนบุคคลไม่เกิน 7 คน,TOYOTA,ALPHARD HYBRID GF PACKAGE,4
2567,รถยนต์นั่งส่วนบุคคลไม่เกิน 7 คน,TOYOTA,ALPHARD HYBRID GF PACKAGE 2.5L,1
2567,รถยนต์นั่งส่วนบุคคลไม่เกิน 7 คน,TOYOTA,ALPHARD HYBRID S 2.5L,2
2567,รถยนต์นั่งส่วนบุคคลไม่เกิน 7 คน,TOYOTA,ALPHARD HYBRID S TYPE GOLD III,1
2567,รถยนต์นั่งส่วนบุคคลไม่เกิน 7 คน,TOYOTA,ALPHARD HYBRID SR C,2
2567,รถยนต์นั่งส่วนบุคคลไม่เกิน 7 คน,TOYOTA,ALPHARD HYBRID SRC 2.5L,13
2567,รถยนต์นั่งส่วนบุคคลไม่เกิน 7 คน,TOYOTA,ALPHARD HYBRID SRC PACKAGE,68
2567,รถยนต์นั่งส่วนบุคคลไม่เกิน 7 คน,TOYOTA,ALPHARD HYBRID TYPE GOLD II,1
2567,รถยนต์นั่งส่วนบุคคลไม่เกิน 7 คน,TOYOTA,ALPHARD HYBRID X,1
2567,รถยนต์นั่งส่วนบุคคลไม่เกิน 7 คน,TOYOTA,ALPHARD HYBRID X 2.5L,3
2567,รถยนต์นั่งส่วนบุคคลไม่เกิน 7 คน,TOYOTA,ALPHARD HYBRID X E-FOUR,1
2567,รถยนต์นั่งส่วนบุคคลไม่เกิน 7 คน,TOYOTA,ALPHARD HYBRID Z,320
2567,รถยนต์นั่งส่วนบุคคลไม่เกิน 7 คน,TOYOTA,ALPHARD HYBRID Z 2.5L,49
2567,รถยนต์นั่งส่วนบุคคลไม่เกิน 7 คน,TOYOTA,ALPHARD HYBRID Z 2.5L E-FOUR,26
2567,รถยนต์นั่งส่วนบุคคลไม่เกิน 7 คน,TOYOTA,ALPHARD HYBRID Z E-FOUR,100
2567,รถยนต์นั่งส่วนบุคคลไม่เกิน 7 คน,TOYOTA,ALPHARD HYBRID Z PREMIER,2
2567,รถยนต์นั่งส่วนบุคคลไม่เกิน 7 คน,TOYOTA,"ALPHARD S ""TYPE GOLD III""",10
2567,รถยนต์นั่งส่วนบุคคลไม่เกิน 7 คน,TOYOTA,ALPHARD SC PACKAGE,328
2567,รถยนต์นั่งส่วนบุคคลไม่เกิน 7 คน,TOYOTA,ALPHARD SC PACKAGE 2.5L,452
2567,รถยนต์นั่งส่วนบุคคลไม่เกิน 7 คน,TOYOTA,ALPHARD SRC HYBRID 2.5L,10
2567,รถยนต์นั่งส่วนบุคคลไม่เกิน 7 คน,TOYOTA,ALPHARD TYPE GOLD II HYBRID,2
2567,รถยนต์นั่งส่วนบุคคลไม่เกิน 7 คน,TOYOTA,ALPHARD X HYBRID 2.5L,1
2567,รถยนต์นั่งส่วนบุคคลไม่เกิน 7 คน,TOYOTA,ALPHARD Z,40
2567,รถยนต์นั่งส่วนบุคคลไม่เกิน 7 คน,TOYOTA,ALPHARD Z 2.5L,157
2567,รถยนต์นั่งส่วนบุคคลไม่เกิน 7 คน,TOYOTA,ALPHARD Z 2WD,673
2567,รถยนต์นั่งส่วนบุคคลไม่เกิน 7 คน,TOYOTA,ALPHARD Z 2WD 2.5L,140
2567,รถยนต์นั่งส่วนบุคคลไม่เกิน 7 คน,TOYOTA,ALPHARD Z 4WD,15
2567,รถยนต์นั่งส่วนบุคคลไม่เกิน 7 คน,TOYOTA,ALPHARD Z HYBRID,5
2567,รถยนต์นั่งส่วนบุคคลไม่เกิน 7 คน,TOYOTA,ALPHARD Z HYBRID 2.5L,26
2567,รถยนต์นั่งส่วนบุคคลไม่เกิน 7 คน,TOYOTA,ALPHARD Z HYBRID E-FOUR 2.5L,2
2567,รถยนต์นั่งส่วนบุคคลไม่เกิน 7 คน,TOYOTA,BZ4X,66
2567,รถยนต์นั่งส่วนบุคคลไม่เกิน 7 คน,TOYOTA,C-HR,38
2567,รถยนต์นั่งส่วนบุคคลไม่เกิน 7 คน,TOYOTA,CAMRY,2548
2567,รถยนต์นั่งส่วนบุคคลไม่เกิน 7 คน,TOYOTA,CENTURY,1
2567,รถยนต์นั่งส่วนบุคคลไม่เกิน 7 คน,TOYOTA,COMMUTER,473
2567,รถยนต์นั่งส่วนบุคคลไม่เกิน 7 คน,TOYOTA,COROLLA,3122
2567,รถยนต์นั่งส่วนบุคคลไม่เกิน 7 คน,TOYOTA,COROLLA CROSS,16469
2567,รถยนต์นั่งส่วนบุคคลไม่เกิน 7 คน,TOYOTA,CROWN,1
2567,รถยนต์นั่งส่วนบุคคลไม่เกิน 7 คน,TOYOTA,CROWN CROSSOVER G,1
2567,รถยนต์นั่งส่วนบุคคลไม่เกิน 7 คน,TOYOTA,CROWN CROSSOVER G ADVANCED,8
2567,รถยนต์นั่งส่วนบุคคลไม่เกิน 7 คน,TOYOTA,CROWN CROSSOVER RS ADVANCE,12
2567,รถยนต์นั่งส่วนบุคคลไม่เกิน 7 คน,TOYOTA,CROWN CROSSOVER RS ADVANCED,15
2567,รถยนต์นั่งส่วนบุคคลไม่เกิน 7 คน,TOYOTA,CROWN HYBRID SPORT RS,1
2567,รถยนต์นั่งส่วนบุคคลไม่เกิน 7 คน,TOYOTA,CROWN SPORT Z,8
2567,รถยนต์นั่งส่วนบุคคลไม่เกิน 7 คน,TOYOTA,CROWN SPORT Z 2.5L,2
2567,รถยนต์นั่งส่วนบุคคลไม่เกิน 7 คน,TOYOTA,D-Cab 2x4 2.4E,1
2567,รถยนต์นั่งส่วนบุคคลไม่เกิน 7 คน,TOYOTA,FJ CRUISER,1
2567,รถยนต์นั่งส่วนบุคคลไม่เกิน 7 คน,TOYOTA,FORTUNER,14526
2567,รถยนต์นั่งส่วนบุคคลไม่เกิน 7 คน,TOYOTA,GR 86 RZ,2
2567,รถยนต์นั่งส่วนบุคคลไม่เกิน 7 คน,TOYOTA,GR COROLLA,2
2567,รถยนต์นั่งส่วนบุคคลไม่เกิน 7 คน,TOYOTA,GR COROLLA RZ,10
2567,รถยนต์นั่งส่วนบุคคลไม่เกิน 7 คน,TOYOTA,GR SUPRA,3
2567,รถยนต์นั่งส่วนบุคคลไม่เกิน 7 คน,TOYOTA,GR SUPRA RZ,14
2567,รถยนต์นั่งส่วนบุคคลไม่เกิน 7 คน,TOYOTA,GR SUPRA RZ 100 EDITION,1
2567,รถยนต์นั่งส่วนบุคคลไม่เกิน 7 คน,TOYOTA,GR SUPRA RZ 35TH ANNIVERSARY,1
2567,รถยนต์นั่งส่วนบุคคลไม่เกิน 7 คน,TOYOTA,GR SUPRA RZ 6MT,1
2567,รถยนต์นั่งส่วนบุคคลไม่เกิน 7 คน,TOYOTA,GR YARIS,2
2567,รถยนต์นั่งส่วนบุคคลไม่เกิน 7 คน,TOYOTA,GR YARIS GRMN,1
2567,รถยนต์นั่งส่วนบุคคลไม่เกิน 7 คน,TOYOTA,GR YARIS RALLYE,1
2567,รถยนต์นั่งส่วนบุคคลไม่เกิน 7 คน,TOYOTA,GR YARIS RC,15
2567,รถยนต์นั่งส่วนบุคคลไม่เกิน 7 คน,TOYOTA,GR YARIS RZ,1
2567,รถยนต์นั่งส่วนบุคคลไม่เกิน 7 คน,TOYOTA,GR YARIS RZ HIGH PERFORMANCE,3
2567,รถยนต์นั่งส่วนบุคคลไม่เกิน 7 คน,TOYOTA,GR86,7
2567,รถยนต์นั่งส่วนบุคคลไม่เกิน 7 คน,TOYOTA,GR86 CUP CAR BASIC,14
2567,รถยนต์นั่งส่วนบุคคลไม่เกิน 7 คน,TOYOTA,GR86 RC,24
2567,รถยนต์นั่งส่วนบุคคลไม่เกิน 7 คน,TOYOTA,GR86 RZ,5
2567,รถยนต์นั่งส่วนบุคคลไม่เกิน 7 คน,TOYOTA,GR86 RZ 10th ANNIVERSARY,21
2567,รถยนต์นั่งส่วนบุคคลไม่เกิน 7 คน,TOYOTA,GR86 RZ 2WD,7
2567,รถยนต์นั่งส่วนบุคคลไม่เกิน 7 คน,TOYOTA,GR86 RZ 40TH ANNIVERSARY,4
2567,รถยนต์นั่งส่วนบุคคลไม่เกิน 7 คน,TOYOTA,GR86 SARD GT1 CUP CAR,1
2567,รถยนต์นั่งส่วนบุคคลไม่เกิน 7 คน,TOYOTA,GT86 14R-60 TRD,1
2567,รถยนต์นั่งส่วนบุคคลไม่เกิน 7 คน,TOYOTA,GT86 BLACK LIMTED,1
2567,รถยนต์นั่งส่วนบุคคลไม่เกิน 7 คน,TOYOTA,HARRIER 2.5 HYBRID G,2
2567,รถยนต์นั่งส่วนบุคคลไม่เกิน 7 คน,TOYOTA,HARRIER 2.5 HYBRID Z LEATHER,5
2567,รถยนต์นั่งส่วนบุคคลไม่เกิน 7 คน,TOYOTA,HARRIER HYBRID G,14
2567,รถยนต์นั่งส่วนบุคคลไม่เกิน 7 คน,TOYOTA,HARRIER HYBRID G PACKAGE,1
2567,รถยนต์นั่งส่วนบุคคลไม่เกิน 7 คน,TOYOTA,HARRIER HYBRID Z,2
2567,รถยนต์นั่งส่วนบุคคลไม่เกิน 7 คน,TOYOTA,HARRIER HYBRID Z LEATHER,15
2567,รถยนต์นั่งส่วนบุคคลไม่เกิน 7 คน,TOYOTA,HARRIER S,1
2567,รถยนต์นั่งส่วนบุคคลไม่เกิน 7 คน,TOYOTA,HIACE,2
2567,รถยนต์นั่งส่วนบุคคลไม่เกิน 7 คน,TOYOTA,HIACE MAJESTY,1
2567,รถยนต์นั่งส่วนบุคคลไม่เกิน 7 คน,TOYOTA,HILUX CHAMP,4
2567,รถยนต์นั่งส่วนบุคคลไม่เกิน 7 คน,TOYOTA,HILUX REVO,28881
2567,รถยนต์นั่งส่วนบุคคลไม่เกิน 7 คน,TOYOTA,INNOVA,2318
2567,รถยนต์นั่งส่วนบุคคลไม่เกิน 7 คน,TOYOTA,KUN26R-PRASYT  A8,1
2567,รถยนต์นั่งส่วนบุคคลไม่เกิน 7 คน,TOYOTA,KUN26R-PRMSYT  B3,1
2567,รถยนต์นั่งส่วนบุคคลไม่เกิน 7 คน,TOYOTA,KUN51R-NKASYT  A8,1
2567,รถยนต์นั่งส่วนบุคคลไม่เกิน 7 คน,TOYOTA,KUN61R-NKASYT  B0,1
2567,รถยนต์นั่งส่วนบุคคลไม่เกิน 7 คน,TOYOTA,LAND CRUISER 250 VX FIRST,1
2567,รถยนต์นั่งส่วนบุคคลไม่เกิน 7 คน,TOYOTA,LAND CRUISER 250 ZX,2
2567,รถยนต์นั่งส่วนบุคคลไม่เกิน 7 คน,TOYOTA,LAND CRUISER 250 ZX FIRST,8
2567,รถยนต์นั่งส่วนบุคคลไม่เกิน 7 คน,TOYOTA,LAND CRUISER 3.3L  GR SPORT,1
2567,รถยนต์นั่งส่วนบุคคลไม่เกิน 7 คน,TOYOTA,LAND CRUISER 3.5L GR SPORT,1
2567,รถยนต์นั่งส่วนบุคคลไม่เกิน 7 คน,TOYOTA,LAND CRUISER 300 GR SPORT,17
2567,รถยนต์นั่งส่วนบุคคลไม่เกิน 7 คน,TOYOTA,LAND CRUISER 300 ZX,5
2567,รถยนต์นั่งส่วนบุคคลไม่เกิน 7 คน,TOYOTA,LAND CRUISER 300 ZX 3.3L,3
2567,รถยนต์นั่งส่วนบุคคลไม่เกิน 7 คน,TOYOTA,LAND CRUISER 300 ZX DIESEL,2
2567,รถยนต์นั่งส่วนบุคคลไม่เกิน 7 คน,TOYOTA,LAND CRUISER 70 AX,22
2567,รถยนต์นั่งส่วนบุคคลไม่เกิน 7 คน,TOYOTA,LAND CRUISER AX,1
2567,รถยนต์นั่งส่วนบุคคลไม่เกิน 7 คน,TOYOTA,LAND CRUISER GR SPORT,6
2567,รถยนต์นั่งส่วนบุคคลไม่เกิน 7 คน,TOYOTA,LAND CRUISER PRADO 2.7 TX-L,2
2567,รถยนต์นั่งส่วนบุคคลไม่เกิน 7 คน,TOYOTA,LAND CRUISER PRADO TX,1
2567,รถยนต์นั่งส่วนบุคคลไม่เกิน 7 คน,TOYOTA,LAND CRUISER PRADO TX 7 SEAT,3
2567,รถยนต์นั่งส่วนบุคคลไม่เกิน 7 คน,TOYOTA,LAND CRUISER PRADO TX L,1
2567,รถยนต์นั่งส่วนบุคคลไม่เกิน 7 คน,TOYOTA,LAND CRUISER PRADO TXL MATT,1
2567,รถยนต์นั่งส่วนบุคคลไม่เกิน 7 คน,TOYOTA,LAND CRUISER PRADO TZ G 2.8L,15
2567,รถยนต์นั่งส่วนบุคคลไม่เกิน 7 คน,TOYOTA,LAND CRUISER PRADO TZ-G,6
2567,รถยนต์นั่งส่วนบุคคลไม่เกิน 7 คน,TOYOTA,LAND CRUISER VX,1
2567,รถยนต์นั่งส่วนบุคคลไม่เกิน 7 คน,TOYOTA,LAND CRUISER ZX,16
2567,รถยนต์นั่งส่วนบุคคลไม่เกิน 7 คน,TOYOTA,LANDCRUISER 70 GXL,1
2567,รถยนต์นั่งส่วนบุคคลไม่เกิน 7 คน,TOYOTA,LANDCRUISER HARDTOP 4.0L,1
2567,รถยนต์นั่งส่วนบุคคลไม่เกิน 7 คน,TOYOTA,LANDCRUISER LC300 AX,2
2567,รถยนต์นั่งส่วนบุคคลไม่เกิน 7 คน,TOYOTA,LANDCRUISER LC300 GR SPORT,5
2567,รถยนต์นั่งส่วนบุคคลไม่เกิน 7 คน,TOYOTA,LANDCRUISER LC300 ZX,5
2567,รถยนต์นั่งส่วนบุคคลไม่เกิน 7 คน,TOYOTA,LANDCRUISER PRADO 2.8 DIESEL,4
2567,รถยนต์นั่งส่วนบุคคลไม่เกิน 7 คน,TOYOTA,LANDCRUISER PRADO 2.8 TZG,1
2567,รถยนต์นั่งส่วนบุคคลไม่เกิน 7 คน,TOYOTA,LANDCRUISER PRADO TXL PACKAGE,1
2567,รถยนต์นั่งส่วนบุคคลไม่เกิน 7 คน,TOYOTA,LANDCRUISER PRADO TZ-G,1
2567,รถยนต์นั่งส่วนบุคคลไม่เกิน 7 คน,TOYOTA,LN106R-TRMRS,1
2567,รถยนต์นั่งส่วนบุคคลไม่เกิน 7 คน,TOYOTA,NOAH HYBRID S-Z,5
2567,รถยนต์นั่งส่วนบุคคลไม่เกิน 7 คน,TOYOTA,NOAH HYBRID X,84
2567,รถยนต์นั่งส่วนบุคคลไม่เกิน 7 คน,TOYOTA,NOAH HYBRID X 2WD,10
2567,รถยนต์นั่งส่วนบุคคลไม่เกิน 7 คน,TOYOTA,NOAH SZ 2.0L,1
2567,รถยนต์นั่งส่วนบุคคลไม่เกิน 7 คน,TOYOTA,NOAH X 2WD,2
2567,รถยนต์นั่งส่วนบุคคลไม่เกิน 7 คน,TOYOTA,PRIUS Z,1
2567,รถยนต์นั่งส่วนบุคคลไม่เกิน 7 คน,TOYOTA,PRIUS Z HYBRID,2
2567,รถยนต์นั่งส่วนบุคคลไม่เกิน 7 คน,TOYOTA,SIENTA,12
2567,รถยนต์นั่งส่วนบุคคลไม่เกิน 7 คน,TOYOTA,SUPRA,1
2567,รถยนต์นั่งส่วนบุคคลไม่เกิน 7 คน,TOYOTA,SUPRA RZ 3.0L,1
2567,รถยนต์นั่งส่วนบุคคลไม่เกิน 7 คน,TOYOTA,SUPRA RZ PLASMA ORANGE 100,1
2567,รถยนต์นั่งส่วนบุคคลไม่เกิน 7 คน,TOYOTA,TGN61R-NKPSKT  A5,1
2567,รถยนต์นั่งส่วนบุคคลไม่เกิน 7 คน,TOYOTA,TR TRANSFORMER,20
2567,รถยนต์นั่งส่วนบุคคลไม่เกิน 7 คน,TOYOTA,TUNDRA 3.5L,1
2567,รถยนต์นั่งส่วนบุคคลไม่เกิน 7 คน,TOYOTA,VELLFIRE,132
2567,รถยนต์นั่งส่วนบุคคลไม่เกิน 7 คน,TOYOTA,VELLFIRE 2.4 Z PREMIER,7
2567,รถยนต์นั่งส่วนบุคคลไม่เกิน 7 คน,TOYOTA,VELLFIRE 2.5 HYBRID X E-FOUR,1
2567,รถยนต์นั่งส่วนบุคคลไม่เกิน 7 คน,TOYOTA,VELLFIRE 2.5 HYBRID Z PREMIER,17
2567,รถยนต์นั่งส่วนบุคคลไม่เกิน 7 คน,TOYOTA,VELLFIRE 2.5X SIDE LIFT,1
2567,รถยนต์นั่งส่วนบุคคลไม่เกิน 7 คน,TOYOTA,VELLFIRE 2.5Z G EDITION,1
2567,รถยนต์นั่งส่วนบุคคลไม่เกิน 7 คน,TOYOTA,VELLFIRE 250,1
2567,รถยนต์นั่งส่วนบุคคลไม่เกิน 7 คน,TOYOTA,VELLFIRE EXECUTIVE LOUNGE,2
2567,รถยนต์นั่งส่วนบุคคลไม่เกิน 7 คน,TOYOTA,VELLFIRE GOLDEN EYE III,1
2567,รถยนต์นั่งส่วนบุคคลไม่เกิน 7 คน,TOYOTA,VELLFIRE GOLDEN EYES III,1
2567,รถยนต์นั่งส่วนบุคคลไม่เกิน 7 คน,TOYOTA,VELLFIRE HYBRID E-FOUR,1
2567,รถยนต์นั่งส่วนบุคคลไม่เกิน 7 คน,TOYOTA,VELLFIRE HYBRID EXECUTIVE,9
2567,รถยนต์นั่งส่วนบุคคลไม่เกิน 7 คน,TOYOTA,VELLFIRE HYBRID GOLDEN EYES,1
2567,รถยนต์นั่งส่วนบุคคลไม่เกิน 7 คน,TOYOTA,VELLFIRE HYBRID Z,3
2567,รถยนต์นั่งส่วนบุคคลไม่เกิน 7 คน,TOYOTA,VELLFIRE HYBRID Z 2.5L,3
2567,รถยนต์นั่งส่วนบุคคลไม่เกิน 7 คน,TOYOTA,VELLFIRE HYBRID Z PREMIER,359
2567,รถยนต์นั่งส่วนบุคคลไม่เกิน 7 คน,TOYOTA,VELLFIRE HYBRID ZRG EDITION,1
2567,รถยนต์นั่งส่วนบุคคลไม่เกิน 7 คน,TOYOTA,VELLFIRE Z G EDITION,2
2567,รถยนต์นั่งส่วนบุคคลไม่เกิน 7 คน,TOYOTA,VELLFIRE Z GOLDEN EYES III,1
2567,รถยนต์นั่งส่วนบุคคลไม่เกิน 7 คน,TOYOTA,VELLFIRE Z PREMIER,86
2567,รถยนต์นั่งส่วนบุคคลไม่เกิน 7 คน,TOYOTA,VELLFIRE Z PREMIER  2.4L,15
2567,รถยนต์นั่งส่วนบุคคลไม่เกิน 7 คน,TOYOTA,VELLFIRE Z PREMIER 2WD 2.5L,1
2567,รถยนต์นั่งส่วนบุคคลไม่เกิน 7 คน,TOYOTA,VELLFIRE Z PREMIER E-FOUR,3
2567,รถยนต์นั่งส่วนบุคคลไม่เกิน 7 คน,TOYOTA,VELLFIRE Z PREMIER HYBRID,19
2567,รถยนต์นั่งส่วนบุคคลไม่เกิน 7 คน,TOYOTA,VELLFIRE Z PREMIER HYBRID 2.5L,28
2567,รถยนต์นั่งส่วนบุคคลไม่เกิน 7 คน,TOYOTA,VELOZ,4592
2567,รถยนต์นั่งส่วนบุคคลไม่เกิน 7 คน,TOYOTA,VIOS,5
2567,รถยนต์นั่งส่วนบุคคลไม่เกิน 7 คน,TOYOTA,VOXY 1.8 HYBRID S-Z,1
2567,รถยนต์นั่งส่วนบุคคลไม่เกิน 7 คน,TOYOTA,VOXY HYBRID S-G,7
2567,รถยนต์นั่งส่วนบุคคลไม่เกิน 7 คน,TOYOTA,VOXY HYBRID S-Z,215
2567,รถยนต์นั่งส่วนบุคคลไม่เกิน 7 คน,TOYOTA,VOXY HYBRID SZ 1.8L,13
2567,รถยนต์นั่งส่วนบุคคลไม่เกิน 7 คน,TOYOTA,VOXY S-Z 2WD,7
2567,รถยนต์นั่งส่วนบุคคลไม่เกิน 7 คน,TOYOTA,VOXY SZ,2
2567,รถยนต์นั่งส่วนบุคคลไม่เกิน 7 คน,TOYOTA,VOXY SZ 2.0L,3
2567,รถยนต์นั่งส่วนบุคคลไม่เกิน 7 คน,TOYOTA,VOXY SZ HYBRID 1.8L,6
2567,รถยนต์นั่งส่วนบุคคลไม่เกิน 7 คน,TOYOTA,Yaris 1.2G CVT,1
2567,รถยนต์นั่งส่วนบุคคลไม่เกิน 7 คน,TOYOTA,Yaris 1.2J CVT,1
2567,รถยนต์นั่งส่วนบุคคลไม่เกิน 7 คน,TOYOTA,YARIS,8838
2567,รถยนต์นั่งส่วนบุคคลไม่เกิน 7 คน,TOYOTA,YARIS ATIV,47538
2567,รถยนต์นั่งส่วนบุคคลไม่เกิน 7 คน,TOYOTA,YARIS CROSS,34822
2567,รถยนต์นั่งส่วนบุคคลไม่เกิน 7 คน,TOYOTA,YARIS GR CIRCUIT PACK,3
2567,รถยนต์นั่งส่วนบุคคลไม่เกิน 7 คน,TOYOTA,YARIS GRMN CIRCUIT PACKAGE,7
2567,รถยนต์นั่งส่วนบุคคลไม่เกิน 7 คน,TOYOTA,YARIS GRMN RALLY PACKAGE,4
2567,รถยนต์นั่งส่วนบุคคลไม่เกิน 7 คน,TOYOTA,ZVW30R-AHXEBT  CB,1
2567,รถยนต์นั่งส่วนบุคคลไม่เกิน 7 คน,VOLKSWAGEN,ID BUZZ,29
2567,รถยนต์นั่งส่วนบุคคลไม่เกิน 7 คน,VOLKSWAGEN,ID BUZZ 1st EDITION,1
2567,รถยนต์นั่งส่วนบุคคลไม่เกิน 7 คน,VOLKSWAGEN,ID BUZZ FIRST EDITION,2
2567,รถยนต์นั่งส่วนบุคคลไม่เกิน 7 คน,VOLKSWAGEN,ID BUZZ STYLE SWB PRO,1
2567,รถยนต์นั่งส่วนบุคคลไม่เกิน 7 คน,VOLKSWAGEN,MULTIVAN 2.0 BI TDI,1
2567,รถยนต์นั่งส่วนบุคคลไม่เกิน 7 คน,VOLKSWAGEN,PASSAT ESTATE 2.0 TDI,1
2567,รถยนต์นั่งส่วนบุคคลไม่เกิน 7 คน,VOLT,VOLT FOR FOUR,50
2567,รถยนต์นั่งส่วนบุคคลไม่เกิน 7 คน,VOLT,VOLT FOR TWO,4
2567,รถยนต์นั่งส่วนบุคคลไม่เกิน 7 คน,VOLVO,C40,892
2567,รถยนต์นั่งส่วนบุคคลไม่เกิน 7 คน,VOLVO,EC40,90
2567,รถยนต์นั่งส่วนบุคคลไม่เกิน 7 คน,VOLVO,EX30,623
2567,รถยนต์นั่งส่วนบุคคลไม่เกิน 7 คน,VOLVO,EX40,147
2567,รถยนต์นั่งส่วนบุคคลไม่เกิน 7 คน,VOLVO,S60,92
2567,รถยนต์นั่งส่วนบุคคลไม่เกิน 7 คน,VOLVO,S90,68
2567,รถยนต์นั่งส่วนบุคคลไม่เกิน 7 คน,VOLVO,V60,156
2567,รถยนต์นั่งส่วนบุคคลไม่เกิน 7 คน,VOLVO,XC40,1096
2567,รถยนต์นั่งส่วนบุคคลไม่เกิน 7 คน,VOLVO,XC60,416
2567,รถยนต์นั่งส่วนบุคคลไม่เกิน 7 คน,VOLVO,XC90,160
2567,รถยนต์นั่งส่วนบุคคลไม่เกิน 7 คน,VOLVO,,1
2567,รถยนต์นั่งส่วนบุคคลไม่เกิน 7 คน,WEIAO BOMA,STANDARD,3
2567,รถยนต์นั่งส่วนบุคคลไม่เกิน 7 คน,WULING,Air EV LR,435
2567,รถยนต์นั่งส่วนบุคคลไม่เกิน 7 คน,WULING,Air EV SR,55
2567,รถยนต์นั่งส่วนบุคคลไม่เกิน 7 คน,WULING,Binguo SRD,221
2567,รถยนต์นั่งส่วนบุคคลไม่เกิน 7 คน,XEV,YOYO PLUS,1
2567,รถยนต์นั่งส่วนบุคคลไม่เกิน 7 คน,XPENG,G6 LONG RANGE,95
2567,รถยนต์นั่งส่วนบุคคลไม่เกิน 7 คน,XPENG,G6 STANDARD RANGE,83
2567,รถยนต์นั่งส่วนบุคคลไม่เกิน 7 คน,ZEEKR,ZEEKR 009,1
2567,รถยนต์นั่งส่วนบุคคลไม่เกิน 7 คน,ZEEKR,ZEEKR X,196
2567,รถยนต์นั่งส่วนบุคคลเกิน 7 คน,FORD,RANGER,111
2567,รถยนต์นั่งส่วนบุคคลเกิน 7 คน,FORD,RANGER RAPTOR,89
2567,รถยนต์นั่งส่วนบุคคลเกิน 7 คน,FOTON,BJ1031EVJA3,2
2567,รถยนต์นั่งส่วนบุคคลเกิน 7 คน,FOTON,BJ6549B1PDA-RA,1
2567,รถยนต์นั่งส่วนบุคคลเกิน 7 คน,HINO,XZB70R-ZEMHY,1
2567,รถยนต์นั่งส่วนบุคคลเกิน 7 คน,HONDA,WAVE110I,1
2567,รถยนต์นั่งส่วนบุคคลเกิน 7 คน,HYUNDAI,H-1,1277
2567,รถยนต์นั่งส่วนบุคคลเกิน 7 คน,HYUNDAI,STARIA,1512
2567,รถยนต์นั่งส่วนบุคคลเกิน 7 คน,ISUZU,D-MAX,372
2567,รถยนต์นั่งส่วนบุคคลเกิน 7 คน,KIA,CARNIVAL,966
2567,รถยนต์นั่งส่วนบุคคลเกิน 7 คน,KIA,GRAND CARNIVAL,12
2567,รถยนต์นั่งส่วนบุคคลเกิน 7 คน,KIA,SORENTO,1
2567,รถยนต์นั่งส่วนบุคคลเกิน 7 คน,MAXUS,V80,1
2567,รถยนต์นั่งส่วนบุคคลเกิน 7 คน,MERCEDES BENZ,SPRINTER 319 CDI,1
2567,รถยนต์นั่งส่วนบุคคลเกิน 7 คน,MERCEDES BENZ,SPRINTER 416 CDI VAN,1
2567,รถยนต์นั่งส่วนบุคคลเกิน 7 คน,MERCEDES BENZ,SPRINTER 419 CDI (907),1
2567,รถยนต์นั่งส่วนบุคคลเกิน 7 คน,MERCEDES BENZ,SPRINTER 419 CDI VAN,101
2567,รถยนต์นั่งส่วนบุคคลเกิน 7 คน,MERCEDES BENZ,VITO 115 CDI COM.EX.LONG,2
2567,รถยนต์นั่งส่วนบุคคลเกิน 7 คน,MERCEDES BENZ,VITO 116 CDI,1
2567,รถยนต์นั่งส่วนบุคคลเกิน 7 คน,MERCEDES BENZ,VITO 119 CDI,177
2567,รถยนต์นั่งส่วนบุคคลเกิน 7 คน,MERCEDES BENZ,,1
2567,รถยนต์นั่งส่วนบุคคลเกิน 7 คน,MG,V80,1
2567,รถยนต์นั่งส่วนบุคคลเกิน 7 คน,MITSUBISHI,TRITON,15
2567,รถยนต์นั่งส่วนบุคคลเกิน 7 คน,NEX,NPD,3
2567,รถยนต์นั่งส่วนบุคคลเกิน 7 คน,NEX,NPS,2
2567,รถยนต์นั่งส่วนบุคคลเกิน 7 คน,NISSAN,NAVARA,98
2567,รถยนต์นั่งส่วนบุคคลเกิน 7 คน,NISSAN,UVL4RDRE26KHE-----,1
2567,รถยนต์นั่งส่วนบุคคลเกิน 7 คน,NISSAN,UVL4RDRE26KHE----A,2
2567,รถยนต์นั่งส่วนบุคคลเกิน 7 คน,NISSAN,UVL4RDRE26KWDDER-C,1
2567,รถยนต์นั่งส่วนบุคคลเกิน 7 คน,NISSAN,UVL4RDRE26KWDMER-E,4
2567,รถยนต์นั่งส่วนบุคคลเกิน 7 คน,NISSAN,UVL4RDRE26KWDMER9E,5
2567,รถยนต์นั่งส่วนบุคคลเกิน 7 คน,NISSAN,UVL4RDRE26KWDMERCE,2
2567,รถยนต์นั่งส่วนบุคคลเกิน 7 คน,SSANGYONG,RODIUS,2
2567,รถยนต์นั่งส่วนบุคคลเกิน 7 คน,SUZUKI,CARRY 1.5L MT,99
2567,รถยนต์นั่งส่วนบุคคลเกิน 7 คน,SUZUKI,SWIFT GL NEXT 1.2L CVT,1
2567,รถยนต์นั่งส่วนบุคคลเกิน 7 คน,TATA,SUPER ACE MINT,6
2567,รถยนต์นั่งส่วนบุคคลเกิน 7 คน,TOYOTA,COASTER,5
2567,รถยนต์นั่งส่วนบุคคลเกิน 7 คน,TOYOTA,COMMUTER,6245
2567,รถยนต์นั่งส่วนบุคคลเกิน 7 คน,TOYOTA,HIACE,888
2567,รถยนต์นั่งส่วนบุคคลเกิน 7 คน,TOYOTA,HIACE MAJESTY,1075
2567,รถยนต์นั่งส่วนบุคคลเกิน 7 คน,TOYOTA,HILUX CHAMP,56
2567,รถยนต์นั่งส่วนบุคคลเกิน 7 คน,TOYOTA,HILUX REVO,1497
2567,รถยนต์นั่งส่วนบุคคลเกิน 7 คน,TOYOTA,KDH202R-RDMDYE A1,1
2567,รถยนต์นั่งส่วนบุคคลเกิน 7 คน,TOYOTA,KDH202R-RDMNYT B3,1
2567,รถยนต์นั่งส่วนบุคคลเกิน 7 คน,TOYOTA,KDH222R-LEMDYT A1,1
2567,รถยนต์นั่งส่วนบุคคลเกิน 7 คน,TOYOTA,KDH222R-LEMDYT A4,1
2567,รถยนต์นั่งส่วนบุคคลเกิน 7 คน,TOYOTA,KDH222R-LEMDYT A5,1
2567,รถยนต์นั่งส่วนบุคคลเกิน 7 คน,TOYOTA,KDH222R-LEMDYT A6,1
2567,รถยนต์นั่งส่วนบุคคลเกิน 7 คน,TOYOTA,KDH223R-LEMDYT B2,5
2567,รถยนต์นั่งส่วนบุคคลเกิน 7 คน,TOYOTA,KDH223R-LEPDYT A1,2
2567,รถยนต์นั่งส่วนบุคคลเกิน 7 คน,TOYOTA,KDH223R-LEPDYT B1,1
2567,รถยนต์นั่งส่วนบุคคลเกิน 7 คน,TOYOTA,TR TRANSFORMER,14
2567,รถยนต์นั่งส่วนบุคคลเกิน 7 คน,TOYOTA,TR-TRANSFORTMER,1
2567,รถยนต์นั่งส่วนบุคคลเกิน 7 คน,TOYOTA,TRH213R-KDPNKT A3,1
2567,รถยนต์นั่งส่วนบุคคลเกิน 7 คน,TOYOTA,TRH223R-LEMDKT C6,1
2567,รถยนต์นั่งส่วนบุคคลเกิน 7 คน,TOYOTA,,1
2567,รถยนต์นั่งส่วนบุคคลเกิน 7 คน,VOLKSWAGEN,CARAVELLE 2.0 BI TDI,1
2567,รถยนต์นั่งส่วนบุคคลเกิน 7 คน,VOLKSWAGEN,CARAVELLE COMFORTLINE 2,3
2567,รถยนต์นั่งส่วนบุคคลเกิน 7 คน,VOLKSWAGEN,CARAVELLE COMFORTLINE2.0L,91
2567,รถยนต์นั่งส่วนบุคคลเกิน 7 คน,VOLKSWAGEN,CARAVELLE T69 2.0 L,12
2567,รถยนต์นั่งส่วนบุคคลเกิน 7 คน,VOLKSWAGEN,T6,1
2567,รถยนต์นั่งส่วนบุคคลเกิน 7 คน,VOLKSWAGEN,TRANSPORTER,10
2567,รถยนต์นั่งส่วนบุคคลเกิน 7 คน,VOLKSWAGEN,คาราเวล,1
2567,รถยนต์นั่งส่วนบุคคลเกิน 7 คน,YAMAHA,NMAX,1
2567,รถยนต์บรรทุกส่วนบุคคล,BENZ,,1
2567,รถยนต์บรรทุกส่วนบุคคล,BYD,T3,115
2567,รถยนต์บรรทุกส่วนบุคคล,CHEVROLET,COLORADO X-CAB,7
2567,รถยนต์บรรทุกส่วนบุคคล,DAE,HYK1020BEYO2,1
2567,รถยนต์บรรทุกส่วนบุคคล,DAIHATSU,HIJET CARGO,61
2567,รถยนต์บรรทุกส่วนบุคคล,DAIHATSU,HIJET CARGO CRUISE TURBO,4
2567,รถยนต์บรรทุกส่วนบุคคล,DAIHATSU,HIJET CARGO DELUX,6
2567,รถยนต์บรรทุกส่วนบุคคล,DAIHATSU,HIJET TRUCK JUMBO EXTRA,4
2567,รถยนต์บรรทุกส่วนบุคคล,DAIHATSU,HIJET TRUCK JUMBO SAIIIt,1
2567,รถยนต์บรรทุกส่วนบุคคล,DFSK,EQ1020TF,4
2567,รถยนต์บรรทุกส่วนบุคคล,DFSK,EQ1021TF22QN11,1
2567,รถยนต์บรรทุกส่วนบุคคล,FORD,FORD RANGER,1
2567,รถยนต์บรรทุกส่วนบุคคล,FORD,FORD RANGER iFCS9AR,1
2567,รถยนต์บรรทุกส่วนบุคคล,FORD,FORD RANGER iFCS9D5,1
2567,รถยนต์บรรทุกส่วนบุคคล,FORD,FORD RANGER iFCX9DH,2
2567,รถยนต์บรรทุกส่วนบุคคล,FORD,FORD RANGER iJCX9D5,1
2567,รถยนต์บรรทุกส่วนบุคคล,FORD,RANGER,2418
2567,รถยนต์บรรทุกส่วนบุคคล,FORD,RANGER SWB,70
2567,รถยนต์บรรทุกส่วนบุคคล,FOTON,BJ1031EVJA3,354
2567,รถยนต์บรรทุกส่วนบุคคล,FOTON,BJ1041V8JD3-RF,2
2567,รถยนต์บรรทุกส่วนบุคคล,FOTON,BJ1044EVJAR,1
2567,รถยนต์บรรทุกส่วนบุคคล,FOTON,BJ1045V8JD3-FA,71
2567,รถยนต์บรรทุกส่วนบุคคล,HINO,FG8JF1D-JGT,4
2567,รถยนต์บรรทุกส่วนบุคคล,HINO,FG8JF1D-JJT,10
2567,รถยนต์บรรทุกส่วนบุคคล,HINO,FG8JJ1A-JJT,19
2567,รถยนต์บรรทุกส่วนบุคคล,HINO,FL8JN1A-SGT,1
2567,รถยนต์บรรทุกส่วนบุคคล,HINO,FM1AN1D-SHT,6
2567,รถยนต์บรรทุกส่วนบุคคล,HINO,FM8JN1D-SGT,8
2567,รถยนต์บรรทุกส่วนบุคคล,HINO,GY2PS1A-XHT,1
2567,รถยนต์บรรทุกส่วนบุคคล,HINO,XZU600R-HKMLKT3,564
2567,รถยนต์บรรทุกส่วนบุคคล,HINO,XZU600R-HKMQLT3,1
2567,รถยนต์บรรทุกส่วนบุคคล,HINO,XZU650R-HKMRLT3,3
2567,รถยนต์บรรทุกส่วนบุคคล,HINO,XZU710R-HKFTLT3,4
2567,รถยนต์บรรทุกส่วนบุคคล,HINO,XZU720R-HKFTLT3,1
2567,รถยนต์บรรทุกส่วนบุคคล,HOMIDA,PICKMAN-KAI,1
2567,รถยนต์บรรทุกส่วนบุคคล,ISUZU,D-MAX,30539
2567,รถยนต์บรรทุกส่วนบุคคล,ISUZU,D-MAX New Style,1
2567,รถยนต์บรรทุกส่วนบุคคล,ISUZU,FRR90HNXFU,1
2567,รถยนต์บรรทุกส่วนบุคคล,ISUZU,FRR90HSXFU,1
2567,รถยนต์บรรทุกส่วนบุคคล,ISUZU,FRR90LNXXB,1
2567,รถยนต์บรรทุกส่วนบุคคล,ISUZU,FTR34JXXXB,46
2567,รถยนต์บรรทุกส่วนบุคคล,ISUZU,FTR34JXXXU,17
2567,รถยนต์บรรทุกส่วนบุคคล,ISUZU,FTR34LXXXB,23
2567,รถยนต์บรรทุกส่วนบุคคล,ISUZU,FTR34LXXXU,32
2567,รถยนต์บรรทุกส่วนบุคคล,ISUZU,FTR34PXXXU,1
2567,รถยนต์บรรทุกส่วนบุคคล,ISUZU,FTR34QXXXU,2
2567,รถยนต์บรรทุกส่วนบุคคล,ISUZU,FVM34QNXXU,2
2567,รถยนต์บรรทุกส่วนบุคคล,ISUZU,FVM34QSXXU,1
2567,รถยนต์บรรทุกส่วนบุคคล,ISUZU,FVZ34QNDXU,35
2567,รถยนต์บรรทุกส่วนบุคคล,ISUZU,FVZ34QSDFU,4
2567,รถยนต์บรรทุกส่วนบุคคล,ISUZU,FVZ34QXDXB,9
2567,รถยนต์บรรทุกส่วนบุคคล,ISUZU,FXZ77QXDFV,3
2567,รถยนต์บรรทุกส่วนบุคคล,ISUZU,FYH77SXDFV,1
2567,รถยนต์บรรทุกส่วนบุคคล,ISUZU,MU-X,1
2567,รถยนต์บรรทุกส่วนบุคคล,ISUZU,NLR77EXXXW,54
2567,รถยนต์บรรทุกส่วนบุคคล,ISUZU,NLR85EXSXB,9
2567,รถยนต์บรรทุกส่วนบุคคล,ISUZU,NLR85EXSXY,95
2567,รถยนต์บรรทุกส่วนบุคคล,ISUZU,NLR85EXXXB,60
2567,รถยนต์บรรทุกส่วนบุคคล,ISUZU,NLR85EXXXU,1389
2567,รถยนต์บรรทุกส่วนบุคคล,ISUZU,NPR75HXXXB,2
2567,รถยนต์บรรทุกส่วนบุคคล,ISUZU,NPR75HXXXU,1
2567,รถยนต์บรรทุกส่วนบุคคล,ISUZU,NQR75HXXXU,4
2567,รถยนต์บรรทุกส่วนบุคคล,ISUZU,NQR75LXXXB,1
2567,รถยนต์บรรทุกส่วนบุคคล,ISUZU,NQR75LXXXU,3
2567,รถยนต์บรรทุกส่วนบุคคล,ISUZU,,1
2567,รถยนต์บรรทุกส่วนบุคคล,JAC,HFC1040EV3,3
2567,รถยนต์บรรทุกส่วนบุคคล,JAC,HFC1042P73K1B2D,1
2567,รถยนต์บรรทุกส่วนบุคคล,KIA,K2500,2
2567,รถยนต์บรรทุกส่วนบุคคล,KYC,X5EV,1
2567,รถยนต์บรรทุกส่วนบุคคล,MAN,TGM 13.290 4X4 BB CH,2
2567,รถยนต์บรรทุกส่วนบุคคล,MAN,TGS 33.360 6X4 BB CH,1
2567,รถยนต์บรรทุกส่วนบุคคล,MAZDA,MAZDA BT-50,93
2567,รถยนต์บรรทุกส่วนบุคคล,MAZDA,MAZDA BT50,2
2567,รถยนต์บรรทุกส่วนบุคคล,MERCEDES BENZ,SPRINTER 319 CDI,1
2567,รถยนต์บรรทุกส่วนบุคคล,MERCEDES BENZ,VITO 116 CDI VAN EXTRA LO,1
2567,รถยนต์บรรทุกส่วนบุคคล,MG,MG EXTENDER,344
2567,รถยนต์บรรทุกส่วนบุคคล,MINE MOBILITY,MTS-MT30,25
2567,รถยนต์บรรทุกส่วนบุคคล,MITSUBISHI,K14TUNSRUX,1
2567,รถยนต์บรรทุกส่วนบุคคล,MITSUBISHI,KP3TEYJFPRU,1
2567,รถยนต์บรรทุกส่วนบุคคล,MITSUBISHI,MIRAGE,1
2567,รถยนต์บรรทุกส่วนบุคคล,MITSUBISHI,TRITON,3825
2567,รถยนต์บรรทุกส่วนบุคคล,NEOMOR,D01,4
2567,รถยนต์บรรทุกส่วนบุคคล,NEX,DYQ1033BEV1R,1
2567,รถยนต์บรรทุกส่วนบุคคล,NEX,DYX1040,7
2567,รถยนต์บรรทุกส่วนบุคคล,NEX,NPS,19
2567,รถยนต์บรรทุกส่วนบุคคล,NEXTEM,ORCA,5
2567,รถยนต์บรรทุกส่วนบุคคล,NISSAN,BGD21SFUA%,1
2567,รถยนต์บรรทุกส่วนบุคคล,NISSAN,BVL2RDYD23FHN---CA,1
2567,รถยนต์บรรทุกส่วนบุคคล,NISSAN,BVL2RTYD23FHP--A-G,1
2567,รถยนต์บรรทุกส่วนบุคคล,NISSAN,BVL2RWLD23FHP-----,1
2567,รถยนต์บรรทุกส่วนบุคคล,NISSAN,CGD21SFU1%,1
2567,รถยนต์บรรทุกส่วนบุคคล,NISSAN,NAVARA,1344
2567,รถยนต์บรรทุกส่วนบุคคล,NISSAN,,1
2567,รถยนต์บรรทุกส่วนบุคคล,POER,SAHAR,4
2567,รถยนต์บรรทุกส่วนบุคคล,RELY,Q22B 1.1L,1
2567,รถยนต์บรรทุกส่วนบุคคล,RELY,"Q22B,1.1L",1
2567,รถยนต์บรรทุกส่วนบุคคล,ROSENBAUER,PANTHER 6X6,2
2567,รถยนต์บรรทุกส่วนบุคคล,SERES,EC31,47
2567,รถยนต์บรรทุกส่วนบุคคล,SKYWELL,BVCH1041,1
2567,รถยนต์บรรทุกส่วนบุคคล,SKYWELL,T05,4
2567,รถยนต์บรรทุกส่วนบุคคล,SOKON,CRC5020CLS,1
2567,รถยนต์บรรทุกส่วนบุคคล,SOKON,CRC5023XXY,2
2567,รถยนต์บรรทุกส่วนบุคคล,SOKON,EC35,6
2567,รถยนต์บรรทุกส่วนบุคคล,SUZUKI,AF416PUM14060,1
2567,รถยนต์บรรทุกส่วนบุคคล,SUZUKI,AP416PUM14058,1
2567,รถยนต์บรรทุกส่วนบุคคล,SUZUKI,CARRY 1.5L MT,1074
2567,รถยนต์บรรทุกส่วนบุคคล,TAKANO,TTE-500,2
2567,รถยนต์บรรทุกส่วนบุคคล,TATA,SUPER ACE 1.4 L,2
2567,รถยนต์บรรทุกส่วนบุคคล,TATA,SUPER ACE MINT,113
2567,รถยนต์บรรทุกส่วนบุคคล,TATA,XENON,2
2567,รถยนต์บรรทุกส่วนบุคคล,THOMAS,ARFF 4x4,4
2567,รถยนต์บรรทุกส่วนบุคคล,TOYOTA,COMMUTER,56
2567,รถยนต์บรรทุกส่วนบุคคล,TOYOTA,GUN120R-CTTSXT,1
2567,รถยนต์บรรทุกส่วนบุคคล,TOYOTA,HIACE,184
2567,รถยนต์บรรทุกส่วนบุคคล,TOYOTA,HILUX CHAMP,8869
2567,รถยนต์บรรทุกส่วนบุคคล,TOYOTA,HILUX REVO,46230
2567,รถยนต์บรรทุกส่วนบุคคล,TOYOTA,KDH202R-RDMDYE A1,1
2567,รถยนต์บรรทุกส่วนบุคคล,TOYOTA,KUN15R-TRMDHT  B8,1
2567,รถยนต์บรรทุกส่วนบุคคล,TOYOTA,LAND CRUISER 79 PICK UP,2
2567,รถยนต์บรรทุกส่วนบุคคล,TOYOTA,LANDCRUISER SINGLE CAB LC79,1
2567,รถยนต์บรรทุกส่วนบุคคล,TOYOTA,,4
2567,รถยนต์บรรทุกส่วนบุคคล,UD TRUCKS,CWE08N43R350SS9,2
2567,รถยนต์บรรทุกส่วนบุคคล,UD TRUCKS,CWE11N43R390SSI,1
2567,รถยนต์บรรทุกส่วนบุคคล,UD TRUCKS,PKE250CELRM,6
2567,รถยนต์บรรทุกส่วนบุคคล,UD TRUCKS,PKE250CHLRM,2
2567,รถยนต์บรรทุกส่วนบุคคล,UD TRUCKS,PKE250ELRM,1
2567,รถยนต์บรรทุกส่วนบุคคล,UD TRUCKS,PKE250HLRM,9
2567,รถยนต์บรรทุกส่วนบุคคล,VOLVO,FM1342R49400ALSI-TH,4
2567,รถยนต์บรรทุกส่วนบุคคล,VOLVO,FM1342R49420CLSI,4
2567,รถยนต์บรรทุกส่วนบุคคล,VOLVO,FMX1364R56480ALHI-TH,1
2567,รถยนต์บรรทุกส่วนบุคคล,YUCHAI,NZ5162GSS,1
2567,รถยนต์สามล้อส่วนบุคคล,ASM,,1
2567,รถยนต์สามล้อส่วนบุคคล,BIZ NEX,NEX,1
2567,รถยนต์สามล้อส่วนบุคคล,BIZ NEX,NEX2.0,12
2567,รถยนต์สามล้อส่วนบุคคล,DMDL1,LB600L,1
2567,รถยนต์สามล้อส่วนบุคคล,PANTHERA,Classic II,1
2567,รถยนต์สามล้อส่วนบุคคล,PANTHERA,TL,1
2567,รถยนต์สามล้อส่วนบุคคล,S.T.TUK TUK,ST,8
2567,รถยนต์สามล้อส่วนบุคคล,STRON,,1
2567,รถยนต์สามล้อส่วนบุคคล,SUMOTA,,29
2567,รถยนต์สามล้อส่วนบุคคล,TG TUKTUK,TG,3
2567,รถยนต์สามล้อส่วนบุคคล,THAI TUK TUK,TT 550 ESD,1
2567,รถยนต์สามล้อส่วนบุคคล,TKI,002EV TUK TUK,7
2567,รถยนต์สามล้อส่วนบุคคล,TKI,003-1 TUK TUK,1
2567,รถยนต์สามล้อส่วนบุคคล,TKI,003EV TUK TUK,1
2567,รถยนต์สามล้อส่วนบุคคล,TKI,003EV TUK TUK PICKUP,1
2567,รถยนต์สามล้อส่วนบุคคล,TKI,004EV TUK TUK,4
2567,รถยนต์สามล้อส่วนบุคคล,TKI,005EV TUK TUK,1
2567,รถยนต์สามล้อส่วนบุคคล,TUKTUK,SD,4
2567,รถยนต์รับจ้างบรรทุกคนโดยสารไม่เกิน 7 คน,AION,AION ES,1022
2567,รถยนต์รับจ้างบรรทุกคนโดยสารไม่เกิน 7 คน,AION,AION Y PLUS,1
2567,รถยนต์รับจ้างบรรทุกคนโดยสารไม่เกิน 7 คน,BYD,E6,59
2567,รถยนต์รับจ้างบรรทุกคนโดยสารไม่เกิน 7 คน,ISUZU,MU-X,17
2567,รถยนต์รับจ้างบรรทุกคนโดยสารไม่เกิน 7 คน,MG,EP,728
2567,รถยนต์รับจ้างบรรทุกคนโดยสารไม่เกิน 7 คน,MG,ES,50
2567,รถยนต์รับจ้างบรรทุกคนโดยสารไม่เกิน 7 คน,NISSAN,TERRA,1
2567,รถยนต์รับจ้างบรรทุกคนโดยสารไม่เกิน 7 คน,TOYOTA,COROLLA,1320
2567,รถยนต์รับจ้างบรรทุกคนโดยสารไม่เกิน 7 คน,TOYOTA,FORTUNER,40
2567,รถยนต์รับจ้างบรรทุกคนโดยสารไม่เกิน 7 คน,TOYOTA,INNOVA,7
2567,รถยนต์รับจ้างสามล้อ,BIZ NEX,NEX2.0,101
2567,รถยนต์รับจ้างสามล้อ,MUV,NEX1,1
2567,รถยนต์รับจ้างสามล้อ,MUV,NEX1.5,1
2567,รถยนต์รับจ้างสามล้อ,PANTHERA,Classic 1,2
2567,รถยนต์รับจ้างสามล้อ,TKI,003EV TUK TUK,3
2567,รถยนต์บริการธุรกิจ,AION,AION ES,1
2567,รถยนต์บริการธุรกิจ,AION,AION Y PLUS,3
2567,รถยนต์บริการธุรกิจ,BMW,530e Luxury,2
2567,รถยนต์บริการธุรกิจ,BMW,630i Gran Turismo RHD,1
2567,รถยนต์บริการธุรกิจ,FORD,EVEREST,3
2567,รถยนต์บริการธุรกิจ,FORD,RANGER,1
2567,รถยนต์บริการธุรกิจ,ISUZU,D-MAX,2
2567,รถยนต์บริการธุรกิจ,ISUZU,MU-X,47
2567,รถยนต์บริการธุรกิจ,JAECOO,6 EV Long Range 4WD,2
2567,รถยนต์บริการธุรกิจ,LEVC,TX5,1
2567,รถยนต์บริการธุรกิจ,MERCEDES BENZ,E 220 d,4
2567,รถยนต์บริการธุรกิจ,MERCEDES BENZ,E 300 e,2
2567,รถยนต์บริการธุรกิจ,MERCEDES BENZ,S 350 d,1
2567,รถยนต์บริการธุรกิจ,MG,EP,3
2567,รถยนต์บริการธุรกิจ,MG,MAXUS 9,2
2567,รถยนต์บริการธุรกิจ,MITSUBISHI,PAJERO SPORT,4
2567,รถยนต์บริการธุรกิจ,MITSUBISHI,XPANDER CROSS HEV,2
2567,รถยนต์บริการธุรกิจ,MITSUBISHI,XPANDER HEV,2
2567,รถยนต์บริการธุรกิจ,TOYOTA,ALPHARD 2.5 HYBRID G F PACKAGE,1
2567,รถยนต์บริการธุรกิจ,TOYOTA,ALPHARD Z 2WD,3
2567,รถยนต์บริการธุรกิจ,TOYOTA,CAMRY,28
2567,รถยนต์บริการธุรกิจ,TOYOTA,COROLLA,36
2567,รถยนต์บริการธุรกิจ,TOYOTA,COROLLA CROSS,8
2567,รถยนต์บริการธุรกิจ,TOYOTA,FORTUNER,23
2567,รถยนต์บริการธุรกิจ,TOYOTA,HILUX REVO,7
2567,รถยนต์บริการธุรกิจ,TOYOTA,INNOVA,1
2567,รถยนต์บริการทัศนาจร,AION,AION Y PLUS,30
2567,รถยนต์บริการทัศนาจร,BMW,520d M Sport,5
2567,รถยนต์บริการทัศนาจร,BMW,740d M Sport,18
2567,รถยนต์บริการทัศนาจร,BMW,750e xDrive,5
2567,รถยนต์บริการทัศนาจร,BMW,i7 xDrive60 Limousine RHD,2
2567,รถยนต์บริการทัศนาจร,DEEPAL,L07,7
2567,รถยนต์บริการทัศนาจร,DEEPAL,S07,7
2567,รถยนต์บริการทัศนาจร,FORD,EVEREST,2
2567,รถยนต์บริการทัศนาจร,HONDA,CIVIC,2
2567,รถยนต์บริการทัศนาจร,ISUZU,MU-X,228
2567,รถยนต์บริการทัศนาจร,MERCEDES BENZ,E 220 d,8
2567,รถยนต์บริการทัศนาจร,MG,EP,22
2567,รถยนต์บริการทัศนาจร,MG,ES,2
2567,รถยนต์บริการทัศนาจร,MG,MAXUS 9,3
2567,รถยนต์บริการทัศนาจร,MG,MG4 ELECTRIC,6
2567,รถยนต์บริการทัศนาจร,MG,ZS EV,3
2567,รถยนต์บริการทัศนาจร,MITSUBISHI,PAJERO SPORT,9
2567,รถยนต์บริการทัศนาจร,MITSUBISHI,XPANDER CROSS HEV,12
2567,รถยนต์บริการทัศนาจร,MITSUBISHI,XPANDER HEV,6
2567,รถยนต์บริการทัศนาจร,NISSAN,TERRA,2
2567,รถยนต์บริการทัศนาจร,TOYOTA,CAMRY,44
2567,รถยนต์บริการทัศนาจร,TOYOTA,COROLLA,58
2567,รถยนต์บริการทัศนาจร,TOYOTA,COROLLA CROSS,22
2567,รถยนต์บริการทัศนาจร,TOYOTA,FORTUNER,75
2567,รถยนต์บริการทัศนาจร,TOYOTA,INNOVA,1
2567,รถยนต์บริการทัศนาจร,TOYOTA,TR TRANSFORMER,13
2567,รถยนต์บริการให้เช่า,TOYOTA,CAMRY,4
2567,รถยนต์บริการให้เช่า,TOYOTA,FORTUNER,5
2567,รถจักรยานยนต์,AIMA,A500,15
2567,รถจักรยานยนต์,AIMA,U1-2,2
2567,รถจักรยานยนต์,AJ,BEATS,1
2567,รถจักรยานยนต์,AJ,C-LIKE,304
2567,รถจักรยานยนต์,AJ,C-LION,1100
2567,รถจักรยานยนต์,AJ,MINE PLUS,20
2567,รถจักรยานยนต์,AJ,Q5,3
2567,รถจักรยานยนต์,AJ,RAYMAN,125
2567,รถจักรยานยนต์,AJ,SABER TIGER,160
2567,รถจักรยานยนต์,AJ,Z3,7
2567,รถจักรยานยนต์,ALENDA-DARKON,ALENDA DARKON MONKEE,2
2567,รถจักรยานยนต์,ALPHA VOLANTIS,HORIZON 150A,90
2567,รถจักรยานยนต์,ALPHA VOLANTIS,HORIZON 300A,62
2567,รถจักรยานยนต์,APRILIA,SR GT 200,77
2567,รถจักรยานยนต์,APRILIA,SR GT 200 SPORT,75
2567,รถจักรยานยนต์,ARIIC,GEMMA 125,75
2567,รถจักรยานยนต์,BAJAJ,CHETAK 2413 PREMIUM,2
2567,รถจักรยานยนต์,BAJAJ,Dominar D 400,192
2567,รถจักรยานยนต์,BAJAJ,DOMINAR D250,16
2567,รถจักรยานยนต์,BAJAJ,Pulsar RS 200,34
2567,รถจักรยานยนต์,BAJAJ,PULSAR NS 160,39
2567,รถจักรยานยนต์,BAJAJ,PULSAR NS 200,34
2567,รถจักรยานยนต์,BELLA,BELLA,2
2567,รถจักรยานยนต์,BENELLI,IMPERIALE 400,24
2567,รถจักรยานยนต์,BENELLI,TNT135,8
2567,รถจักรยานยนต์,BENELLI,TNT300S,2
2567,รถจักรยานยนต์,BENELLI,TRK251,1
2567,รถจักรยานยนต์,BENELLI,TRK502 ABS,3
2567,รถจักรยานยนต์,BENELLI,TRK502X ABS,40
2567,รถจักรยานยนต์,BIGBULL,POCKY125,1
2567,รถจักรยานยนต์,BIGBULL,Z1,11
2567,รถจักรยานยนต์,BMW,C 400 GT,191
2567,รถจักรยานยนต์,BMW,C 400 X,1
2567,รถจักรยานยนต์,BMW,C 650 Sport US,2
2567,รถจักรยานยนต์,BMW,CE 02,10
2567,รถจักรยานยนต์,BMW,CE 04,10
2567,รถจักรยานยนต์,BMW,F 750 GS,1
2567,รถจักรยานยนต์,BMW,F 850 GS,59
2567,รถจักรยานยนต์,BMW,F 850 GS Adventure,15
2567,รถจักรยานยนต์,BMW,F 900 R,5
2567,รถจักรยานยนต์,BMW,F 900 XR,32
2567,รถจักรยานยนต์,BMW,G 310 GS,13
2567,รถจักรยานยนต์,BMW,G 310 GS US,1
2567,รถจักรยานยนต์,BMW,G 310 R,14
2567,รถจักรยานยนต์,BMW,G 310 R US,1
2567,รถจักรยานยนต์,BMW,K 1600 B,9
2567,รถจักรยานยนต์,BMW,K 1600 GT,23
2567,รถจักรยานยนต์,BMW,K 1600 GTL,1
2567,รถจักรยานยนต์,BMW,M 1000 R,1
2567,รถจักรยานยนต์,BMW,R 1200 GS ADVENTURE,1
2567,รถจักรยานยนต์,BMW,R 1250 GS,114
2567,รถจักรยานยนต์,BMW,R 1250 GS Adventure,194
2567,รถจักรยานยนต์,BMW,R 1250 RT,18
2567,รถจักรยานยนต์,BMW,R 1300 GS,115
2567,รถจักรยานยนต์,BMW,R 18 Roctane,2
2567,รถจักรยานยนต์,BMW,R nineT,15
2567,รถจักรยานยนต์,BMW,R nineT Pure,5
2567,รถจักรยานยนต์,BMW,R nineT Scrambler,6
2567,รถจักรยานยนต์,BMW,R nineT Urban G/S,6
2567,รถจักรยานยนต์,BMW,R NINET US,1
2567,รถจักรยานยนต์,BMW,R1300 GS,1
2567,รถจักรยานยนต์,BMW,R18,25
2567,รถจักรยานยนต์,BMW,R18 B,14
2567,รถจักรยานยนต์,BMW,R18 Classic,7
2567,รถจักรยานยนต์,BMW,R18 Transcontinental,10
2567,รถจักรยานยนต์,BMW,S 1000 R,3
2567,รถจักรยานยนต์,BMW,S 1000 RR,85
2567,รถจักรยานยนต์,CAKE,MAKKA,14
2567,รถจักรยานยนต์,CF,250NK,3
2567,รถจักรยานยนต์,CF,250NK ABS,5
2567,รถจักรยานยนต์,CINECO,ES5,15
2567,รถจักรยานยนต์,CINECO,T3,3
2567,รถจักรยานยนต์,COOPER,COOPER,3
2567,รถจักรยานยนต์,CYCLONE,RA401,5
2567,รถจักรยานยนต์,CYCLONE,RE3,5
2567,รถจักรยานยนต์,CYCLONE,RT1,37
2567,รถจักรยานยนต์,CYCLONE,RT2,8
2567,รถจักรยานยนต์,DECO,CJDS60,866
2567,รถจักรยานยนต์,DECO,DOUBLEACE,97
2567,รถจักรยานยนต์,DECO,Ekon,8
2567,รถจักรยานยนต์,DECO,G-FIVE,76
2567,รถจักรยานยนต์,DECO,Hannah,2393
2567,รถจักรยานยนต์,DECO,Luciano,1277
2567,รถจักรยานยนต์,DECO,Max One,11
2567,รถจักรยานยนต์,DECO,Sally,5
2567,รถจักรยานยนต์,DECO,Super Ace,879
2567,รถจักรยานยนต์,DECO,SUSU,173
2567,รถจักรยานยนต์,DECO,Sylla,3
2567,รถจักรยานยนต์,DECO,TITAN,2
2567,รถจักรยานยนต์,DECO,VIGOR,176
2567,รถจักรยานยนต์,DUCATI,Desert X,32
2567,รถจักรยานยนต์,DUCATI,Desert X Rally,2
2567,รถจักรยานยนต์,DUCATI,Diavel V4,15
2567,รถจักรยานยนต์,DUCATI,DIAVEL (CARBON),1
2567,รถจักรยานยนต์,DUCATI,HYPERMOTARD 698 MONO,2
2567,รถจักรยานยนต์,DUCATI,HYPERMOTARD 698 MONO RVE,4
2567,รถจักรยานยนต์,DUCATI,HYPERMOTARD 950 RVE,15
2567,รถจักรยานยนต์,DUCATI,HYPERMOTARD 950 SP,8
2567,รถจักรยานยนต์,DUCATI,Monster SP,22
2567,รถจักรยานยนต์,DUCATI,MONSTER,64
2567,รถจักรยานยนต์,DUCATI,MONSTER 821,1
2567,รถจักรยานยนต์,DUCATI,Multistrada V2,1
2567,รถจักรยานยนต์,DUCATI,Multistrada V2 S,15
2567,รถจักรยานยนต์,DUCATI,Multistrada V4 Pikes Peak,2
2567,รถจักรยานยนต์,DUCATI,MULTISTRADA V4,3
2567,รถจักรยานยนต์,DUCATI,MULTISTRADA V4 RALLY,4
2567,รถจักรยานยนต์,DUCATI,MULTISTRADA V4 S,6
2567,รถจักรยานยนต์,DUCATI,Panigale V4 SP2,6
2567,รถจักรยานยนต์,DUCATI,PANIGALE V2,4
2567,รถจักรยานยนต์,DUCATI,PANIGALE V2 BAYLISS,3
2567,รถจักรยานยนต์,DUCATI,PANIGALE V4,3
2567,รถจักรยานยนต์,DUCATI,PANIGALE V4 S,12
2567,รถจักรยานยนต์,DUCATI,SCRAMBLER,1
2567,รถจักรยานยนต์,DUCATI,SCRAMBLER 1100,1
2567,รถจักรยานยนต์,DUCATI,SCRAMBLER 1100 PRO,1
2567,รถจักรยานยนต์,DUCATI,SCRAMBLER 1100 TB PRO,5
2567,รถจักรยานยนต์,DUCATI,SCRAMBLER FULLTHROTTLE 2G,17
2567,รถจักรยานยนต์,DUCATI,SCRAMBLER ICON 2G,30
2567,รถจักรยานยนต์,DUCATI,SCRAMBLER NIGHTSHIFT,2
2567,รถจักรยานยนต์,DUCATI,SCRAMBLER NIGHTSHIFT 2G,17
2567,รถจักรยานยนต์,DUCATI,SCRAMBLER URBAN MOTARD,4
2567,รถจักรยานยนต์,DUCATI,Streetfighter V2,12
2567,รถจักรยานยนต์,DUCATI,STREETFIGHTER V4,1
2567,รถจักรยานยนต์,DUCATI,STREETFIGHTER V4 LAMBO,2
2567,รถจักรยานยนต์,DUCATI,STREETFIGHTER V4 S,13
2567,รถจักรยานยนต์,DUCATI,STREETFIGHTER V4 SP,2
2567,รถจักรยานยนต์,DUCATI,STREETFIGHTER V4 SP2,2
2567,รถจักรยานยนต์,DUCATI,SUPERBIKE 959,1
2567,รถจักรยานยนต์,DUCATI,SUPERSPORT 950 S,2
2567,รถจักรยานยนต์,DUCATI,XDiavel Dark,2
2567,รถจักรยานยนต์,DUCATI,XDIAVEL S,1
2567,รถจักรยานยนต์,E-TRON,ZF4000D-A,1
2567,รถจักรยานยนต์,ECO,GF,2
2567,รถจักรยานยนต์,ECOOTER,ELONE2,6
2567,รถจักรยานยนต์,EM,ENZO,936
2567,รถจักรยานยนต์,EM,LEGEND,3229
2567,รถจักรยานยนต์,EM,OWEN,274
2567,รถจักรยานยนต์,EM,QAREZ,442
2567,รถจักรยานยนต์,ENGY,GREENER,8
2567,รถจักรยานยนต์,ETRAN,ETRAN MYRA,1
2567,รถจักรยานยนต์,EVO,ROBOS-V1,3
2567,รถจักรยานยนต์,FELQ,FW03,23
2567,รถจักรยานยนต์,FELQ,FW07 SPORT,23
2567,รถจักรยานยนต์,GPX,200VT0302CS,14
2567,รถจักรยานยนต์,GPX,COUNTRY125,8
2567,รถจักรยานยนต์,GPX,CR5,23
2567,รถจักรยานยนต์,GPX,DEMON,43
2567,รถจักรยานยนต์,GPX,DEMON GR200R,8
2567,รถจักรยานยนต์,GPX,DEMON GR200R DaCorsa,1
2567,รถจักรยานยนต์,GPX,DEMON GR200RDACORSA2,427
2567,รถจักรยานยนต์,GPX,DEMON-150GN,11
2567,รถจักรยานยนต์,GPX,DEMON-150GR SPORT,1
2567,รถจักรยานยนต์,GPX,DEMON-X,14
2567,รถจักรยานยนต์,GPX,DEMON150-GR Fi,1
2567,รถจักรยานยนต์,GPX,DRONE KEYLESS,1937
2567,รถจักรยานยนต์,GPX,DRONE KEYLESS-S,1922
2567,รถจักรยานยนต์,GPX,DRONE STANDARD,243
2567,รถจักรยานยนต์,GPX,DZ3,308
2567,รถจักรยานยนต์,GPX,DZ3 Sport,2551
2567,รถจักรยานยนต์,GPX,LEGEND 150Fi,1
2567,รถจักรยานยนต์,GPX,LEGEND-GENTLEMAN,36
2567,รถจักรยานยนต์,GPX,LEGEND150,6
2567,รถจักรยานยนต์,GPX,LEGEND200-A1,5
2567,รถจักรยานยนต์,GPX,LEGEND200-A3,2
2567,รถจักรยานยนต์,GPX,LEGEND200-A4,6
2567,รถจักรยานยนต์,GPX,LEGEND250 Brighton,4
2567,รถจักรยานยนต์,GPX,LEGEND250 TWIN,4
2567,รถจักรยานยนต์,GPX,LEGEND250 TWIN II,3
2567,รถจักรยานยนต์,GPX,LEGEND250 TWIN III,425
2567,รถจักรยานยนต์,GPX,MAD300,6
2567,รถจักรยานยนต์,GPX,MAD300 MAX,2
2567,รถจักรยานยนต์,GPX,NEW DEMON GR200R,67
2567,รถจักรยานยนต์,GPX,POPZ,21
2567,รถจักรยานยนต์,GPX,POPZ 110,515
2567,รถจักรยานยนต์,GPX,RAZER,8
2567,รถจักรยานยนต์,GPX,ROCK Classic,968
2567,รถจักรยานยนต์,GPX,ROCK Elegance,7
2567,รถจักรยานยนต์,GPX,ROCK Racing,2
2567,รถจักรยานยนต์,GPX,ROCK Sport,9
2567,รถจักรยานยนต์,GPX,RZ180 Raptor,6
2567,รถจักรยานยนต์,GPX,THUNDER125,1
2567,รถจักรยานยนต์,GPX,Tuscany150 Keyless,3083
2567,รถจักรยานยนต์,GPX,Tuscany150 Keyset,228
2567,รถจักรยานยนต์,H SEM,CIAO,6
2567,รถจักรยานยนต์,H SEM,LAZER,1025
2567,รถจักรยานยนต์,H SEM,MOBILA G,18
2567,รถจักรยานยนต์,H SEM,WINGS,1
2567,รถจักรยานยนต์,H SEM,WINGS G,10
2567,รถจักรยานยนต์,HANWAY,HC 150,3
2567,รถจักรยานยนต์,HANWAY,HS 150,2
2567,รถจักรยานยนต์,HANWAY,RAW150,2
2567,รถจักรยานยนต์,HAONAIQI,LION-Q1,71
2567,รถจักรยานยนต์,HAONAIQI,LION-Q1 SMART,357
2567,รถจักรยานยนต์,HAONAIQI,LION-Q2,130
2567,รถจักรยานยนต์,HARLEY DAVIDSON,CROSS BONES,1
2567,รถจักรยานยนต์,HARLEY DAVIDSON,DYNA STURGIS,1
2567,รถจักรยานยนต์,HARLEY DAVIDSON,ELECTRA GLIDE POLICE,3
2567,รถจักรยานยนต์,HARLEY DAVIDSON,ELECTRA GLIDE REVIVAL,1
2567,รถจักรยานยนต์,HARLEY DAVIDSON,FATBOY,1
2567,รถจักรยานยนต์,HARLEY DAVIDSON,FLFBS,76
2567,รถจักรยานยนต์,HARLEY DAVIDSON,FLFBSANV,6
2567,รถจักรยานยนต์,HARLEY DAVIDSON,FLH,6
2567,รถจักรยานยนต์,HARLEY DAVIDSON,FLHCS,43
2567,รถจักรยานยนต์,HARLEY DAVIDSON,FLHCSANV,7
2567,รถจักรยานยนต์,HARLEY DAVIDSON,FLHFB,3
2567,รถจักรยานยนต์,HARLEY DAVIDSON,FLHP,2
2567,รถจักรยานยนต์,HARLEY DAVIDSON,FLHRXS,37
2567,รถจักรยานยนต์,HARLEY DAVIDSON,FLHTK,37
2567,รถจักรยานยนต์,HARLEY DAVIDSON,FLHTKANV,3
2567,รถจักรยานยนต์,HARLEY DAVIDSON,FLHTP,4
2567,รถจักรยานยนต์,HARLEY DAVIDSON,FLHX,19
2567,รถจักรยานยนต์,HARLEY DAVIDSON,FLHXS,61
2567,รถจักรยานยนต์,HARLEY DAVIDSON,FLHXSANV,5
2567,รถจักรยานยนต์,HARLEY DAVIDSON,FLHXSE,7
2567,รถจักรยานยนต์,HARLEY DAVIDSON,FLHXST,95
2567,รถจักรยานยนต์,HARLEY DAVIDSON,FLI,34
2567,รถจักรยานยนต์,HARLEY DAVIDSON,FLSB,49
2567,รถจักรยานยนต์,HARLEY DAVIDSON,FLSTC,2
2567,รถจักรยานยนต์,HARLEY DAVIDSON,FLSTSI,4
2567,รถจักรยานยนต์,HARLEY DAVIDSON,FLTRKSE,3
2567,รถจักรยานยนต์,HARLEY DAVIDSON,FLTRKSEANV,3
2567,รถจักรยานยนต์,HARLEY DAVIDSON,FLTRX,111
2567,รถจักรยานยนต์,HARLEY DAVIDSON,FLTRXS,124
2567,รถจักรยานยนต์,HARLEY DAVIDSON,FLTRXSANV,5
2567,รถจักรยานยนต์,HARLEY DAVIDSON,FLTRXSE,22
2567,รถจักรยานยนต์,HARLEY DAVIDSON,FLTRXST,282
2567,รถจักรยานยนต์,HARLEY DAVIDSON,FLTRXSTSE,6
2567,รถจักรยานยนต์,HARLEY DAVIDSON,FXB,1
2567,รถจักรยานยนต์,HARLEY DAVIDSON,FXBB,2
2567,รถจักรยานยนต์,HARLEY DAVIDSON,FXBBS,45
2567,รถจักรยานยนต์,HARLEY DAVIDSON,FXBR,47
2567,รถจักรยานยนต์,HARLEY DAVIDSON,FXBRS,10
2567,รถจักรยานยนต์,HARLEY DAVIDSON,FXD,2
2567,รถจักรยานยนต์,HARLEY DAVIDSON,FXDB,5
2567,รถจักรยานยนต์,HARLEY DAVIDSON,FXDL,4
2567,รถจักรยานยนต์,HARLEY DAVIDSON,FXDLS,1
2567,รถจักรยานยนต์,HARLEY DAVIDSON,FXDP,4
2567,รถจักรยานยนต์,HARLEY DAVIDSON,FXDS,5
2567,รถจักรยานยนต์,HARLEY DAVIDSON,FXDWG,1
2567,รถจักรยานยนต์,HARLEY DAVIDSON,FXDXT,1
2567,รถจักรยานยนต์,HARLEY DAVIDSON,FXFBS,34
2567,รถจักรยานยนต์,HARLEY DAVIDSON,FXLRS,58
2567,รถจักรยานยนต์,HARLEY DAVIDSON,FXLRST,249
2567,รถจักรยานยนต์,HARLEY DAVIDSON,FXR,1
2567,รถจักรยานยนต์,HARLEY DAVIDSON,FXR3,1
2567,รถจักรยานยนต์,HARLEY DAVIDSON,FXR4,1
2567,รถจักรยานยนต์,HARLEY DAVIDSON,FXRL,1
2567,รถจักรยานยนต์,HARLEY DAVIDSON,FXRP,2
2567,รถจักรยานยนต์,HARLEY DAVIDSON,FXRS,3
2567,รถจักรยานยนต์,HARLEY DAVIDSON,FXRST,3
2567,รถจักรยานยนต์,HARLEY DAVIDSON,FXST,48
2567,รถจักรยานยนต์,HARLEY DAVIDSON,FXSTS,6
2567,รถจักรยานยนต์,HARLEY DAVIDSON,FXSTSB,9
2567,รถจักรยานยนต์,HARLEY DAVIDSON,HIGHWAY KING,2
2567,รถจักรยานยนต์,HARLEY DAVIDSON,RA1250,1
2567,รถจักรยานยนต์,HARLEY DAVIDSON,RA1250S,19
2567,รถจักรยานยนต์,HARLEY DAVIDSON,RH1250S,130
2567,รถจักรยานยนต์,HARLEY DAVIDSON,RH975,100
2567,รถจักรยานยนต์,HARLEY DAVIDSON,RH975S,30
2567,รถจักรยานยนต์,HARLEY DAVIDSON,ROAD GLIDE CVO,5
2567,รถจักรยานยนต์,HARLEY DAVIDSON,ROAD GLIDE CVO ST,4
2567,รถจักรยานยนต์,HARLEY DAVIDSON,ROAD GLIDE POLICE,1
2567,รถจักรยานยนต์,HARLEY DAVIDSON,ROADGLIDE SPECIAL,1
2567,รถจักรยานยนต์,HARLEY DAVIDSON,SOFTAIL BADBOY,1
2567,รถจักรยานยนต์,HARLEY DAVIDSON,SOFTAIL SPRINGER CLASSIC,1
2567,รถจักรยานยนต์,HARLEY DAVIDSON,SPRINGER SOFTAIL,3
2567,รถจักรยานยนต์,HARLEY DAVIDSON,XL1200X,3
2567,รถจักรยานยนต์,HARLEY DAVIDSON,XL883N,1
2567,รถจักรยานยนต์,HONDA,ADV150,5
2567,รถจักรยานยนต์,HONDA,ADV160,18901
2567,รถจักรยานยนต์,HONDA,ADV350,7241
2567,รถจักรยานยนต์,HONDA,BENLY e,200
2567,รถจักรยานยนต์,HONDA,C125,1590
2567,รถจักรยานยนต์,HONDA,CB1000R,7
2567,รถจักรยานยนต์,HONDA,CB1100 RS,3
2567,รถจักรยานยนต์,HONDA,CB1300 SUPER BOL D'OR,10
2567,รถจักรยานยนต์,HONDA,CB1300 SUPER FOUR,21
2567,รถจักรยานยนต์,HONDA,CB150R,630
2567,รถจักรยานยนต์,HONDA,CB300F,5
2567,รถจักรยานยนต์,HONDA,CB300FA,3
2567,รถจักรยานยนต์,HONDA,CB300R,124
2567,รถจักรยานยนต์,HONDA,CB500 HORNET,46
2567,รถจักรยานยนต์,HONDA,CB500F,7
2567,รถจักรยานยนต์,HONDA,CB500X,81
2567,รถจักรยานยนต์,HONDA,CB650R,200
2567,รถจักรยานยนต์,HONDA,CB750 HORNET,50
2567,รถจักรยานยนต์,HONDA,CBR1000RR-R SP,18
2567,รถจักรยานยนต์,HONDA,CBR150R,1333
2567,รถจักรยานยนต์,HONDA,CBR250R,3
2567,รถจักรยานยนต์,HONDA,CBR250RA,3
2567,รถจักรยานยนต์,HONDA,CBR250RR,49
2567,รถจักรยานยนต์,HONDA,CBR300R,17
2567,รถจักรยานยนต์,HONDA,CBR300RA,21
2567,รถจักรยานยนต์,HONDA,CBR500R,436
2567,รถจักรยานยนต์,HONDA,CBR600RR,24
2567,รถจักรยานยนต์,HONDA,CBR650R,522
2567,รถจักรยานยนต์,HONDA,CL300,799
2567,รถจักรยานยนต์,HONDA,CL500,185
2567,รถจักรยานยนต์,HONDA,CLICK,1
2567,รถจักรยานยนต์,HONDA,CLICK I,1
2567,รถจักรยานยนต์,HONDA,CLICK125,19345
2567,รถจักรยานยนต์,HONDA,CLICK125I,50
2567,รถจักรยานยนต์,HONDA,CLICK150I,8
2567,รถจักรยานยนต์,HONDA,CLICK160,70023
2567,รถจักรยานยนต์,HONDA,CRF1100L AFRICA TWIN,81
2567,รถจักรยานยนต์,HONDA,CRF250M,2
2567,รถจักรยานยนต์,HONDA,CRF250RALLY,9
2567,รถจักรยานยนต์,HONDA,CRF300L,6306
2567,รถจักรยานยนต์,HONDA,CRF300RALLY,324
2567,รถจักรยานยนต์,HONDA,CRF450RL,55
2567,รถจักรยานยนต์,HONDA,CT125,3518
2567,รถจักรยานยนต์,HONDA,DAX125,2270
2567,รถจักรยานยนต์,HONDA,DREAM,2
2567,รถจักรยานยนต์,HONDA,FORZA,2
2567,รถจักรยานยนต์,HONDA,FORZA350,37132
2567,รถจักรยานยนต์,HONDA,GIORNO +,137630
2567,รถจักรยานยนต์,HONDA,GIORNO+,21117
2567,รถจักรยานยนต์,HONDA,GOLDWING TOUR,43
2567,รถจักรยานยนต์,HONDA,GROM,845
2567,รถจักรยานยนต์,HONDA,ICON,1
2567,รถจักรยานยนต์,HONDA,LEAD125,48994
2567,รถจักรยานยนต์,HONDA,MONKEY,3464
2567,รถจักรยานยนต์,HONDA,MOOVE,8
2567,รถจักรยานยนต์,HONDA,MSX GROM,175
2567,รถจักรยานยนต์,HONDA,MSX125,1
2567,รถจักรยานยนต์,HONDA,MSX125G(R2),1
2567,รถจักรยานยนต์,HONDA,MSX125SF,29
2567,รถจักรยานยนต์,HONDA,NC750X,75
2567,รถจักรยานยนต์,HONDA,NOVA SONIC RS SUPER,1
2567,รถจักรยานยนต์,HONDA,NT1100,69
2567,รถจักรยานยนต์,HONDA,NX500,2062
2567,รถจักรยานยนต์,HONDA,PCX e:HEV,6
2567,รถจักรยานยนต์,HONDA,PCX150,7
2567,รถจักรยานยนต์,HONDA,PCX160,145349
2567,รถจักรยานยนต์,HONDA,REBEL,775
2567,รถจักรยานยนต์,HONDA,REPSOL,2
2567,รถจักรยานยนต์,HONDA,SCOOPY,159873
2567,รถจักรยานยนต์,HONDA,SCOOPY I,19
2567,รถจักรยานยนต์,HONDA,SH150I,5
2567,รถจักรยานยนต์,HONDA,SPACY I,4
2567,รถจักรยานยนต์,HONDA,SUPER CUB,15388
2567,รถจักรยานยนต์,HONDA,WAVE,1
2567,รถจักรยานยนต์,HONDA,WAVE 110 I-AT,2
2567,รถจักรยานยนต์,HONDA,WAVE100,5
2567,รถจักรยานยนต์,HONDA,WAVE100S,2
2567,รถจักรยานยนต์,HONDA,WAVE110I,433520
2567,รถจักรยานยนต์,HONDA,WAVE125,3
2567,รถจักรยานยนต์,HONDA,WAVE1256,1
2567,รถจักรยานยนต์,HONDA,WAVE125I,236504
2567,รถจักรยานยนต์,HONDA,WAVEZ,1
2567,รถจักรยานยนต์,HONDA,X-ADV,1139
2567,รถจักรยานยนต์,HONDA,XL750 TRANSALP,220
2567,รถจักรยานยนต์,HONDA,ZOOMER-X,198
2567,รถจักรยานยนต์,HONDA,,5
2567,รถจักรยานยนต์,HORWIN,EK 1 MAX,4
2567,รถจักรยานยนต์,HUSQVARNA,FE 350,15
2567,รถจักรยานยนต์,HUSQVARNA,FE 350 PRO,1
2567,รถจักรยานยนต์,HUSQVARNA,NORDEN 901,4
2567,รถจักรยานยนต์,HUSQVARNA,SVARTPILEN 200,10
2567,รถจักรยานยนต์,HUSQVARNA,SVARTPILEN 401,10
2567,รถจักรยานยนต์,HUSQVARNA,TE 150,1
2567,รถจักรยานยนต์,HUSQVARNA,VITPILEN 401,39
2567,รถจักรยานยนต์,HYOSUNG,Aquila,39
2567,รถจักรยานยนต์,I-MOTOR,THUNDER,121
2567,รถจักรยานยนต์,I-MOTOR,VAPOR,499
2567,รถจักรยานยนต์,INDIAN MOTORCYCLE,CHIEF BOBBER DARK HORSE,1
2567,รถจักรยานยนต์,INDIAN MOTORCYCLE,CHIEF DARK HORSE,1
2567,รถจักรยานยนต์,INDIAN MOTORCYCLE,CHIEFTAIN ELITE,1
2567,รถจักรยานยนต์,INDIAN MOTORCYCLE,SCOUT BOBBER,5
2567,รถจักรยานยนต์,INDIAN MOTORCYCLE,SCOUT BOBBER LIMITED + TECH,1
2567,รถจักรยานยนต์,INDIAN MOTORCYCLE,SPORT CHIEF,1
2567,รถจักรยานยนต์,ISO,UNO-X,12
2567,รถจักรยานยนต์,ITALJET,DRAGSTER 200,1
2567,รถจักรยานยนต์,JETT,JETT,2
2567,รถจักรยานยนต์,JINPENG,D05,2
2567,รถจักรยานยนต์,JINPENG,M22,2
2567,รถจักรยานยนต์,JINYI,TRENDY,2
2567,รถจักรยานยนต์,JUNENG,DREAMERS FUN-A,2
2567,รถจักรยานยนต์,JUNO,Juno,1
2567,รถจักรยานยนต์,KAVALLO,EASY WATT,32
2567,รถจักรยานยนต์,KAVALLO,MINI SCOOTER,8
2567,รถจักรยานยนต์,KAVALLO,VESPAL,113
2567,รถจักรยานยนต์,KAWASAKI,AN112-D1,3
2567,รถจักรยานยนต์,KAWASAKI,AN130A,2
2567,รถจักรยานยนต์,KAWASAKI,D-TRACKER 150,1
2567,รถจักรยานยนต์,KAWASAKI,D-TRACKER X,2
2567,รถจักรยานยนต์,KAWASAKI,ELIMINATOR 400,50
2567,รถจักรยานยนต์,KAWASAKI,ELIMINATOR 400 SE,23
2567,รถจักรยานยนต์,KAWASAKI,KLE650FJF,2
2567,รถจักรยานยนต์,KAWASAKI,KLR650,10
2567,รถจักรยานยนต์,KAWASAKI,KLR650 ABS,20
2567,รถจักรยานยนต์,KAWASAKI,KLR650 ABS ADVENTURE,3
2567,รถจักรยานยนต์,KAWASAKI,KLR650 ADVENTURE,15
2567,รถจักรยานยนต์,KAWASAKI,KLX 250,3
2567,รถจักรยานยนต์,KAWASAKI,KLX150BF,1
2567,รถจักรยานยนต์,KAWASAKI,KLX230,186
2567,รถจักรยานยนต์,KAWASAKI,KLX230 ABS SE,2
2567,รถจักรยานยนต์,KAWASAKI,KLX230 S,58
2567,รถจักรยานยนต์,KAWASAKI,KLX230 SE,311
2567,รถจักรยานยนต์,KAWASAKI,KLX230SM SE,81
2567,รถจักรยานยนต์,KAWASAKI,KP150A,1
2567,รถจักรยานยนต์,KAWASAKI,KSR,43
2567,รถจักรยานยนต์,KAWASAKI,KSR DIRT,1
2567,รถจักรยานยนต์,KAWASAKI,KSR PRO,9
2567,รถจักรยานยนต์,KAWASAKI,MEGURO K3,5
2567,รถจักรยานยนต์,KAWASAKI,MEGURO S1,52
2567,รถจักรยานยนต์,KAWASAKI,NINJA 1000,1
2567,รถจักรยานยนต์,KAWASAKI,NINJA 250,13
2567,รถจักรยานยนต์,KAWASAKI,NINJA 400 SE,1
2567,รถจักรยานยนต์,KAWASAKI,NINJA 650,1
2567,รถจักรยานยนต์,KAWASAKI,NINJA e-1,2
2567,รถจักรยานยนต์,KAWASAKI,NINJA H2 SX,1
2567,รถจักรยานยนต์,KAWASAKI,NINJA H2 SX SE PLUS,1
2567,รถจักรยานยนต์,KAWASAKI,NINJA H2R,1
2567,รถจักรยานยนต์,KAWASAKI,NINJA ZX-10R,4
2567,รถจักรยานยนต์,KAWASAKI,NINJA ZX-10R SE,2
2567,รถจักรยานยนต์,KAWASAKI,NINJA ZX-10RR,1
2567,รถจักรยานยนต์,KAWASAKI,NINJA ZX-25R ABS SE,12
2567,รถจักรยานยนต์,KAWASAKI,NINJA ZX-4R,18
2567,รถจักรยานยนต์,KAWASAKI,NINJA ZX-4R SE,77
2567,รถจักรยานยนต์,KAWASAKI,NINJA ZX-6R,84
2567,รถจักรยานยนต์,KAWASAKI,NINJA400,66
2567,รถจักรยานยนต์,KAWASAKI,NINJA400 HG,15
2567,รถจักรยานยนต์,KAWASAKI,NINJA400 SE,87
2567,รถจักรยานยนต์,KAWASAKI,NINJA650,13
2567,รถจักรยานยนต์,KAWASAKI,VERSYS 650,96
2567,รถจักรยานยนต์,KAWASAKI,VERSYS-X 300 ABS,2
2567,รถจักรยานยนต์,KAWASAKI,VERSYS-X 300 ABS CITY,3
2567,รถจักรยานยนต์,KAWASAKI,VERSYS-X 300 ABS TOURING,13
2567,รถจักรยานยนต์,KAWASAKI,VERSYS-X300ABSTOURER,2
2567,รถจักรยานยนต์,KAWASAKI,VERSYS1000 SE,3
2567,รถจักรยานยนต์,KAWASAKI,VERSYS650,10
2567,รถจักรยานยนต์,KAWASAKI,VICTORS,1
2567,รถจักรยานยนต์,KAWASAKI,VNT50D,1
2567,รถจักรยานยนต์,KAWASAKI,VULCAN CAFE,3
2567,รถจักรยานยนต์,KAWASAKI,VULCAN S,1
2567,รถจักรยานยนต์,KAWASAKI,VULCAN S STD,21
2567,รถจักรยานยนต์,KAWASAKI,W175,58
2567,รถจักรยานยนต์,KAWASAKI,W230,22
2567,รถจักรยานยนต์,KAWASAKI,W250,9
2567,รถจักรยานยนต์,KAWASAKI,W800,6
2567,รถจักรยานยนต์,KAWASAKI,W800 CAFE,5
2567,รถจักรยานยนต์,KAWASAKI,W800 SE,1
2567,รถจักรยานยนต์,KAWASAKI,W800 STREET,14
2567,รถจักรยานยนต์,KAWASAKI,Z1000,3
2567,รถจักรยานยนต์,KAWASAKI,Z1000 ABS,4
2567,รถจักรยานยนต์,KAWASAKI,Z125 PRO,2
2567,รถจักรยานยนต์,KAWASAKI,Z125 PRO KRT EDITION,2
2567,รถจักรยานยนต์,KAWASAKI,Z400 ABS,39
2567,รถจักรยานยนต์,KAWASAKI,Z400 ABS SE,8
2567,รถจักรยานยนต์,KAWASAKI,Z650,29
2567,รถจักรยานยนต์,KAWASAKI,Z650RS,14
2567,รถจักรยานยนต์,KAWASAKI,Z650RS 50TH ANNIVERSARY,1
2567,รถจักรยานยนต์,KAWASAKI,Z900,1
2567,รถจักรยานยนต์,KAWASAKI,Z900 ABS,18
2567,รถจักรยานยนต์,KAWASAKI,Z900 ABS SE,37
2567,รถจักรยานยนต์,KAWASAKI,Z900RS,3
2567,รถจักรยานยนต์,KAWASAKI,ZR900BJF,3
2567,รถจักรยานยนต์,KEEWAY,GT270 ABS,3
2567,รถจักรยานยนต์,KEEWAY,GT270 EXTREAM,2
2567,รถจักรยานยนต์,KEEWAY,JL200GY-2C,4
2567,รถจักรยานยนต์,KEEWAY,JL200GY-3C,1
2567,รถจักรยานยนต์,KEEWAY,JL200GY-4C,7
2567,รถจักรยานยนต์,KEEWAY,K-LIGHT202,1
2567,รถจักรยานยนต์,KEEWAY,QJ250-L,4
2567,รถจักรยานยนต์,KEEWAY,SHINY 150,90
2567,รถจักรยานยนต์,KEEWAY,V302C,94
2567,รถจักรยานยนต์,KEEWAY,VERSIRIA 150,264
2567,รถจักรยานยนต์,KEEWAY,VICTORIA 200,51
2567,รถจักรยานยนต์,KEEWAY,,2
2567,รถจักรยานยนต์,KTM,1290 Super Adventure R,1
2567,รถจักรยานยนต์,KTM,1290 SUPER DUKE R,1
2567,รถจักรยานยนต์,KTM,200 DUKE,39
2567,รถจักรยานยนต์,KTM,300 EXC SIX DAYS,1
2567,รถจักรยานยนต์,KTM,350 EXC-F SIX DAYS,33
2567,รถจักรยานยนต์,KTM,390 ADVENTURE,57
2567,รถจักรยานยนต์,KTM,390 DUKE,136
2567,รถจักรยานยนต์,KTM,790 ADVENTURE,63
2567,รถจักรยานยนต์,KTM,790 ADVENTURE R,68
2567,รถจักรยานยนต์,KTM,790 DUKE,31
2567,รถจักรยานยนต์,KTM,890 ADVENTURE R,2
2567,รถจักรยานยนต์,KTM,890 DUKE R,22
2567,รถจักรยานยนต์,KTM,KTM RC200,1
2567,รถจักรยานยนต์,KTM,RC390,94
2567,รถจักรยานยนต์,KYMCO,I-ONE,5
2567,รถจักรยานยนต์,KYMCO,S6,2
2567,รถจักรยานยนต์,KYMCO,S7,4
2567,รถจักรยานยนต์,LAMBRETTA,G350,739
2567,รถจักรยานยนต์,LAMBRETTA,V125 Special Flex,13
2567,รถจักรยานยนต์,LAMBRETTA,V200 GP,854
2567,รถจักรยานยนต์,LAMBRETTA,V200 Special,29
2567,รถจักรยานยนต์,LAMBRETTA,V200 Special Flex,1283
2567,รถจักรยานยนต์,LAMBRETTA,X200,1654
2567,รถจักรยานยนต์,LAMBRETTA,X300,5478
2567,รถจักรยานยนต์,LAMBRETTA,X300 2025,5
2567,รถจักรยานยนต์,LAMBRETTA,X300 GT,94
2567,รถจักรยานยนต์,LAMBRETTA,,2
2567,รถจักรยานยนต์,LIFAN,LF100-3R,10
2567,รถจักรยานยนต์,LIFAN,LF110-11H,9
2567,รถจักรยานยนต์,LIFAN,LF110-26H,15
2567,รถจักรยานยนต์,LIFAN,LF110-S,4
2567,รถจักรยานยนต์,LIFAN,LF125-5F,12
2567,รถจักรยานยนต์,LIFAN,LF150-10B,5
2567,รถจักรยานยนต์,LIFAN,LF200-10L,4
2567,รถจักรยานยนต์,LIFAN,LF200GY-5A,15
2567,รถจักรยานยนต์,LIFAN,LF250-B,1
2567,รถจักรยานยนต์,LION,ALPHA EV,19
2567,รถจักรยานยนต์,LION,E1 EV,29
2567,รถจักรยานยนต์,LION,MERCURY EV,80
2567,รถจักรยานยนต์,LION,MERCURY EV PLUS,1
2567,รถจักรยานยนต์,LION,SKS Z2,5494
2567,รถจักรยานยนต์,LUYUAN,MB5,200
2567,รถจักรยานยนต์,LUYUAN,S30 plus,6
2567,รถจักรยานยนต์,LUYUAN,S30 PLUS,183
2567,รถจักรยานยนต์,LVNENG,SWAG TYPE-X,1
2567,รถจักรยานยนต์,M BIKE,BONUSX110II,2
2567,รถจักรยานยนต์,M BIKE,JL200GY-2C,1
2567,รถจักรยานยนต์,M BIKE,LC-125,14
2567,รถจักรยานยนต์,M BIKE,MB110-3,1
2567,รถจักรยานยนต์,M BIKE,MB125T-16,3
2567,รถจักรยานยนต์,M BIKE,XY-150A,2
2567,รถจักรยานยนต์,M BIKE,XY-250A,5
2567,รถจักรยานยนต์,MADANG,Speed Hawk,5
2567,รถจักรยานยนต์,MALAGUTI,MADISON,782
2567,รถจักรยานยนต์,MENGSHI,MENGSHI,1
2567,รถจักรยานยนต์,MODYAK,MY2,226
2567,รถจักรยานยนต์,MODYAK,MY4,27
2567,รถจักรยานยนต์,MODYAK,MY6,6
2567,รถจักรยานยนต์,MODYAK,MY7,2
2567,รถจักรยานยนต์,MORAKOT,MORAKOT,1
2567,รถจักรยานยนต์,MOTO GUZZI,V7 III CARBON,1
2567,รถจักรยานยนต์,MOTO GUZZI,V7 III RACER,1
2567,รถจักรยานยนต์,MOTO GUZZI,V7 III STONE,2
2567,รถจักรยานยนต์,MOTO GUZZI,V7 SPECIAL,1
2567,รถจักรยานยนต์,MOTO PARILLA,LEVRIERO150,22
2567,รถจักรยานยนต์,MOTOGUZZI,V7 III CARBON SHINE,1
2567,รถจักรยานยนต์,MOTOGUZZI,V7 III STONE,1
2567,รถจักรยานยนต์,MV AGUSTA,TURISMO VELOCE 800,1
2567,รถจักรยานยนต์,MZ,MANTIZ125M1-C,1
2567,รถจักรยานยนต์,NICOT,EBEAST,1
2567,รถจักรยานยนต์,NIU,GOVA 03,6
2567,รถจักรยานยนต์,NIU,MQi GT EVO,1
2567,รถจักรยานยนต์,NIU,MQi+Sport,2
2567,รถจักรยานยนต์,NIU,NQi GTS,5
2567,รถจักรยานยนต์,NIU,NQi Sport,6
2567,รถจักรยานยนต์,NIU,NQiGT Sport,2
2567,รถจักรยานยนต์,NKT,GO125,9
2567,รถจักรยานยนต์,NKT,GTR150,1
2567,รถจักรยานยนต์,NKT,NOW125,1
2567,รถจักรยานยนต์,NUVOLA X,NUVOLA X T2,2
2567,รถจักรยานยนต์,PEUGEOT,DJANGO,3
2567,รถจักรยานยนต์,PHOENIX ENGINEERING,GUNNER 100,27
2567,รถจักรยานยนต์,PIAGGIO,BEVERLY 400S,1
2567,รถจักรยานยนต์,PIAGGIO,GILERA CX125,3
2567,รถจักรยานยนต์,PIAGGIO,LIBERTY 125 IE,2
2567,รถจักรยานยนต์,PIAGGIO,MEDLEY 150 ABS,4
2567,รถจักรยานยนต์,PIAGGIO,MP3 500 LT SPORT ABS,2
2567,รถจักรยานยนต์,RAPID,SR09,122
2567,รถจักรยานยนต์,RAPID,SR108,446
2567,รถจักรยานยนต์,RENNY,R88E,8
2567,รถจักรยานยนต์,RENNY,R88X,1
2567,รถจักรยานยนต์,ROYAL ALLOY,GP 150,1
2567,รถจักรยานยนต์,ROYAL ALLOY,GP 200S,2
2567,รถจักรยานยนต์,ROYAL ALLOY,Grand Prix,219
2567,รถจักรยานยนต์,ROYAL ALLOY,Grand Prix TV175,132
2567,รถจักรยานยนต์,ROYAL ALLOY,Tigara Grande,101
2567,รถจักรยานยนต์,ROYAL ENFIELD,BULLET 350,187
2567,รถจักรยานยนต์,ROYAL ENFIELD,BULLET CLASSIC EFI,3
2567,รถจักรยานยนต์,ROYAL ENFIELD,BULLET TRIALS 500,2
2567,รถจักรยานยนต์,ROYAL ENFIELD,CLASSIC 350,735
2567,รถจักรยานยนต์,ROYAL ENFIELD,CONTINENTAL GT 650,39
2567,รถจักรยานยนต์,ROYAL ENFIELD,HIMALAYAN,38
2567,รถจักรยานยนต์,ROYAL ENFIELD,HIMALAYAN 410,24
2567,รถจักรยานยนต์,ROYAL ENFIELD,HIMALAYAN 452,41
2567,รถจักรยานยนต์,ROYAL ENFIELD,HIMALAYAN SCRAM 411,77
2567,รถจักรยานยนต์,ROYAL ENFIELD,HUNTER 350,612
2567,รถจักรยานยนต์,ROYAL ENFIELD,INTERCEPTOR 650,338
2567,รถจักรยานยนต์,ROYAL ENFIELD,INTERCEPTOR INT 650,5
2567,รถจักรยานยนต์,ROYAL ENFIELD,METEOR 350,39
2567,รถจักรยานยนต์,ROYAL ENFIELD,METEOR 350 FIREBALL,131
2567,รถจักรยานยนต์,ROYAL ENFIELD,METEOR 350 STELLAR,87
2567,รถจักรยานยนต์,ROYAL ENFIELD,METEOR 350 SUPERNOVA,59
2567,รถจักรยานยนต์,ROYAL ENFIELD,SIGNALS 350,197
2567,รถจักรยานยนต์,ROYAL ENFIELD,SUPER METEOR 650,449
2567,รถจักรยานยนต์,RYUKA,AHEAD,1
2567,รถจักรยานยนต์,RYUKA,CHARLY,4
2567,รถจักรยานยนต์,RYUKA,CLASSIC,26
2567,รถจักรยานยนต์,RYUKA,CLASSIC CUB,18
2567,รถจักรยานยนต์,RYUKA,CLASSIC FI,1062
2567,รถจักรยานยนต์,RYUKA,CLASSIC MINI,1
2567,รถจักรยานยนต์,RYUKA,CRUISER,14
2567,รถจักรยานยนต์,RYUKA,CUTE,6
2567,รถจักรยานยนต์,RYUKA,FLY,1
2567,รถจักรยานยนต์,RYUKA,RA1,1
2567,รถจักรยานยนต์,RYUKA,Retro,9
2567,รถจักรยานยนต์,RYUKA,Retro150,22
2567,รถจักรยานยนต์,RYUKA,RK150,33
2567,รถจักรยานยนต์,RYUKA,RK200GY,4
2567,รถจักรยานยนต์,RYUKA,RK250,25
2567,รถจักรยานยนต์,RYUKA,RX3,1
2567,รถจักรยานยนต์,RYUKA,SAVE,2
2567,รถจักรยานยนต์,RYUKA,SAVE-II,1
2567,รถจักรยานยนต์,RYUKA,SAVE-II S,3
2567,รถจักรยานยนต์,RYUKA,SAVE-II S FI,503
2567,รถจักรยานยนต์,RYUKA,SPORT,4
2567,รถจักรยานยนต์,RYUKA,ZSR,10
2567,รถจักรยานยนต์,SAGASONIC,SAGASONIC001Q,1
2567,รถจักรยานยนต์,SAGASONIC,SAGASONIC002Q,5
2567,รถจักรยานยนต์,SCOMADI,TECHNICA 200i,84
2567,รถจักรยานยนต์,SCOMADI,TURISMO ELECTRONICA,20
2567,รถจักรยานยนต์,SCOMADI,TURISMO PICCOLO 125i,16
2567,รถจักรยานยนต์,SCOMADI,TURISMO TECHNICA 125i,31
2567,รถจักรยานยนต์,SCOMADI,TURISMO TECHNICA 125I,58
2567,รถจักรยานยนต์,SCOMADI,TURISMO TECHNICA 200i,39
2567,รถจักรยานยนต์,SLEEK,SLEEK ONE,971
2567,รถจักรยานยนต์,SLEEK,SLEEK PLAY,133
2567,รถจักรยานยนต์,SLEEK,TYPE E,73
2567,รถจักรยานยนต์,SLEEK,TYPE S,26
2567,รถจักรยานยนต์,SLEEK,TYPE X,86
2567,รถจักรยานยนต์,SLEEK,TYPE-V,55
2567,รถจักรยานยนต์,SLEEK,TYPE-V GT,93
2567,รถจักรยานยนต์,SOLAR,GROOVE 125A,116
2567,รถจักรยานยนต์,SOLAR,GROOVE CROSS 125A,67
2567,รถจักรยานยนต์,SOLAR,PROUD 125A,144
2567,รถจักรยานยนต์,STALLION,125MINI,10
2567,รถจักรยานยนต์,STALLION,Centaur,2
2567,รถจักรยานยนต์,STALLION,POLO125,2
2567,รถจักรยานยนต์,STALLIONS,170i,48
2567,รถจักรยานยนต์,STALLIONS,CENTAUR,7
2567,รถจักรยานยนต์,STALLIONS,CENTAUR 400,2
2567,รถจักรยานยนต์,STALLIONS,CENTAUR MAKINA150,1
2567,รถจักรยานยนต์,STALLIONS,CENTAUR MAKINA250,3
2567,รถจักรยานยนต์,STALLIONS,CENTAUR MEGAPHONE,8
2567,รถจักรยานยนต์,STALLIONS,CENTAUR SIAM,9
2567,รถจักรยานยนต์,STALLIONS,MINI-EV,10
2567,รถจักรยานยนต์,STALLIONS,VICTORY,12
2567,รถจักรยานยนต์,STALLIONS,VICTORY VTR125,8
2567,รถจักรยานยนต์,STAR 8,HORUS,1
2567,รถจักรยานยนต์,STAR 8,MINERVA,8
2567,รถจักรยานยนต์,STROM,CHIMPANZEE CPZ-250L2,27
2567,รถจักรยานยนต์,STROM,GORILLA GRL-200L,372
2567,รถจักรยานยนต์,STROM,GORILLA GRL-300L,367
2567,รถจักรยานยนต์,STROM,MONKEY MNK-250L2,31
2567,รถจักรยานยนต์,STROM,Sailfish SFH-150Ls,7
2567,รถจักรยานยนต์,STROM,SEAL SEA-100L,8
2567,รถจักรยานยนต์,SUNRA,FUTURE 2500,1
2567,รถจักรยานยนต์,SUNRA,MIKU SUPER,2
2567,รถจักรยานยนต์,SUNRA,ROBO S,8
2567,รถจักรยานยนต์,SUPER SOCO,CPX,48
2567,รถจักรยานยนต์,SUPER SOCO,CUX,7
2567,รถจักรยานยนต์,SUPER SOCO,TC MAX,15
2567,รถจักรยานยนต์,SUPER SOCO,,1
2567,รถจักรยานยนต์,SUZUKI,Address,1
2567,รถจักรยานยนต์,SUZUKI,AVENIS,349
2567,รถจักรยานยนต์,SUZUKI,BURGMAN 400,154
2567,รถจักรยานยนต์,SUZUKI,BURGMAN STREET EX,492
2567,รถจักรยานยนต์,SUZUKI,FH125M,1
2567,รถจักรยานยนต์,SUZUKI,FL125FS,6
2567,รถจักรยานยนต์,SUZUKI,FL125S,4
2567,รถจักรยานยนต์,SUZUKI,FU150SCD3,2
2567,รถจักรยานยนต์,SUZUKI,FV115JA,377
2567,รถจักรยานยนต์,SUZUKI,FV115JB,1
2567,รถจักรยานยนต์,SUZUKI,FV115LA,399
2567,รถจักรยานยนต์,SUZUKI,FV115LB,619
2567,รถจักรยานยนต์,SUZUKI,FV115LE,618
2567,รถจักรยานยนต์,SUZUKI,GD110,5
2567,รถจักรยานยนต์,SUZUKI,GSX-8S,5
2567,รถจักรยานยนต์,SUZUKI,GSX-R1000R,4
2567,รถจักรยานยนต์,SUZUKI,GSX-R150,104
2567,รถจักรยานยนต์,SUZUKI,GSX-S150,163
2567,รถจักรยานยนต์,SUZUKI,GSX-S750ZA,4
2567,รถจักรยานยนต์,SUZUKI,GSX1300R,1
2567,รถจักรยานยนต์,SUZUKI,HAYABUSA,10
2567,รถจักรยานยนต์,SUZUKI,Let's,13
2567,รถจักรยานยนต์,SUZUKI,NEX CROSSOVER,187
2567,รถจักรยานยนต์,SUZUKI,RAIDER,176
2567,รถจักรยานยนต์,SUZUKI,RAIDER J CROSSOVER,272
2567,รถจักรยานยนต์,SUZUKI,RC100J,1
2567,รถจักรยานยนต์,SUZUKI,RG-V (SS),1
2567,รถจักรยานยนต์,SUZUKI,SHOGUN,5
2567,รถจักรยานยนต์,SUZUKI,SKYDRIVE,2
2567,รถจักรยานยนต์,SUZUKI,SMASH,17
2567,รถจักรยานยนต์,SUZUKI,SV650,7
2567,รถจักรยานยนต์,SUZUKI,UD110NE,5
2567,รถจักรยานยนต์,SUZUKI,UF125F,1
2567,รถจักรยานยนต์,SUZUKI,UF125FS,1
2567,รถจักรยานยนต์,SUZUKI,UW125FS,5
2567,รถจักรยานยนต์,SUZUKI,UY125,1
2567,รถจักรยานยนต์,SUZUKI,V-Strom,40
2567,รถจักรยานยนต์,SUZUKI,V-Strom1050,12
2567,รถจักรยานยนต์,SUZUKI,V-STROM,1
2567,รถจักรยานยนต์,SUZUKI,V-STROM250SX,27
2567,รถจักรยานยนต์,SUZUKI,V-STROM800DE,41
2567,รถจักรยานยนต์,SUZUKI,VanVan,7
2567,รถจักรยานยนต์,SWAG,TYPE-X,7
2567,รถจักรยานยนต์,SYM,FORMULA,9
2567,รถจักรยานยนต์,SYM,JL200GY-2C,4
2567,รถจักรยานยนต์,SYM,LC-125,19
2567,รถจักรยานยนต์,SYM,TINI110,3
2567,รถจักรยานยนต์,TAILG,DRAGONS,20
2567,รถจักรยานยนต์,TAILG,WARRIOR,23
2567,รถจักรยานยนต์,TATUNG,3E,1
2567,รถจักรยานยนต์,THOMAS,CHARMING,61
2567,รถจักรยานยนต์,THOMAS,CYSTAL,49
2567,รถจักรยานยนต์,THOMAS,Diamond,5
2567,รถจักรยานยนต์,THOMAS,S-2000,29
2567,รถจักรยานยนต์,TIGER,SM110S-R,2
2567,รถจักรยานยนต์,TOYOTRON,TX-1,20
2567,รถจักรยานยนต์,TRIUMPH,BONNEVILLE BOBBER,46
2567,รถจักรยานยนต์,TRIUMPH,BONNEVILLE SPEEDMASTER,7
2567,รถจักรยานยนต์,TRIUMPH,BONNEVILLE T100,132
2567,รถจักรยานยนต์,TRIUMPH,BONNEVILLE T100 BLACK,1
2567,รถจักรยานยนต์,TRIUMPH,BONNEVILLE T120,46
2567,รถจักรยานยนต์,TRIUMPH,BONNEVILLE T120 BLACK,80
2567,รถจักรยานยนต์,TRIUMPH,BONNEVILLE T120 BLACK DGR LE,7
2567,รถจักรยานยนต์,TRIUMPH,DAYTONA 660,12
2567,รถจักรยานยนต์,TRIUMPH,ROCKET 3 GT,1
2567,รถจักรยานยนต์,TRIUMPH,ROCKET 3 R,4
2567,รถจักรยานยนต์,TRIUMPH,ROCKET 3 STORM GT,4
2567,รถจักรยานยนต์,TRIUMPH,SCRAMBLER 1200 X,9
2567,รถจักรยานยนต์,TRIUMPH,SCRAMBLER 1200 XC,5
2567,รถจักรยานยนต์,TRIUMPH,SCRAMBLER 1200 XE,6
2567,รถจักรยานยนต์,TRIUMPH,SCRAMBLER 400 X,478
2567,รถจักรยานยนต์,TRIUMPH,SCRAMBLER 900,32
2567,รถจักรยานยนต์,TRIUMPH,SPEED 400,677
2567,รถจักรยานยนต์,TRIUMPH,SPEED TRIPLE 1200 RR,13
2567,รถจักรยานยนต์,TRIUMPH,SPEED TRIPLE 1200 RS,6
2567,รถจักรยานยนต์,TRIUMPH,SPEED TWIN,41
2567,รถจักรยานยนต์,TRIUMPH,SPEED TWIN 900,105
2567,รถจักรยานยนต์,TRIUMPH,STREET SCRAMBLER,1
2567,รถจักรยานยนต์,TRIUMPH,STREET TRIPLE MOTO2 TM EDITION,5
2567,รถจักรยานยนต์,TRIUMPH,STREET TRIPLE RS,16
2567,รถจักรยานยนต์,TRIUMPH,THRUXTON RS,6
2567,รถจักรยานยนต์,TRIUMPH,THRUXTON RS SHOWCASE,1
2567,รถจักรยานยนต์,TRIUMPH,TIGER 1200 RALLY EXPLORER,12
2567,รถจักรยานยนต์,TRIUMPH,TIGER 1200 RALLY PRO,12
2567,รถจักรยานยนต์,TRIUMPH,TIGER 850 SPORT,9
2567,รถจักรยานยนต์,TRIUMPH,TIGER 900 GT ARAGON EDITION,8
2567,รถจักรยานยนต์,TRIUMPH,TIGER 900 GT PRO,20
2567,รถจักรยานยนต์,TRIUMPH,TIGER 900 RALLY ARAGON EDITION,7
2567,รถจักรยานยนต์,TRIUMPH,TIGER 900 RALLY PRO,28
2567,รถจักรยานยนต์,TRIUMPH,TIGER SPORT,23
2567,รถจักรยานยนต์,TRIUMPH,TRIDENT,42
2567,รถจักรยานยนต์,TRIUMPH,TRIDENT 660 - TRIPLE TRIBUTE,8
2567,รถจักรยานยนต์,VESPA,946 150 IGET ABS,12
2567,รถจักรยานยนต์,VESPA,GTS 150 3V IE,1
2567,รถจักรยานยนต์,VESPA,GTS 150 IGET ABS,1024
2567,รถจักรยานยนต์,VESPA,GTS 300 ABS SUPER,5
2567,รถจักรยานยนต์,VESPA,GTS 300 CLASSIC HPE,134
2567,รถจักรยานยนต์,VESPA,GTS 300 SUPER SPORT HPE,6
2567,รถจักรยานยนต์,VESPA,GTS 300 SUPERTECH HPE,181
2567,รถจักรยานยนต์,VESPA,GTV 300 HPE,393
2567,รถจักรยานยนต์,VESPA,LX 125 IGET,3056
2567,รถจักรยานยนต์,VESPA,LX125 3V IE,1
2567,รถจักรยานยนต์,VESPA,LX125 3V IE IGET,3
2567,รถจักรยานยนต์,VESPA,LXV150 3V IE,1
2567,รถจักรยานยนต์,VESPA,PRIMAVERA 150 3V IE,1
2567,รถจักรยานยนต์,VESPA,PRIMAVERA 150 3V IE ABS,6
2567,รถจักรยานยนต์,VESPA,PRIMAVERA 150 IGET ABS,1967
2567,รถจักรยานยนต์,VESPA,PRIMAVERA 150 IGET ABS S,246
2567,รถจักรยานยนต์,VESPA,PRIMAVERA 150 IGET ABSTFT,2
2567,รถจักรยานยนต์,VESPA,PX 125,8
2567,รถจักรยานยนต์,VESPA,S 125 IGET,3608
2567,รถจักรยานยนต์,VESPA,S125 3V IE,1
2567,รถจักรยานยนต์,VESPA,S125 3V IE IGET,5
2567,รถจักรยานยนต์,VESPA,SPRINT 125 3V IE ABS,4
2567,รถจักรยานยนต์,VESPA,SPRINT 125 IGET ABS,3326
2567,รถจักรยานยนต์,VESPA,SPRINT 150 3V IE,1
2567,รถจักรยานยนต์,VESPA,SPRINT 150 3V IE ABS,3
2567,รถจักรยานยนต์,VESPA,SPRINT 150 IGET ABS,9541
2567,รถจักรยานยนต์,VESPA,SPRINT 150 IGET ABS S,2903
2567,รถจักรยานยนต์,VESPA,SPRINT 150 IGET ABS TFT,599
2567,รถจักรยานยนต์,VICTORY,CROSS,1
2567,รถจักรยานยนต์,VMORTOR,ZF2000D-A,1
2567,รถจักรยานยนต์,YAMAHA,20B200,1
2567,รถจักรยานยนต์,YAMAHA,20B600,1
2567,รถจักรยานยนต์,YAMAHA,33S100,1
2567,รถจักรยานยนต์,YAMAHA,33S500,2
2567,รถจักรยานยนต์,YAMAHA,33S700,1
2567,รถจักรยานยนต์,YAMAHA,4C9200,1
2567,รถจักรยานยนต์,YAMAHA,4D0700,1
2567,รถจักรยานยนต์,YAMAHA,4D0C00,1
2567,รถจักรยานยนต์,YAMAHA,4S3200,1
2567,รถจักรยานยนต์,YAMAHA,50P100,1
2567,รถจักรยานยนต์,YAMAHA,50P200,2
2567,รถจักรยานยนต์,YAMAHA,50S200,1
2567,รถจักรยานยนต์,YAMAHA,50S300,1
2567,รถจักรยานยนต์,YAMAHA,52B100,2
2567,รถจักรยานยนต์,YAMAHA,52B200,5
2567,รถจักรยานยนต์,YAMAHA,54S100,1
2567,รถจักรยานยนต์,YAMAHA,5P0400,3
2567,รถจักรยานยนต์,YAMAHA,AEROX,6478
2567,รถจักรยานยนต์,YAMAHA,AEROX 155,19
2567,รถจักรยานยนต์,YAMAHA,AEROX ABS,2452
2567,รถจักรยานยนต์,YAMAHA,AEROX R,7
2567,รถจักรยานยนต์,YAMAHA,BD-115E,1
2567,รถจักรยานยนต์,YAMAHA,BI-115D,1
2567,รถจักรยานยนต์,YAMAHA,EXCITER,2656
2567,รถจักรยานยนต์,YAMAHA,EXCITER150,8
2567,รถจักรยานยนต์,YAMAHA,Fazzio,25201
2567,รถจักรยานยนต์,YAMAHA,Fino,10
2567,รถจักรยานยนต์,YAMAHA,Fino FI,4
2567,รถจักรยานยนต์,YAMAHA,FINN,40666
2567,รถจักรยานยนต์,YAMAHA,FINO125,2887
2567,รถจักรยานยนต์,YAMAHA,FJR1300,2
2567,รถจักรยานยนต์,YAMAHA,FreeGo,5
2567,รถจักรยานยนต์,YAMAHA,GRAND FILANO,106310
2567,รถจักรยานยนต์,YAMAHA,GT125,161
2567,รถจักรยานยนต์,YAMAHA,JUPITER RC,13
2567,รถจักรยานยนต์,YAMAHA,JZ-120,1
2567,รถจักรยานยนต์,YAMAHA,LE-110ED,1
2567,รถจักรยานยนต์,YAMAHA,LEXI,5
2567,รถจักรยานยนต์,YAMAHA,LEXI S,3
2567,รถจักรยานยนต์,YAMAHA,M-SLAZ,22
2567,รถจักรยานยนต์,YAMAHA,Mio 125,1
2567,รถจักรยานยนต์,YAMAHA,Mio 125i,9
2567,รถจักรยานยนต์,YAMAHA,MIO115I,15
2567,รถจักรยานยนต์,YAMAHA,MT-03,60
2567,รถจักรยานยนต์,YAMAHA,MT-07,154
2567,รถจักรยานยนต์,YAMAHA,MT-09,72
2567,รถจักรยานยนต์,YAMAHA,MT-09 SP,27
2567,รถจักรยานยนต์,YAMAHA,MT-09 Y-AMT,2
2567,รถจักรยานยนต์,YAMAHA,MT-09SP,35
2567,รถจักรยานยนต์,YAMAHA,MT-15,518
2567,รถจักรยานยนต์,YAMAHA,NMAX,19851
2567,รถจักรยานยนต์,YAMAHA,Nouvo SX,3
2567,รถจักรยานยนต์,YAMAHA,PG-1,3448
2567,รถจักรยานยนต์,YAMAHA,QBIX,15
2567,รถจักรยานยนต์,YAMAHA,QBIX ABS,23
2567,รถจักรยานยนต์,YAMAHA,QBIX S,34
2567,รถจักรยานยนต์,YAMAHA,R7,273
2567,รถจักรยานยนต์,YAMAHA,Spark 115i,21
2567,รถจักรยานยนต์,YAMAHA,SPARK LX,4
2567,รถจักรยานยนต์,YAMAHA,SR400,734
2567,รถจักรยานยนต์,YAMAHA,TENERE700,93
2567,รถจักรยานยนต์,YAMAHA,TMAX,1
2567,รถจักรยานยนต์,YAMAHA,TMAX TECH MAX,200
2567,รถจักรยานยนต์,YAMAHA,TMAX560,69
2567,รถจักรยานยนต์,YAMAHA,Tricity,8
2567,รถจักรยานยนต์,YAMAHA,TRACER 9 GT,31
2567,รถจักรยานยนต์,YAMAHA,TRACER 9 GT+,24
2567,รถจักรยานยนต์,YAMAHA,TTX,17
2567,รถจักรยานยนต์,YAMAHA,WR155R,777
2567,รถจักรยานยนต์,YAMAHA,XMAX,15054
2567,รถจักรยานยนต์,YAMAHA,XMAX 300,33
2567,รถจักรยานยนต์,YAMAHA,XMAX SP,6
2567,รถจักรยานยนต์,YAMAHA,XSR155,1191
2567,รถจักรยานยนต์,YAMAHA,XSR700,13
2567,รถจักรยานยนต์,YAMAHA,XSR900,29
2567,รถจักรยานยนต์,YAMAHA,Y-111ED,1
2567,รถจักรยานยนต์,YAMAHA,YZF-R1,17
2567,รถจักรยานยนต์,YAMAHA,YZF-R15,1372
2567,รถจักรยานยนต์,YAMAHA,YZF-R15M,302
2567,รถจักรยานยนต์,YAMAHA,YZF-R1M,2
2567,รถจักรยานยนต์,YAMAHA,YZF-R3,72
2567,รถจักรยานยนต์,YAMAHA,,2
2567,รถจักรยานยนต์,ZEEHO,AE6+,30
2567,รถจักรยานยนต์,ZEEHO,AE8+,40
2567,รถจักรยานยนต์,ZEEHO,AE8S+,82
2567,รถจักรยานยนต์,ZONTES,350D,285
2567,รถจักรยานยนต์,ZONTES,350E,2275
2567,รถจักรยานยนต์,ZONTES,R310,1
2567,รถจักรยานยนต์,ZONTES,X310,1
2567,รถแทร็กเตอร์,ALPHA,AE200,1
2567,รถแทร็กเตอร์,ALPHA,AE300,1
2567,รถแทร็กเตอร์,ALPHA,AE3500,1
2567,รถแทร็กเตอร์,ALPHA,AE600,1
2567,รถแทร็กเตอร์,ALPHA,AE60A-1,1
2567,รถแทร็กเตอร์,ALPHA,ALPHA300,1
2567,รถแทร็กเตอร์,ALPHA,ALPHA388,2
2567,รถแทร็กเตอร์,ALPHA,AT400,2
2567,รถแทร็กเตอร์,ALPHA,AT500,1
2567,รถแทร็กเตอร์,ALPHA,AT500A,1
2567,รถแทร็กเตอร์,ALPHA,AT500B,1
2567,รถแทร็กเตอร์,ALPHA,AT800A,1
2567,รถแทร็กเตอร์,ALPHA,AT900,4
2567,รถแทร็กเตอร์,AMMANN,AFT700-2 T3,1
2567,รถแทร็กเตอร์,AOLITE,PQ48F,1
2567,รถแทร็กเตอร์,BANGKOK PANJAN,PC 200,32
2567,รถแทร็กเตอร์,BANGKOK PANJAN,PC 60,2
2567,รถแทร็กเตอร์,BANGKOK PANJAN,PC120,1
2567,รถแทร็กเตอร์,BOBCAT,E35Z,1
2567,รถแทร็กเตอร์,BOBCAT,E37,4
2567,รถแทร็กเตอร์,BOBCAT,E55Z,16
2567,รถแทร็กเตอร์,BOBCAT,E80,1
2567,รถแทร็กเตอร์,BOBCAT,S450,2
2567,รถแทร็กเตอร์,BOBCAT,S590,1
2567,รถแทร็กเตอร์,BOMAG,BF700C-S600,1
2567,รถแทร็กเตอร์,BOMAG,BW2000/60,1
2567,รถแทร็กเตอร์,BOMAG,MPH125,1
2567,รถแทร็กเตอร์,BULL,HD 96,2
2567,รถแทร็กเตอร์,BULL,HD-96,4
2567,รถแทร็กเตอร์,CASE,570ST 4WD,5
2567,รถแทร็กเตอร์,CASE,570SV,9
2567,รถแทร็กเตอร์,CASE,865B,1
2567,รถแทร็กเตอร์,CASE,A7700,3
2567,รถแทร็กเตอร์,CASE,CX220C,18
2567,รถแทร็กเตอร์,CASE,CX58C,1
2567,รถแทร็กเตอร์,CASE,MXM120,1
2567,รถแทร็กเตอร์,CASE IH,7700,1
2567,รถแทร็กเตอร์,CASE IH,A7000,1
2567,รถแทร็กเตอร์,CASE IH,A7700,15
2567,รถแทร็กเตอร์,CASE IH,A8000,2
2567,รถแทร็กเตอร์,CASE IH,A8010,1
2567,รถแทร็กเตอร์,CASE IH,A8800,17
2567,รถแทร็กเตอร์,CASE IH,A8800 MR,1
2567,รถแทร็กเตอร์,CASE IH,A8810,1
2567,รถแทร็กเตอร์,CASE IH,A9000,3
2567,รถแทร็กเตอร์,CAT,D5H XL,1
2567,รถแทร็กเตอร์,CATERPILLAR,120K,1
2567,รถแทร็กเตอร์,CATERPILLAR,12H,1
2567,รถแทร็กเตอร์,CATERPILLAR,140G,23
2567,รถแทร็กเตอร์,CATERPILLAR,140G VHP,1
2567,รถแทร็กเตอร์,CATERPILLAR,140GC,17
2567,รถแทร็กเตอร์,CATERPILLAR,140H,40
2567,รถแทร็กเตอร์,CATERPILLAR,140H VHP,1
2567,รถแทร็กเตอร์,CATERPILLAR,140K,9
2567,รถแทร็กเตอร์,CATERPILLAR,160H,4
2567,รถแทร็กเตอร์,CATERPILLAR,303.5CCR,1
2567,รถแทร็กเตอร์,CATERPILLAR,303.5CR,11
2567,รถแทร็กเตอร์,CATERPILLAR,303.5ECR,5
2567,รถแทร็กเตอร์,CATERPILLAR,303CCR,1
2567,รถแทร็กเตอร์,CATERPILLAR,303CR,3
2567,รถแทร็กเตอร์,CATERPILLAR,303CSR,1
2567,รถแทร็กเตอร์,CATERPILLAR,303ECR,3
2567,รถแทร็กเตอร์,CATERPILLAR,304C,1
2567,รถแทร็กเตอร์,CATERPILLAR,304CCR,1
2567,รถแทร็กเตอร์,CATERPILLAR,305,1
2567,รถแทร็กเตอร์,CATERPILLAR,305.5,1
2567,รถแทร็กเตอร์,CATERPILLAR,305.5E2,3
2567,รถแทร็กเตอร์,CATERPILLAR,305CR,1
2567,รถแทร็กเตอร์,CATERPILLAR,305CR-2,1
2567,รถแทร็กเตอร์,CATERPILLAR,305E,1
2567,รถแทร็กเตอร์,CATERPILLAR,305SR,2
2567,รถแทร็กเตอร์,CATERPILLAR,306,1
2567,รถแทร็กเตอร์,CATERPILLAR,306D,1
2567,รถแทร็กเตอร์,CATERPILLAR,307.5,1
2567,รถแทร็กเตอร์,CATERPILLAR,307D,1
2567,รถแทร็กเตอร์,CATERPILLAR,307E,1
2567,รถแทร็กเตอร์,CATERPILLAR,308CCR,1
2567,รถแทร็กเตอร์,CATERPILLAR,311D,3
2567,รถแทร็กเตอร์,CATERPILLAR,311DRR,3
2567,รถแทร็กเตอร์,CATERPILLAR,312C,1
2567,รถแทร็กเตอร์,CATERPILLAR,312D,44
2567,รถแทร็กเตอร์,CATERPILLAR,312D2,2
2567,รถแทร็กเตอร์,CATERPILLAR,312E,16
2567,รถแทร็กเตอร์,CATERPILLAR,312E-2,4
2567,รถแทร็กเตอร์,CATERPILLAR,312F,2
2567,รถแทร็กเตอร์,CATERPILLAR,313C,1
2567,รถแทร็กเตอร์,CATERPILLAR,313CCR,1
2567,รถแทร็กเตอร์,CATERPILLAR,313D2GC,33
2567,รถแทร็กเตอร์,CATERPILLAR,313DCR,2
2567,รถแทร็กเตอร์,CATERPILLAR,318D2L,1
2567,รถแทร็กเตอร์,CATERPILLAR,320,48
2567,รถแทร็กเตอร์,CATERPILLAR,320D,27
2567,รถแทร็กเตอร์,CATERPILLAR,320D GC,4
2567,รถแทร็กเตอร์,CATERPILLAR,320D2,45
2567,รถแทร็กเตอร์,CATERPILLAR,320D2GC,3
2567,รถแทร็กเตอร์,CATERPILLAR,320D2L,1
2567,รถแทร็กเตอร์,CATERPILLAR,320DL-E,1
2567,รถแทร็กเตอร์,CATERPILLAR,320E,6
2567,รถแทร็กเตอร์,CATERPILLAR,320E-2,4
2567,รถแทร็กเตอร์,CATERPILLAR,320GC,51
2567,รถแทร็กเตอร์,CATERPILLAR,320GX,13
2567,รถแทร็กเตอร์,CATERPILLAR,323GC,25
2567,รถแทร็กเตอร์,CATERPILLAR,323GX,19
2567,รถแทร็กเตอร์,CATERPILLAR,330GC,29
2567,รถแทร็กเตอร์,CATERPILLAR,336,4
2567,รถแทร็กเตอร์,CATERPILLAR,336D,2
2567,รถแทร็กเตอร์,CATERPILLAR,336D2,2
2567,รถแทร็กเตอร์,CATERPILLAR,336D2L,2
2567,รถแทร็กเตอร์,CATERPILLAR,336DL,1
2567,รถแทร็กเตอร์,CATERPILLAR,422E,1
2567,รถแทร็กเตอร์,CATERPILLAR,422F,1
2567,รถแทร็กเตอร์,CATERPILLAR,422F2,1
2567,รถแทร็กเตอร์,CATERPILLAR,426,42
2567,รถแทร็กเตอร์,CATERPILLAR,426F2,3
2567,รถแทร็กเตอร์,CATERPILLAR,825,1
2567,รถแทร็กเตอร์,CATERPILLAR,910G,2
2567,รถแทร็กเตอร์,CATERPILLAR,910H,1
2567,รถแทร็กเตอร์,CATERPILLAR,914K,1
2567,รถแทร็กเตอร์,CATERPILLAR,924G,2
2567,รถแทร็กเตอร์,CATERPILLAR,928F,1
2567,รถแทร็กเตอร์,CATERPILLAR,930K,1
2567,รถแทร็กเตอร์,CATERPILLAR,938K,1
2567,รถแทร็กเตอร์,CATERPILLAR,950GC,3
2567,รถแทร็กเตอร์,CATERPILLAR,950K,1
2567,รถแทร็กเตอร์,CATERPILLAR,950L,1
2567,รถแทร็กเตอร์,CATERPILLAR,966GC,1
2567,รถแทร็กเตอร์,CATERPILLAR,966H,4
2567,รถแทร็กเตอร์,CATERPILLAR,966K,1
2567,รถแทร็กเตอร์,CATERPILLAR,AP-655D,1
2567,รถแทร็กเตอร์,CATERPILLAR,AP600F,1
2567,รถแทร็กเตอร์,CATERPILLAR,AP655F,1
2567,รถแทร็กเตอร์,CATERPILLAR,D1,1
2567,รถแทร็กเตอร์,CATERPILLAR,D3C,1
2567,รถแทร็กเตอร์,CATERPILLAR,D4C,1
2567,รถแทร็กเตอร์,CATERPILLAR,D4H,1
2567,รถแทร็กเตอร์,CATERPILLAR,D5,2
2567,รถแทร็กเตอร์,CATERPILLAR,D5C,1
2567,รถแทร็กเตอร์,CATERPILLAR,D5H,2
2567,รถแทร็กเตอร์,CATERPILLAR,D5H LGP,1
2567,รถแทร็กเตอร์,CATERPILLAR,D5M,2
2567,รถแทร็กเตอร์,CATERPILLAR,D5N,3
2567,รถแทร็กเตอร์,CATERPILLAR,D6C,1
2567,รถแทร็กเตอร์,CATERPILLAR,D6H,2
2567,รถแทร็กเตอร์,CATERPILLAR,D6M,2
2567,รถแทร็กเตอร์,CATERPILLAR,D6M LGP,1
2567,รถแทร็กเตอร์,CATERPILLAR,D6N,2
2567,รถแทร็กเตอร์,CATERPILLAR,D6R,5
2567,รถแทร็กเตอร์,CATERPILLAR,D6R2 XL,2
2567,รถแทร็กเตอร์,CATERPILLAR,M315,3
2567,รถแทร็กเตอร์,CATERPILLAR,M317D2,1
2567,รถแทร็กเตอร์,CATERPILLAR,,4
2567,รถแทร็กเตอร์,CEDARAPIDS,CR351,1
2567,รถแทร็กเตอร์,CEDARAPIDS,CR361,1
2567,รถแทร็กเตอร์,CHAMP,CF-1052,2
2567,รถแทร็กเตอร์,CHAMP,CF-1052X,16
2567,รถแทร็กเตอร์,CHAMP,CX25-30,1
2567,รถแทร็กเตอร์,CHAMP,LG816,6
2567,รถแทร็กเตอร์,CHAMP,LG828,2
2567,รถแทร็กเตอร์,CHAMP,LG828X,5
2567,รถแทร็กเตอร์,CHAMP,LG836,4
2567,รถแทร็กเตอร์,CHAMP,LG836X,3
2567,รถแทร็กเตอร์,CHAMP,LG836XL,9
2567,รถแทร็กเตอร์,CHAMP,LG839X,1
2567,รถแทร็กเตอร์,CHAMP,LG839XL,6
2567,รถแทร็กเตอร์,CHAMP,MX-6055,1
2567,รถแทร็กเตอร์,CHAMP,MX-6255,4
2567,รถแทร็กเตอร์,CHAMP,SW936L,3
2567,รถแทร็กเตอร์,CHAMP,SW936S,2
2567,รถแทร็กเตอร์,CHAMP,SW942S,1
2567,รถแทร็กเตอร์,CHAMP,SW946L,1
2567,รถแทร็กเตอร์,CHAMP,YN917L,1
2567,รถแทร็กเตอร์,CHAMP,YN926,2
2567,รถแทร็กเตอร์,CHAMP,YN926L,3
2567,รถแทร็กเตอร์,CHAMP,YN928L,4
2567,รถแทร็กเตอร์,CHAMP,YN938,1
2567,รถแทร็กเตอร์,CHAMP,YN938L,1
2567,รถแทร็กเตอร์,CHAMP,YTO-400H,1
2567,รถแทร็กเตอร์,CHAMP,YTO-454,2
2567,รถแทร็กเตอร์,CHAMP,YTO-EF654,3
2567,รถแทร็กเตอร์,CHAMP,YTO-MF504,2
2567,รถแทร็กเตอร์,CHAMP,YTO-MF504X,40
2567,รถแทร็กเตอร์,CHAMP,YTO-NLX1054,6
2567,รถแทร็กเตอร์,CHAMP,YTO-NLX854,1
2567,รถแทร็กเตอร์,CHAMP,YTO-NLX904,3
2567,รถแทร็กเตอร์,CHAMP,YTO-NLX954,1
2567,รถแทร็กเตอร์,CHAMP,YTO-NMF554,6
2567,รถแทร็กเตอร์,CHAMP,YTO-X754,1
2567,รถแทร็กเตอร์,CHANGFA,4LZ-5C(CF865),1
2567,รถแทร็กเตอร์,CHANGFA,CFC404T,1
2567,รถแทร็กเตอร์,CHANGFA,CFC504T,1
2567,รถแทร็กเตอร์,CHANGLIN,937H,1
2567,รถแทร็กเตอร์,CHANGLIN,947H,1
2567,รถแทร็กเตอร์,CHENGGONG,CG956H,1
2567,รถแทร็กเตอร์,CHERNGKONG,920FN,1
2567,รถแทร็กเตอร์,CLAAS,ARION 640,1
2567,รถแทร็กเตอร์,CLAAS,ARION 640 CIS,1
2567,รถแทร็กเตอร์,CLAAS,CROPTIGER 30 TERRA TRAC,1
2567,รถแทร็กเตอร์,CLAAS,OPTIGER30TERRA TRAC,1
2567,รถแทร็กเตอร์,CLAAS,TALOS120,9
2567,รถแทร็กเตอร์,CLAAS,TALOS130,8
2567,รถแทร็กเตอร์,CUMMINS,TUM-160,1
2567,รถแทร็กเตอร์,DAEWOO,,1
2567,รถแทร็กเตอร์,DDRAGON,916N-L,1
2567,รถแทร็กเตอร์,DEVELON,DL320A-7M,1
2567,รถแทร็กเตอร์,DEVELON,DX140W,2
2567,รถแทร็กเตอร์,DEVELON,DX140WE,1
2567,รถแทร็กเตอร์,DEVELON,DX210WA,1
2567,รถแทร็กเตอร์,DEVELON,DX220A-2M,4
2567,รถแทร็กเตอร์,DOOSAN,DL300A,1
2567,รถแทร็กเตอร์,DOOSAN,DL320A-7M,1
2567,รถแทร็กเตอร์,DOOSAN,DL420A,1
2567,รถแทร็กเตอร์,DOOSAN,DX140LCA,2
2567,รถแทร็กเตอร์,DOOSAN,DX200A,18
2567,รถแทร็กเตอร์,DOOSAN,DX200A-7M,1
2567,รถแทร็กเตอร์,DOOSAN,DX220A-2,3
2567,รถแทร็กเตอร์,DOOSAN,DX225LCA,15
2567,รถแทร็กเตอร์,DOOSAN,DX300LCA,2
2567,รถแทร็กเตอร์,DOOSAN,DX300LCA-7M,1
2567,รถแทร็กเตอร์,DOOSAN,DX340LC,1
2567,รถแทร็กเตอร์,DOOSAN,DX340LCA-K,1
2567,รถแทร็กเตอร์,DOOSAN,DX360LCA-7M,1
2567,รถแทร็กเตอร์,DOOSAN,DX63-3,1
2567,รถแทร็กเตอร์,DOOSAN,SD310,1
2567,รถแทร็กเตอร์,DYNAPAC,F1800W,1
2567,รถแทร็กเตอร์,DYNAPAC,SD2500CS,4
2567,รถแทร็กเตอร์,DYNAPAC,SD2500WS,3
2567,รถแทร็กเตอร์,DYNAPAC,SD2500WS PAVER,1
2567,รถแทร็กเตอร์,ENSIGN,YX677HV,1
2567,รถแทร็กเตอร์,EPIROC,POWERROC T35,1
2567,รถแทร็กเตอร์,ETAN4U,PS-2000,1
2567,รถแทร็กเตอร์,EUROTRAC,454,1
2567,รถแทร็กเตอร์,EUROTRAC,60K,1
2567,รถแทร็กเตอร์,EUROTRAC,TB,2
2567,รถแทร็กเตอร์,EUROTRAC,,3
2567,รถแทร็กเตอร์,EVERUN,ER50,2
2567,รถแทร็กเตอร์,FARMER,F-8258R,1
2567,รถแทร็กเตอร์,FARMER,F47248R1,1
2567,รถแทร็กเตอร์,FARMER,F8258,8
2567,รถแทร็กเตอร์,FARMER,,1
2567,รถแทร็กเตอร์,FORD,3910,1
2567,รถแทร็กเตอร์,FORD,3930,4
2567,รถแทร็กเตอร์,FORD,4000,1
2567,รถแทร็กเตอร์,FORD,4130,1
2567,รถแทร็กเตอร์,FORD,4600,1
2567,รถแทร็กเตอร์,FORD,4630,2
2567,รถแทร็กเตอร์,FORD,4830,2
2567,รถแทร็กเตอร์,FORD,5000,109
2567,รถแทร็กเตอร์,FORD,5000 65HP,1
2567,รถแทร็กเตอร์,FORD,5000 75HP,1
2567,รถแทร็กเตอร์,FORD,5030,5
2567,รถแทร็กเตอร์,FORD,5110,2
2567,รถแทร็กเตอร์,FORD,5600,25
2567,รถแทร็กเตอร์,FORD,5610,26
2567,รถแทร็กเตอร์,FORD,5640,11
2567,รถแทร็กเตอร์,FORD,5900,1
2567,รถแทร็กเตอร์,FORD,6410,8
2567,รถแทร็กเตอร์,FORD,6410 4WD,2
2567,รถแทร็กเตอร์,FORD,6600,176
2567,รถแทร็กเตอร์,FORD,6610,162
2567,รถแทร็กเตอร์,FORD,6610 4wd,1
2567,รถแทร็กเตอร์,FORD,6610 4WD,8
2567,รถแทร็กเตอร์,FORD,6640,58
2567,รถแทร็กเตอร์,FORD,6640 4WD,4
2567,รถแทร็กเตอร์,FORD,67/7700,1
2567,รถแทร็กเตอร์,FORD,6700,11
2567,รถแทร็กเตอร์,FORD,6710,6
2567,รถแทร็กเตอร์,FORD,6810,8
2567,รถแทร็กเตอร์,FORD,6810(4WD),2
2567,รถแทร็กเตอร์,FORD,7000,2
2567,รถแทร็กเตอร์,FORD,7410,3
2567,รถแทร็กเตอร์,FORD,7600,38
2567,รถแทร็กเตอร์,FORD,7610,47
2567,รถแทร็กเตอร์,FORD,7610 4WD,4
2567,รถแทร็กเตอร์,FORD,7700,8
2567,รถแทร็กเตอร์,FORD,7700(4WD),1
2567,รถแทร็กเตอร์,FORD,7710,5
2567,รถแทร็กเตอร์,FORD,7740,41
2567,รถแทร็กเตอร์,FORD,7740 4WD,1
2567,รถแทร็กเตอร์,FORD,7740(4WD),3
2567,รถแทร็กเตอร์,FORD,7810,48
2567,รถแทร็กเตอร์,FORD,7810 4WD,5
2567,รถแทร็กเตอร์,FORD,7840,50
2567,รถแทร็กเตอร์,FORD,7840 4WD,1
2567,รถแทร็กเตอร์,FORD,7910,11
2567,รถแทร็กเตอร์,FORD,7910 4WD,1
2567,รถแทร็กเตอร์,FORD,8010,1
2567,รถแทร็กเตอร์,FORD,8100,3
2567,รถแทร็กเตอร์,FORD,8210,29
2567,รถแทร็กเตอร์,FORD,8210 4WD,6
2567,รถแทร็กเตอร์,FORD,8240,11
2567,รถแทร็กเตอร์,FORD,8340,4
2567,รถแทร็กเตอร์,FORD,8340 4WD,1
2567,รถแทร็กเตอร์,FORD,8530,1
2567,รถแทร็กเตอร์,FORD,BRAVO80 6610,1
2567,รถแทร็กเตอร์,FORD,F7811,1
2567,รถแทร็กเตอร์,FORD,NH6640,1
2567,รถแทร็กเตอร์,FORD,ROBO S,6
2567,รถแทร็กเตอร์,FORD,S115,1
2567,รถแทร็กเตอร์,FORD,T6080,1
2567,รถแทร็กเตอร์,FORD,T6600,1
2567,รถแทร็กเตอร์,FORD,TM155,1
2567,รถแทร็กเตอร์,FORD,TM190,1
2567,รถแทร็กเตอร์,FORD,TS100,1
2567,รถแทร็กเตอร์,FORD,TS115,1
2567,รถแทร็กเตอร์,FORD,TS90,1
2567,รถแทร็กเตอร์,FORD,TW10,1
2567,รถแทร็กเตอร์,FORD,TW25,1
2567,รถแทร็กเตอร์,FORD,,107
2567,รถแทร็กเตอร์,FORD-NEWHOLLAND,TS115,1
2567,รถแทร็กเตอร์,FORD-NEWHOLLAND,,1
2567,รถแทร็กเตอร์,FORD/6610,,1
2567,รถแทร็กเตอร์,FOTON,FL920-II,1
2567,รถแทร็กเตอร์,FURUKAWA,HCR12-DS,1
2567,รถแทร็กเตอร์,FURUKAWA,HCR9-DS,1
2567,รถแทร็กเตอร์,GLADIATOR,TUM-160,1
2567,รถแทร็กเตอร์,GOMACO,GP-2400,2
2567,รถแทร็กเตอร์,HIDROMEK,HMK102B,2
2567,รถแทร็กเตอร์,HIDROMEK,HMK102S,1
2567,รถแทร็กเตอร์,HIDROMEK,HMK140LC3,2
2567,รถแทร็กเตอร์,HIDROMEK,HMK140W3,1
2567,รถแทร็กเตอร์,HIDROMEK,HMK230LC3,3
2567,รถแทร็กเตอร์,HIDROMEK,HMK390LC3,1
2567,รถแทร็กเตอร์,HIDROMEK,MG.330,2
2567,รถแทร็กเตอร์,HIDROMEK,MG.460,8
2567,รถแทร็กเตอร์,HITACHI,EX120-2,1
2567,รถแทร็กเตอร์,HITACHI,EX300LC-3C,1
2567,รถแทร็กเตอร์,HITACHI,KH125-3,2
2567,รถแทร็กเตอร์,HITACHI,KH125-3D,1
2567,รถแทร็กเตอร์,HITACHI,KH125-3ED,2
2567,รถแทร็กเตอร์,HITACHI,LX130-7,1
2567,รถแทร็กเตอร์,HITACHI,LX150-2,1
2567,รถแทร็กเตอร์,HITACHI,LX70-7,1
2567,รถแทร็กเตอร์,HITACHI,LX80-7,1
2567,รถแทร็กเตอร์,HITACHI,ZW100-6,1
2567,รถแทร็กเตอร์,HITACHI,ZW120,1
2567,รถแทร็กเตอร์,HITACHI,ZW140,2
2567,รถแทร็กเตอร์,HITACHI,ZW150,1
2567,รถแทร็กเตอร์,HITACHI,ZW150-5B,1
2567,รถแทร็กเตอร์,HITACHI,ZW180,3
2567,รถแทร็กเตอร์,HITACHI,ZW180-5A,1
2567,รถแทร็กเตอร์,HITACHI,ZW180-5B,1
2567,รถแทร็กเตอร์,HITACHI,ZW180-6,1
2567,รถแทร็กเตอร์,HITACHI,ZW220-5A,4
2567,รถแทร็กเตอร์,HITACHI,ZW220-5B,1
2567,รถแทร็กเตอร์,HITACHI,ZW250,1
2567,รถแทร็กเตอร์,HITACHI,ZW250-5B,2
2567,รถแทร็กเตอร์,HITACHI,ZW310-5A,2
2567,รถแทร็กเตอร์,HITACHI,ZW310-5B,1
2567,รถแทร็กเตอร์,HITACHI,ZX110-3,1
2567,รถแทร็กเตอร์,HITACHI,ZX120,2
2567,รถแทร็กเตอร์,HITACHI,ZX120-3,53
2567,รถแทร็กเตอร์,HITACHI,ZX120-5B,10
2567,รถแทร็กเตอร์,HITACHI,ZX120-6,1
2567,รถแทร็กเตอร์,HITACHI,ZX130-5G,34
2567,รถแทร็กเตอร์,HITACHI,ZX130K-3,3
2567,รถแทร็กเตอร์,HITACHI,ZX135US,3
2567,รถแทร็กเตอร์,HITACHI,ZX135US-3,6
2567,รถแทร็กเตอร์,HITACHI,ZX135US-5B,3
2567,รถแทร็กเตอร์,HITACHI,ZX140W-3,1
2567,รถแทร็กเตอร์,HITACHI,ZX140W-5B,1
2567,รถแทร็กเตอร์,HITACHI,ZX170W-5A,1
2567,รถแทร็กเตอร์,HITACHI,ZX200,3
2567,รถแทร็กเตอร์,HITACHI,ZX200-5G,66
2567,รถแทร็กเตอร์,HITACHI,ZX200LC-5B,1
2567,รถแทร็กเตอร์,HITACHI,ZX210-6G,22
2567,รถแทร็กเตอร์,HITACHI,ZX210LC-5G,15
2567,รถแทร็กเตอร์,HITACHI,ZX210LCH-5G,2
2567,รถแทร็กเตอร์,HITACHI,ZX210W-3,1
2567,รถแทร็กเตอร์,HITACHI,ZX225USR,1
2567,รถแทร็กเตอร์,HITACHI,ZX230LC,1
2567,รถแทร็กเตอร์,HITACHI,ZX240LC-3,1
2567,รถแทร็กเตอร์,HITACHI,ZX240LC-5G,2
2567,รถแทร็กเตอร์,HITACHI,ZX33U-5A,16
2567,รถแทร็กเตอร์,HITACHI,ZX350H-5G,8
2567,รถแทร็กเตอร์,HITACHI,ZX350H-7G,1
2567,รถแทร็กเตอร์,HITACHI,ZX350LCK,1
2567,รถแทร็กเตอร์,HITACHI,ZX350LCN,1
2567,รถแทร็กเตอร์,HITACHI,ZX38U-5A,1
2567,รถแทร็กเตอร์,HITACHI,ZX450H,1
2567,รถแทร็กเตอร์,HITACHI,ZX470LCH-5G,2
2567,รถแทร็กเตอร์,HITACHI,ZX48U-5A,4
2567,รถแทร็กเตอร์,HITACHI,ZX55U-5A,12
2567,รถแทร็กเตอร์,HITACHI,ZX55UR-HHE,2
2567,รถแทร็กเตอร์,HITACHI,ZX70-3,4
2567,รถแทร็กเตอร์,HITACHI,ZX70-5A,2
2567,รถแทร็กเตอร์,HITACHI,ZX70-5G,8
2567,รถแทร็กเตอร์,HITACHI,ZX75US-3,3
2567,รถแทร็กเตอร์,HITACHI,ZX75US-5,1
2567,รถแทร็กเตอร์,HOWE TECH,CHR21QEVF,7
2567,รถแทร็กเตอร์,HOWE TECH,CHR21SEV,4
2567,รถแทร็กเตอร์,HUAYEE,KS18-KB,1
2567,รถแทร็กเตอร์,HUAYEE,KS18-LP,1
2567,รถแทร็กเตอร์,HYUNDAI,HG170,1
2567,รถแทร็กเตอร์,HYUNDAI,HL635V,1
2567,รถแทร็กเตอร์,HYUNDAI,HL757-9S,1
2567,รถแทร็กเตอร์,HYUNDAI,HX210HD,8
2567,รถแทร็กเตอร์,HYUNDAI,HX210S,4
2567,รถแทร็กเตอร์,HYUNDAI,HX220HD,1
2567,รถแทร็กเตอร์,HYUNDAI,HX220S,2
2567,รถแทร็กเตอร์,HYUNDAI,HX225S,1
2567,รถแทร็กเตอร์,HYUNDAI,HX60S,1
2567,รถแทร็กเตอร์,HYUNDAI,HX75S,1
2567,รถแทร็กเตอร์,HYUNDAI,R140W-9,1
2567,รถแทร็กเตอร์,HYUNDAI,R140W-9S,4
2567,รถแทร็กเตอร์,HYUNDAI,R55-7,1
2567,รถแทร็กเตอร์,HYUNDAI,R60-7,1
2567,รถแทร็กเตอร์,HYUNDAI,R60WVSPRO,9
2567,รถแทร็กเตอร์,HYUNDAI,ROBEX140W-9S,3
2567,รถแทร็กเตอร์,HYUNDAI,ROBEX220-9S,1
2567,รถแทร็กเตอร์,HYUNDAI,ROBEX480LC-9S,1
2567,รถแทร็กเตอร์,HYUNDAI,,1
2567,รถแทร็กเตอร์,IETL,TAE35,3
2567,รถแทร็กเตอร์,IHI,CCH700,1
2567,รถแทร็กเตอร์,IMT,AF180C,1
2567,รถแทร็กเตอร์,ISEKI,527,1
2567,รถแทร็กเตอร์,ISEKI,AT5390FE11(TYAT5390F1E),2
2567,รถแทร็กเตอร์,ISEKI,HC80PGBHWE1T,8
2567,รถแทร็กเตอร์,ISEKI,NT540,2
2567,รถแทร็กเตอร์,ISEKI,NT542FSRE1T,51
2567,รถแทร็กเตอร์,ISEKI,NT548FSTE19,1
2567,รถแทร็กเตอร์,ISEKI,NT554FSRE1T,52
2567,รถแทร็กเตอร์,ISEKI,NTZ227FRE11T,44
2567,รถแทร็กเตอร์,ISEKI,T97PWCE1T,1
2567,รถแทร็กเตอร์,ISEKI,T97PWRE1T,2
2567,รถแทร็กเตอร์,JCB,2DX,4
2567,รถแทร็กเตอร์,JCB,35Z-1,3
2567,รถแทร็กเตอร์,JCB,3CX PLUS,16
2567,รถแทร็กเตอร์,JCB,3DX,1
2567,รถแทร็กเตอร์,JCB,3DX PLUS,23
2567,รถแทร็กเตอร์,JCB,3DX PRO,14
2567,รถแทร็กเตอร์,JCB,432ZX,1
2567,รถแทร็กเตอร์,JCB,4CX,2
2567,รถแทร็กเตอร์,JCB,51R-1,5
2567,รถแทร็กเตอร์,JCB,530-110,6
2567,รถแทร็กเตอร์,JCB,530-70,2
2567,รถแทร็กเตอร์,JCB,540-70,2
2567,รถแทร็กเตอร์,JCB,541-70,1
2567,รถแทร็กเตอร์,JCB,JS200W,1
2567,รถแทร็กเตอร์,JCB,JS215LC NXT,11
2567,รถแทร็กเตอร์,JCB,JS305LC,1
2567,รถแทร็กเตอร์,JCB,JS81,1
2567,รถแทร็กเตอร์,JCB,,2
2567,รถแทร็กเตอร์,JINGONG,JGM737K,2
2567,รถแทร็กเตอร์,JINGONG,JGM738K,1
2567,รถแทร็กเตอร์,JINGONG,JGM9085LNZ-9G,37
2567,รถแทร็กเตอร์,JINMA,,2
2567,รถแทร็กเตอร์,JOHN DEERE,3028EN,19
2567,รถแทร็กเตอร์,JOHN DEERE,3036E,13
2567,รถแทร็กเตอร์,JOHN DEERE,315SL,1
2567,รถแทร็กเตอร์,JOHN DEERE,3510,1
2567,รถแทร็กเตอร์,JOHN DEERE,3520,1
2567,รถแทร็กเตอร์,JOHN DEERE,5040D,134
2567,รถแทร็กเตอร์,JOHN DEERE,5045D,14
2567,รถแทร็กเตอร์,JOHN DEERE,5050D,34
2567,รถแทร็กเตอร์,JOHN DEERE,5050E,99
2567,รถแทร็กเตอร์,JOHN DEERE,5055E,31
2567,รถแทร็กเตอร์,JOHN DEERE,5065E,5
2567,รถแทร็กเตอร์,JOHN DEERE,5075E,21
2567,รถแทร็กเตอร์,JOHN DEERE,5076E,4
2567,รถแทร็กเตอร์,JOHN DEERE,5082E,6
2567,รถแทร็กเตอร์,JOHN DEERE,5090E,5
2567,รถแทร็กเตอร์,JOHN DEERE,5310,4
2567,รถแทร็กเตอร์,JOHN DEERE,5310J,2
2567,รถแทร็กเตอร์,JOHN DEERE,5415,2
2567,รถแทร็กเตอร์,JOHN DEERE,5610,3
2567,รถแทร็กเตอร์,JOHN DEERE,5610J_93,1
2567,รถแทร็กเตอร์,JOHN DEERE,5715,2
2567,รถแทร็กเตอร์,JOHN DEERE,6095B OOS,1
2567,รถแทร็กเตอร์,JOHN DEERE,6100B,1
2567,รถแทร็กเตอร์,JOHN DEERE,6110M,1
2567,รถแทร็กเตอร์,JOHN DEERE,6850,1
2567,รถแทร็กเตอร์,JOHN DEERE,CH3520,1
2567,รถแทร็กเตอร์,JOHN DEERE,CH570,12
2567,รถแทร็กเตอร์,JOHN DEERE,E210,3
2567,รถแทร็กเตอร์,JOHN DEERE,R40,1
2567,รถแทร็กเตอร์,JOHN DEERE,,2
2567,รถแทร็กเตอร์,KATO,HD820-R5,1
2567,รถแทร็กเตอร์,KAWASAKI,85ZV-2,1
2567,รถแทร็กเตอร์,KIOTI,CK22,1
2567,รถแทร็กเตอร์,KIOTI,CK2810,1
2567,รถแทร็กเตอร์,KIOTI,DS4110,6
2567,รถแทร็กเตอร์,KIOTI,EX50,3
2567,รถแทร็กเตอร์,KIOTI,PX9020,1
2567,รถแทร็กเตอร์,KIOTI,PX9020-TH,1
2567,รถแทร็กเตอร์,KIOTI,RX6030C,1
2567,รถแทร็กเตอร์,KOBELCO,SK-200,1
2567,รถแทร็กเตอร์,KOBELCO,SK042,1
2567,รถแทร็กเตอร์,KOBELCO,SK100,1
2567,รถแทร็กเตอร์,KOBELCO,SK100-3,1
2567,รถแทร็กเตอร์,KOBELCO,SK100W-2,1
2567,รถแทร็กเตอร์,KOBELCO,SK120,3
2567,รถแทร็กเตอร์,KOBELCO,SK120-1,1
2567,รถแทร็กเตอร์,KOBELCO,SK120-2,4
2567,รถแทร็กเตอร์,KOBELCO,SK120-3,7
2567,รถแทร็กเตอร์,KOBELCO,SK125SR,27
2567,รถแทร็กเตอร์,KOBELCO,SK125SR-2,1
2567,รถแทร็กเตอร์,KOBELCO,SK125SR-3,22
2567,รถแทร็กเตอร์,KOBELCO,SK130-10,5
2567,รถแทร็กเตอร์,KOBELCO,SK130-8,9
2567,รถแทร็กเตอร์,KOBELCO,SK135SR-1E,3
2567,รถแทร็กเตอร์,KOBELCO,SK135SR-1ES,5
2567,รถแทร็กเตอร์,KOBELCO,SK135SR-2,42
2567,รถแทร็กเตอร์,KOBELCO,SK135SR-3,30
2567,รถแทร็กเตอร์,KOBELCO,SK135SR-3F,1
2567,รถแทร็กเตอร์,KOBELCO,SK135SRD-2,1
2567,รถแทร็กเตอร์,KOBELCO,SK135SRD-2T,1
2567,รถแทร็กเตอร์,KOBELCO,SK135SRD-3,1
2567,รถแทร็กเตอร์,KOBELCO,SK135SRD-5,1
2567,รถแทร็กเตอร์,KOBELCO,SK135SRLC-2,2
2567,รถแทร็กเตอร์,KOBELCO,SK140LC-11,42
2567,รถแทร็กเตอร์,KOBELCO,SK140LC-8,18
2567,รถแทร็กเตอร์,KOBELCO,SK140LC-8 SUPER X,4
2567,รถแทร็กเตอร์,KOBELCO,SK140LC-8 SUPER XM,91
2567,รถแทร็กเตอร์,KOBELCO,SK200,9
2567,รถแทร็กเตอร์,KOBELCO,SK200-10,125
2567,รถแทร็กเตอร์,KOBELCO,SK200-10 SM,83
2567,รถแทร็กเตอร์,KOBELCO,SK200-3,1
2567,รถแทร็กเตอร์,KOBELCO,SK200-6,1
2567,รถแทร็กเตอร์,KOBELCO,SK200-6E,1
2567,รถแทร็กเตอร์,KOBELCO,SK200-6ES,1
2567,รถแทร็กเตอร์,KOBELCO,SK200-8,26
2567,รถแทร็กเตอร์,KOBELCO,SK200-8 SUPER,5
2567,รถแทร็กเตอร์,KOBELCO,SK200-8 SUPER X,16
2567,รถแทร็กเตอร์,KOBELCO,SK200-8 SUPER XM,25
2567,รถแทร็กเตอร์,KOBELCO,SK200-9,8
2567,รถแทร็กเตอร์,KOBELCO,SK200LC,2
2567,รถแทร็กเตอร์,KOBELCO,SK200LC-6,1
2567,รถแทร็กเตอร์,KOBELCO,SK200LC-6E,1
2567,รถแทร็กเตอร์,KOBELCO,SK210-8,1
2567,รถแทร็กเตอร์,KOBELCO,SK210D-8,1
2567,รถแทร็กเตอร์,KOBELCO,SK210DLC-8,1
2567,รถแทร็กเตอร์,KOBELCO,SK210LC,1
2567,รถแทร็กเตอร์,KOBELCO,SK210LC-10,13
2567,รถแทร็กเตอร์,KOBELCO,SK210LC-8,5
2567,รถแทร็กเตอร์,KOBELCO,SK210LC-9,4
2567,รถแทร็กเตอร์,KOBELCO,SK220,1
2567,รถแทร็กเตอร์,KOBELCO,SK235SRD-3,1
2567,รถแทร็กเตอร์,KOBELCO,SK260DLC-8,1
2567,รถแทร็กเตอร์,KOBELCO,SK260LC-10,5
2567,รถแทร็กเตอร์,KOBELCO,SK30SR,1
2567,รถแทร็กเตอร์,KOBELCO,SK35SR-6,19
2567,รถแทร็กเตอร์,KOBELCO,SK380XDLC-10,6
2567,รถแทร็กเตอร์,KOBELCO,SK40SR-3,1
2567,รถแทร็กเตอร์,KOBELCO,SK45SR,2
2567,รถแทร็กเตอร์,KOBELCO,SK45SR-6,17
2567,รถแทร็กเตอร์,KOBELCO,SK50P-6,9
2567,รถแทร็กเตอร์,KOBELCO,SK60-10,12
2567,รถแทร็กเตอร์,KOBELCO,SK60-3,1
2567,รถแทร็กเตอร์,KOBELCO,SK60-8,15
2567,รถแทร็กเตอร์,KOBELCO,SK60SR,1
2567,รถแทร็กเตอร์,KOBELCO,SK70SR-1ES,1
2567,รถแทร็กเตอร์,KOBELCO,SK70SR-2,5
2567,รถแทร็กเตอร์,KOBELCO,SK75-11,6
2567,รถแทร็กเตอร์,KOBELCO,SK75-8,34
2567,รถแทร็กเตอร์,KOBELCO,SK75SR-3,6
2567,รถแทร็กเตอร์,KOBELCO,SK75SR-3E,3
2567,รถแทร็กเตอร์,KOBELCO,SK75UR-3,1
2567,รถแทร็กเตอร์,KOBELCO,SK75UR-3ES,1
2567,รถแทร็กเตอร์,KOBELCO,,6
2567,รถแทร็กเตอร์,KOMATSU,510,2
2567,รถแทร็กเตอร์,KOMATSU,515,2
2567,รถแทร็กเตอร์,KOMATSU,515-2,2
2567,รถแทร็กเตอร์,KOMATSU,D20P-6,1
2567,รถแทร็กเตอร์,KOMATSU,D20P-7,1
2567,รถแทร็กเตอร์,KOMATSU,D21P-8E0,1
2567,รถแทร็กเตอร์,KOMATSU,D39PX-22,2
2567,รถแทร็กเตอร์,KOMATSU,D39PX-23,1
2567,รถแทร็กเตอร์,KOMATSU,GD405A-2,1
2567,รถแทร็กเตอร์,KOMATSU,GD405A-3,1
2567,รถแทร็กเตอร์,KOMATSU,GD655-5,5
2567,รถแทร็กเตอร์,KOMATSU,GH320-2,1
2567,รถแทร็กเตอร์,KOMATSU,HB205-2,2
2567,รถแทร็กเตอร์,KOMATSU,LZ360W-1,1
2567,รถแทร็กเตอร์,KOMATSU,PC110-7,1
2567,รถแทร็กเตอร์,KOMATSU,PC120-11,3
2567,รถแทร็กเตอร์,KOMATSU,PC120-6,2
2567,รถแทร็กเตอร์,KOMATSU,PC120-6E,4
2567,รถแทร็กเตอร์,KOMATSU,PC120-6E0,2
2567,รถแทร็กเตอร์,KOMATSU,PC120-6Z,1
2567,รถแทร็กเตอร์,KOMATSU,PC120-8,35
2567,รถแทร็กเตอร์,KOMATSU,PC128US-10,3
2567,รถแทร็กเตอร์,KOMATSU,PC128US-2,1
2567,รถแทร็กเตอร์,KOMATSU,PC128US-8,10
2567,รถแทร็กเตอร์,KOMATSU,PC130-10M0,16
2567,รถแทร็กเตอร์,KOMATSU,PC130-7,9
2567,รถแทร็กเตอร์,KOMATSU,PC130-7K,1
2567,รถแทร็กเตอร์,KOMATSU,PC130-8,58
2567,รถแทร็กเตอร์,KOMATSU,PC130-8(SLF),1
2567,รถแทร็กเตอร์,KOMATSU,PC138US-10,3
2567,รถแทร็กเตอร์,KOMATSU,PC138US-2E0,1
2567,รถแทร็กเตอร์,KOMATSU,PC138US-2E1,1
2567,รถแทร็กเตอร์,KOMATSU,PC138US-8,5
2567,รถแทร็กเตอร์,KOMATSU,PC160LC-8,3
2567,รถแทร็กเตอร์,KOMATSU,PC20-7E,1
2567,รถแทร็กเตอร์,KOMATSU,PC200-10,2
2567,รถแทร็กเตอร์,KOMATSU,PC200-10M0,33
2567,รถแทร็กเตอร์,KOMATSU,PC200-11,4
2567,รถแทร็กเตอร์,KOMATSU,PC200-7,9
2567,รถแทร็กเตอร์,KOMATSU,PC200-7A,5
2567,รถแทร็กเตอร์,KOMATSU,PC200-8,8
2567,รถแทร็กเตอร์,KOMATSU,PC200-8(SLF),1
2567,รถแทร็กเตอร์,KOMATSU,PC200-8A,1
2567,รถแทร็กเตอร์,KOMATSU,PC200-8M0,69
2567,รถแทร็กเตอร์,KOMATSU,PC200-8N1,12
2567,รถแทร็กเตอร์,KOMATSU,PC200I-10,1
2567,รถแทร็กเตอร์,KOMATSU,PC200LC-8,1
2567,รถแทร็กเตอร์,KOMATSU,PC200LC-8M0,2
2567,รถแทร็กเตอร์,KOMATSU,PC200LC-8M0(SLF),4
2567,รถแทร็กเตอร์,KOMATSU,PC210-10M0,123
2567,รถแทร็กเตอร์,KOMATSU,PC210LC-10M0,8
2567,รถแทร็กเตอร์,KOMATSU,PC30-3,1
2567,รถแทร็กเตอร์,KOMATSU,PC30-6,1
2567,รถแทร็กเตอร์,KOMATSU,PC30MR-2,1
2567,รถแทร็กเตอร์,KOMATSU,PC30MR-3,39
2567,รถแทร็กเตอร์,KOMATSU,PC30MR-3N1,1
2567,รถแทร็กเตอร์,KOMATSU,PC30MR-5,1
2567,รถแทร็กเตอร์,KOMATSU,PC350-8M0,3
2567,รถแทร็กเตอร์,KOMATSU,PC350-8M2,4
2567,รถแทร็กเตอร์,KOMATSU,PC35R-8,1
2567,รถแทร็กเตอร์,KOMATSU,PC38UUM-2,1
2567,รถแทร็กเตอร์,KOMATSU,PC40-7,1
2567,รถแทร็กเตอร์,KOMATSU,PC40MR-2,1
2567,รถแทร็กเตอร์,KOMATSU,PC40R-8,1
2567,รถแทร็กเตอร์,KOMATSU,PC450LC-6,1
2567,รถแทร็กเตอร์,KOMATSU,PC45MR-3,22
2567,รถแทร็กเตอร์,KOMATSU,PC500LC-10R,1
2567,รถแทร็กเตอร์,KOMATSU,PC50MR-2,2
2567,รถแทร็กเตอร์,KOMATSU,PC55MR-3,1
2567,รถแทร็กเตอร์,KOMATSU,PC56-7,7
2567,รถแทร็กเตอร์,KOMATSU,PC58-8,16
2567,รถแทร็กเตอร์,KOMATSU,PC60-5,1
2567,รถแทร็กเตอร์,KOMATSU,PC60-7,7
2567,รถแทร็กเตอร์,KOMATSU,PC60-7E,1
2567,รถแทร็กเตอร์,KOMATSU,PC60-8,3
2567,รถแทร็กเตอร์,KOMATSU,PC70-8,66
2567,รถแทร็กเตอร์,KOMATSU,PC78US-8,4
2567,รถแทร็กเตอร์,KOMATSU,PW100-3,1
2567,รถแทร็กเตอร์,KOMATSU,PW130ES-6K,1
2567,รถแทร็กเตอร์,KOMATSU,PW160-7E0,1
2567,รถแทร็กเตอร์,KOMATSU,WA100-1,2
2567,รถแทร็กเตอร์,KOMATSU,WA100-5,3
2567,รถแทร็กเตอร์,KOMATSU,WA100-6,3
2567,รถแทร็กเตอร์,KOMATSU,WA100-7,3
2567,รถแทร็กเตอร์,KOMATSU,WA100-8,1
2567,รถแทร็กเตอร์,KOMATSU,WA150-1,1
2567,รถแทร็กเตอร์,KOMATSU,WA150-5,2
2567,รถแทร็กเตอร์,KOMATSU,WA150-6,2
2567,รถแทร็กเตอร์,KOMATSU,WA200-1,3
2567,รถแทร็กเตอร์,KOMATSU,WA200-5,7
2567,รถแทร็กเตอร์,KOMATSU,WA200-5Y,1
2567,รถแทร็กเตอร์,KOMATSU,WA200-6,14
2567,รถแทร็กเตอร์,KOMATSU,WA200-7,6
2567,รถแทร็กเตอร์,KOMATSU,WA200-8,2
2567,รถแทร็กเตอร์,KOMATSU,WA270-5,4
2567,รถแทร็กเตอร์,KOMATSU,WA270-6,2
2567,รถแทร็กเตอร์,KOMATSU,WA270-7,2
2567,รถแทร็กเตอร์,KOMATSU,WA300-1,2
2567,รถแทร็กเตอร์,KOMATSU,WA300-3,1
2567,รถแทร็กเตอร์,KOMATSU,WA300-3E,2
2567,รถแทร็กเตอร์,KOMATSU,WA320-3,1
2567,รถแทร็กเตอร์,KOMATSU,WA320-5,5
2567,รถแทร็กเตอร์,KOMATSU,WA320-6,7
2567,รถแทร็กเตอร์,KOMATSU,WA320-7,4
2567,รถแทร็กเตอร์,KOMATSU,WA320-8,1
2567,รถแทร็กเตอร์,KOMATSU,WA380-3,4
2567,รถแทร็กเตอร์,KOMATSU,WA380-3A,1
2567,รถแทร็กเตอร์,KOMATSU,WA380-6,6
2567,รถแทร็กเตอร์,KOMATSU,WA380-7,9
2567,รถแทร็กเตอร์,KOMATSU,WA380Z-6,2
2567,รถแทร็กเตอร์,KOMATSU,WA400-3,1
2567,รถแทร็กเตอร์,KOMATSU,WA400-3E,1
2567,รถแทร็กเตอร์,KOMATSU,WA430-6,2
2567,รถแทร็กเตอร์,KOMATSU,WA470-5,2
2567,รถแทร็กเตอร์,KOMATSU,WA470-6,1
2567,รถแทร็กเตอร์,KOMATSU,WA470-6R,4
2567,รถแทร็กเตอร์,KOMATSU,WA470-7,1
2567,รถแทร็กเตอร์,KOMATSU,WA500-8,2
2567,รถแทร็กเตอร์,KOMATSU,WA80-3,1
2567,รถแทร็กเตอร์,KOMATSU,WF450T-1,1
2567,รถแทร็กเตอร์,KOMATSU,,4
2567,รถแทร็กเตอร์,KOMATSU/PC45-1,,1
2567,รถแทร็กเตอร์,KOMATSU/PC45-1E,,1
2567,รถแทร็กเตอร์,KOMATSU/PC45MR-1,PC45MR-1,1
2567,รถแทร็กเตอร์,KOMATSU/PC50UU-2E,PC50UU-2E,1
2567,รถแทร็กเตอร์,KUBOTA,91-3C TH H NBK,1
2567,รถแทร็กเตอร์,KUBOTA,B2140SD (6C617-11100),274
2567,รถแทร็กเตอร์,KUBOTA,B2140SD (6C617-11110),614
2567,รถแทร็กเตอร์,KUBOTA,B2401DWO-USA,115
2567,รถแทร็กเตอร์,KUBOTA,B2420D-THA,1
2567,รถแทร็กเตอร์,KUBOTA,B2440SD (6C627-11000),2061
2567,รถแทร็กเตอร์,KUBOTA,B2740SD (6C637-12000),1765
2567,รถแทร็กเตอร์,KUBOTA,CB-105X (5T124-90000),26
2567,รถแทร็กเตอร์,KUBOTA,CB-108X-TH (5T286-90000),99
2567,รถแทร็กเตอร์,KUBOTA,CB-70G (5T078-91000),2
2567,รถแทร็กเตอร์,KUBOTA,CB-93G-TH-K (5T127-90001),52
2567,รถแทร็กเตอร์,KUBOTA,CB70G-1TH (5T277-80000),307
2567,รถแทร็กเตอร์,KUBOTA,CB70G-1TH-K (5T277-80014),1
2567,รถแทร็กเตอร์,KUBOTA,DC-105X,6
2567,รถแทร็กเตอร์,KUBOTA,DC-105X(5T124-00000),19
2567,รถแทร็กเตอร์,KUBOTA,DC-108X-TH (5T286-00000),360
2567,รถแทร็กเตอร์,KUBOTA,DC-108X-THK (5T286-00001),2
2567,รถแทร็กเตอร์,KUBOTA,DC-35-TH,7
2567,รถแทร็กเตอร์,KUBOTA,DC-70 (5T079-10000),2
2567,รถแทร็กเตอร์,KUBOTA,DC-70(5T078-10000),3
2567,รถแทร็กเตอร์,KUBOTA,DC-70G,3
2567,รถแทร็กเตอร์,KUBOTA,DC-93G-MM,6
2567,รถแทร็กเตอร์,KUBOTA,DC-93G-TH-K (5T127-00001),146
2567,รถแทร็กเตอร์,KUBOTA,DC-93H-TH-K (5T131-00001),12
2567,รถแทร็กเตอร์,KUBOTA,DC-95GM,1
2567,รถแทร็กเตอร์,KUBOTA,DC70G-1TH (5T277-10000),1394
2567,รถแทร็กเตอร์,KUBOTA,DC70H-1TH (5T276-10000),66
2567,รถแทร็กเตอร์,KUBOTA,GL53,1
2567,รถแทร็กเตอร์,KUBOTA,K-120-3,1
2567,รถแทร็กเตอร์,KUBOTA,KX033-4,415
2567,รถแทร็กเตอร์,KUBOTA,KX033-4 AC,1196
2567,รถแทร็กเตอร์,KUBOTA,KX080-3S,23
2567,รถแทร็กเตอร์,KUBOTA,KX155-3SZ,4
2567,รถแทร็กเตอร์,KUBOTA,KX155-5,2
2567,รถแทร็กเตอร์,KUBOTA,KX161-3SZ,4
2567,รถแทร็กเตอร์,KUBOTA,KX165-5,2
2567,รถแทร็กเตอร์,KUBOTA,KX91-3S2,1
2567,รถแทร็กเตอร์,KUBOTA,KX91-3SX,3
2567,รถแทร็กเตอร์,KUBOTA,KX91-3SX AC,3
2567,รถแทร็กเตอร์,KUBOTA,L2808F,1
2567,รถแทร็กเตอร์,KUBOTA,L3218DT (TC812-15100),1
2567,รถแทร็กเตอร์,KUBOTA,L3218SP (TC872-15100),343
2567,รถแทร็กเตอร์,KUBOTA,L3218SP-F (TC872-16100),726
2567,รถแทร็กเตอร์,KUBOTA,L3228 (TC912-15100),7
2567,รถแทร็กเตอร์,KUBOTA,L3228-F (TC912-19100),28
2567,รถแทร็กเตอร์,KUBOTA,L3408DT,5
2567,รถแทร็กเตอร์,KUBOTA,L3608DT,3
2567,รถแทร็กเตอร์,KUBOTA,L3608SP,1
2567,รถแทร็กเตอร์,KUBOTA,L3608SP(TC522-15100),3
2567,รถแทร็กเตอร์,KUBOTA,L4018DT VARI.TIRE,2
2567,รถแทร็กเตอร์,KUBOTA,L4018DT(TC822-15100),3
2567,รถแทร็กเตอร์,KUBOTA,L4018DT(TC822-15500),1
2567,รถแทร็กเตอร์,KUBOTA,L4018SP (TC882-15100),2393
2567,รถแทร็กเตอร์,KUBOTA,L4018SP-F (TC882-16100),4793
2567,รถแทร็กเตอร์,KUBOTA,L4018SP-MF (TC882-16200),16
2567,รถแทร็กเตอร์,KUBOTA,L4018SP-VF (TC882-16500),236
2567,รถแทร็กเตอร์,KUBOTA,L4018SP-VT (TC882-15500),169
2567,รถแทร็กเตอร์,KUBOTA,L4028 (TC922-15100),23
2567,รถแทร็กเตอร์,KUBOTA,L4028-F (TC922-19100),142
2567,รถแทร็กเตอร์,KUBOTA,L4028-VF (TC922-19500),8
2567,รถแทร็กเตอร์,KUBOTA,L4508DI,1
2567,รถแทร็กเตอร์,KUBOTA,L4508DT,2
2567,รถแทร็กเตอร์,KUBOTA,L4708DT,2
2567,รถแทร็กเตอร์,KUBOTA,L5018DT,1
2567,รถแทร็กเตอร์,KUBOTA,L5018DT (TC832-15100),2
2567,รถแทร็กเตอร์,KUBOTA,L5018DT (TC832-15500),1
2567,รถแทร็กเตอร์,KUBOTA,L5018DT(TC832-15100),1
2567,รถแทร็กเตอร์,KUBOTA,L5018DT(TC832-15500),1
2567,รถแทร็กเตอร์,KUBOTA,L5018SP (TC892-15100),1803
2567,รถแทร็กเตอร์,KUBOTA,L5018SP-C (TC892-55100),22
2567,รถแทร็กเตอร์,KUBOTA,L5018SP-CF (TC892-56100),590
2567,รถแทร็กเตอร์,KUBOTA,L5018SP-CV (TC892-55500),1
2567,รถแทร็กเตอร์,KUBOTA,L5018SP-CVF (TC892-56500),17
2567,รถแทร็กเตอร์,KUBOTA,L5018SP-F (TC892-16100),10068
2567,รถแทร็กเตอร์,KUBOTA,L5018SP-M (TC892-15200),2
2567,รถแทร็กเตอร์,KUBOTA,L5018SP-MF (TC892-16200),8
2567,รถแทร็กเตอร์,KUBOTA,L5018SP-SF (TC892-16103),125
2567,รถแทร็กเตอร์,KUBOTA,L5018SP-SG (TC892-15103),52
2567,รถแทร็กเตอร์,KUBOTA,L5018SP-VF (TC892-16500),894
2567,รถแทร็กเตอร์,KUBOTA,L5018SP-VSF (TC892-16503),76
2567,รถแทร็กเตอร์,KUBOTA,L5018SP-VT (TC892-15500),218
2567,รถแทร็กเตอร์,KUBOTA,L5018SPVTSG (TC892-15503),15
2567,รถแทร็กเตอร์,KUBOTA,M108S,336
2567,รถแทร็กเตอร์,KUBOTA,M135X,36
2567,รถแทร็กเตอร์,KUBOTA,M5000DT,1
2567,รถแทร็กเตอร์,KUBOTA,M5000SUD,5
2567,รถแทร็กเตอร์,KUBOTA,M500SUD,2
2567,รถแทร็กเตอร์,KUBOTA,M6040DT-TH (3C319-00000),52
2567,รถแทร็กเตอร์,KUBOTA,M6040SU,89
2567,รถแทร็กเตอร์,KUBOTA,M6040SU NORMAL,1
2567,รถแทร็กเตอร์,KUBOTA,M6040SU-HL,5
2567,รถแทร็กเตอร์,KUBOTA,M6240SUH,2202
2567,รถแทร็กเตอร์,KUBOTA,M7040,241
2567,รถแทร็กเตอร์,KUBOTA,M7040DT,165
2567,รถแทร็กเตอร์,KUBOTA,M7508DTH,675
2567,รถแทร็กเตอร์,KUBOTA,M8540,5
2567,รถแทร็กเตอร์,KUBOTA,M8808DTH,680
2567,รถแทร็กเตอร์,KUBOTA,M9000 4WD,2
2567,รถแทร็กเตอร์,KUBOTA,M9540,8
2567,รถแทร็กเตอร์,KUBOTA,M9540DTH,4
2567,รถแทร็กเตอร์,KUBOTA,M9808DTH,1210
2567,รถแทร็กเตอร์,KUBOTA,MU4902DT (TE012-15000),811
2567,รถแทร็กเตอร์,KUBOTA,MU5501DT (TC752-15000),1
2567,รถแทร็กเตอร์,KUBOTA,MU5702DT (TE022-15000),910
2567,รถแทร็กเตอร์,KUBOTA,R430M,7
2567,รถแทร็กเตอร์,KUBOTA,RX-301,1
2567,รถแทร็กเตอร์,KUBOTA,U-30-5,1
2567,รถแทร็กเตอร์,KUBOTA,U-40-3S,1
2567,รถแทร็กเตอร์,KUBOTA,U15-3,2
2567,รถแทร็กเตอร์,KUBOTA,U15-3TH2 T,1
2567,รถแทร็กเตอร์,KUBOTA,U17,149
2567,รถแทร็กเตอร์,KUBOTA,U35-6,1
2567,รถแทร็กเตอร์,KUBOTA,U36-6,27
2567,รถแทร็กเตอร์,KUBOTA,U36-6 AC,65
2567,รถแทร็กเตอร์,KUBOTA,U40-6,1
2567,รถแทร็กเตอร์,KUBOTA,U55-6,3
2567,รถแทร็กเตอร์,KUBOTA,U55-6 AC,10
2567,รถแทร็กเตอร์,KUBOTA,U55-6S,48
2567,รถแทร็กเตอร์,KUBOTA,U55-6S AC,651
2567,รถแทร็กเตอร์,KUBOTA,,1
2567,รถแทร็กเตอร์,KUBOTA/KX155-3SZ,KX155-3SZ,1
2567,รถแทร็กเตอร์,KUBOTA/KX165-5,,1
2567,รถแทร็กเตอร์,KUBOTA/RX-306,,1
2567,รถแทร็กเตอร์,KUBOTA/RX-403S,,1
2567,รถแทร็กเตอร์,KUBOTA/RX303S,RX303S,1
2567,รถแทร็กเตอร์,KUBOTA/U-50-3S,U-50-3S,1
2567,รถแทร็กเตอร์,KWAI THONG,RM754,6
2567,รถแทร็กเตอร์,LIUGONG,816H,5
2567,รถแทร็กเตอร์,LIUGONG,835T,1
2567,รถแทร็กเตอร์,LIUGONG,9018F,2
2567,รถแทร็กเตอร์,LIUGONG,9035FZTS,2
2567,รถแทร็กเตอร์,LIUGONG,CLG4165D,1
2567,รถแทร็กเตอร์,LIUGONG,CLG4215,1
2567,รถแทร็กเตอร์,LIUGONG,CLG4215D,9
2567,รถแทร็กเตอร์,LIUGONG,CLG764A,3
2567,รถแทร็กเตอร์,LIUGONG,CLG816C,1
2567,รถแทร็กเตอร์,LIUGONG,CLG835,3
2567,รถแทร็กเตอร์,LIUGONG,CLG835H,12
2567,รถแทร็กเตอร์,LIUGONG,CLG842H,4
2567,รถแทร็กเตอร์,LIUGONG,CLG856H,6
2567,รถแทร็กเตอร์,LIUGONG,CLG856HE,1
2567,รถแทร็กเตอร์,LIUGONG,CLG862H,5
2567,รถแทร็กเตอร์,LIUGONG,CLG9035E,2
2567,รถแทร็กเตอร์,LIUGONG,CLG906E,4
2567,รถแทร็กเตอร์,LIUGONG,CLG908E,1
2567,รถแทร็กเตอร์,LIUGONG,CLG913E,6
2567,รถแทร็กเตอร์,LIUGONG,CLG915E,1
2567,รถแทร็กเตอร์,LIUGONG,CLG920D,1
2567,รถแทร็กเตอร์,LIUGONG,CLG920E,24
2567,รถแทร็กเตอร์,LIUGONG,CLG922E,8
2567,รถแทร็กเตอร์,LIUGONG,CLG925E,3
2567,รถแทร็กเตอร์,LIUGONG,CLG938EHD,1
2567,รถแทร็กเตอร์,LIUGONG,CLG952EHD,2
2567,รถแทร็กเตอร์,LIUGONG,CLGB160C,5
2567,รถแทร็กเตอร์,LIUGONG,CLGB160CL,4
2567,รถแทร็กเตอร์,LIUGONG,CLGB161CL,4
2567,รถแทร็กเตอร์,LIUGONG,CLGB230C,1
2567,รถแทร็กเตอร์,LIUGONG,LT1404,5
2567,รถแทร็กเตอร์,LIUGONG,M200E,2
2567,รถแทร็กเตอร์,LONKING,CDM6085W,3
2567,รถแทร็กเตอร์,LONKING,CDM6205,4
2567,รถแทร็กเตอร์,LONKING,CDM6225,2
2567,รถแทร็กเตอร์,LONKING,CDM816D,3
2567,รถแทร็กเตอร์,LONKING,CDM835H,3
2567,รถแทร็กเตอร์,LONKING,CDM856C,1
2567,รถแทร็กเตอร์,LOVOL,AF100G,2
2567,รถแทร็กเตอร์,LOVOL,EURO,1
2567,รถแทร็กเตอร์,LOVOL,EURO 110,1
2567,รถแทร็กเตอร์,LOVOL,EURO LM,1
2567,รถแทร็กเตอร์,LOVOL,EURO LM854,1
2567,รถแทร็กเตอร์,LOVOL,EURO TB,17
2567,รถแทร็กเตอร์,LOVOL,EURO TD,21
2567,รถแทร็กเตอร์,LOVOL,EURO TE,22
2567,รถแทร็กเตอร์,LOVOL,EURO TG,2
2567,รถแทร็กเตอร์,LOVOL,EURO TH,22
2567,รถแทร็กเตอร์,LOVOL,EURO TX,1
2567,รถแทร็กเตอร์,LOVOL,FL936F-II,1
2567,รถแทร็กเตอร์,LOVOL,FR220D,1
2567,รถแทร็กเตอร์,LOVOL,FR36F-U,8
2567,รถแทร็กเตอร์,LOVOL,FR60E2-H,1
2567,รถแทร็กเตอร์,LOVOL,FR80E2,1
2567,รถแทร็กเตอร์,LOVOL,TP4A1A1104-007K,1
2567,รถแทร็กเตอร์,LOVOL,TP4A1A904-004K,1
2567,รถแทร็กเตอร์,LUGONG,LG940L,2
2567,รถแทร็กเตอร์,LUGONG,T932,1
2567,รถแทร็กเตอร์,LUGONG,T936L,1
2567,รถแทร็กเตอร์,LUYU,936L,1
2567,รถแทร็กเตอร์,LUYU,940TKN,1
2567,รถแทร็กเตอร์,LUYU,942L,1
2567,รถแทร็กเตอร์,LUZHONG,60DI,1
2567,รถแทร็กเตอร์,MACRO,M10,1
2567,รถแทร็กเตอร์,MAHINDRA,6075 4WD,1
2567,รถแทร็กเตอร์,MAHINDRA,YUVO 5050,1
2567,รถแทร็กเตอร์,MANITOU,TLB 818S,1
2567,รถแทร็กเตอร์,MASSEY FERGUSON,MF2635,3
2567,รถแทร็กเตอร์,MASSEY FERGUSON,MF455,2
2567,รถแทร็กเตอร์,MASSEY FERGUSON,MF455 Xtra,2
2567,รถแทร็กเตอร์,MASSEY FERGUSON,MF4707 NON CAB,3
2567,รถแทร็กเตอร์,MASSEY FERGUSON,MF4708 NON CAB,9
2567,รถแทร็กเตอร์,MASSEY FERGUSON,MF5710 CAB,13
2567,รถแทร็กเตอร์,MASSEY FERGUSON,MF5710 NON CAB,5
2567,รถแทร็กเตอร์,MASSEY FERGUSON,MF6713 CAB,4
2567,รถแทร็กเตอร์,MASSEY FERGUSON,MF7618,1
2567,รถแทร็กเตอร์,MERCEDES BENZ,MB TRAC 1300,1
2567,รถแทร็กเตอร์,MITSUBISHI,BD2F,1
2567,รถแทร็กเตอร์,MITSUBISHI,BD2H,1
2567,รถแทร็กเตอร์,MITSUBISHI,MF61E,1
2567,รถแทร็กเตอร์,MITSUBISHI,MG150,1
2567,รถแทร็กเตอร์,MITSUBISHI,MG230,1
2567,รถแทร็กเตอร์,MITSUBISHI,MG350,1
2567,รถแทร็กเตอร์,MITSUBISHI,MG500-S,1
2567,รถแทร็กเตอร์,MITSUBISHI,MG500S,1
2567,รถแทร็กเตอร์,MITSUBISHI,MM55SR,1
2567,รถแทร็กเตอร์,MITSUBISHI,SR320,1
2567,รถแทร็กเตอร์,MITSUBISHI,WS310,1
2567,รถแทร็กเตอร์,MYZG,ZL-928Z,1
2567,รถแทร็กเตอร์,MYZG,ZL-938D,1
2567,รถแทร็กเตอร์,NEWHOLLAND,3930,1
2567,รถแทร็กเตอร์,NEWHOLLAND,4630,1
2567,รถแทร็กเตอร์,NEWHOLLAND,5030,1
2567,รถแทร็กเตอร์,NEWHOLLAND,5610,2
2567,รถแทร็กเตอร์,NEWHOLLAND,5610S,4
2567,รถแทร็กเตอร์,NEWHOLLAND,5640,2
2567,รถแทร็กเตอร์,NEWHOLLAND,5640 4WD,1
2567,รถแทร็กเตอร์,NEWHOLLAND,6600,1
2567,รถแทร็กเตอร์,NEWHOLLAND,6610,4
2567,รถแทร็กเตอร์,NEWHOLLAND,6610S,7
2567,รถแทร็กเตอร์,NEWHOLLAND,6610S 4WD,5
2567,รถแทร็กเตอร์,NEWHOLLAND,6640,19
2567,รถแทร็กเตอร์,NEWHOLLAND,7610,2
2567,รถแทร็กเตอร์,NEWHOLLAND,7610S,9
2567,รถแทร็กเตอร์,NEWHOLLAND,7610S(4WD),1
2567,รถแทร็กเตอร์,NEWHOLLAND,7740,24
2567,รถแทร็กเตอร์,NEWHOLLAND,7810,5
2567,รถแทร็กเตอร์,NEWHOLLAND,7810S,2
2567,รถแทร็กเตอร์,NEWHOLLAND,7840,40
2567,รถแทร็กเตอร์,NEWHOLLAND,7840 4WD,2
2567,รถแทร็กเตอร์,NEWHOLLAND,8160,4
2567,รถแทร็กเตอร์,NEWHOLLAND,8240,5
2567,รถแทร็กเตอร์,NEWHOLLAND,8260,3
2567,รถแทร็กเตอร์,NEWHOLLAND,8340,18
2567,รถแทร็กเตอร์,NEWHOLLAND,8610,1
2567,รถแทร็กเตอร์,NEWHOLLAND,AT6610,2
2567,รถแทร็กเตอร์,NEWHOLLAND,ATS130,2
2567,รถแทร็กเตอร์,NEWHOLLAND,B110,1
2567,รถแทร็กเตอร์,NEWHOLLAND,B80B,1
2567,รถแทร็กเตอร์,NEWHOLLAND,B80C,14
2567,รถแทร็กเตอร์,NEWHOLLAND,BRAVO85,1
2567,รถแทร็กเตอร์,NEWHOLLAND,M100,3
2567,รถแทร็กเตอร์,NEWHOLLAND,M115,1
2567,รถแทร็กเตอร์,NEWHOLLAND,R47610 1 A 200 01,1
2567,รถแทร็กเตอร์,NEWHOLLAND,T5060,2
2567,รถแทร็กเตอร์,NEWHOLLAND,T6.120,1
2567,รถแทร็กเตอร์,NEWHOLLAND,T6.155,2
2567,รถแทร็กเตอร์,NEWHOLLAND,T6.165,3
2567,รถแทร็กเตอร์,NEWHOLLAND,T6.175,5
2567,รถแทร็กเตอร์,NEWHOLLAND,T6010,2
2567,รถแทร็กเตอร์,NEWHOLLAND,T6020,27
2567,รถแทร็กเตอร์,NEWHOLLAND,T6030,10
2567,รถแทร็กเตอร์,NEWHOLLAND,T6050,17
2567,รถแทร็กเตอร์,NEWHOLLAND,T6070,33
2567,รถแทร็กเตอร์,NEWHOLLAND,T6080,6
2567,รถแทร็กเตอร์,NEWHOLLAND,T6090,19
2567,รถแทร็กเตอร์,NEWHOLLAND,T7 250,1
2567,รถแทร็กเตอร์,NEWHOLLAND,T7.175,1
2567,รถแทร็กเตอร์,NEWHOLLAND,T7.185,1
2567,รถแทร็กเตอร์,NEWHOLLAND,T7.200,3
2567,รถแทร็กเตอร์,NEWHOLLAND,T7.210,9
2567,รถแทร็กเตอร์,NEWHOLLAND,T7.220,1
2567,รถแทร็กเตอร์,NEWHOLLAND,T7.225,1
2567,รถแทร็กเตอร์,NEWHOLLAND,T7.235,3
2567,รถแทร็กเตอร์,NEWHOLLAND,T7.245,1
2567,รถแทร็กเตอร์,NEWHOLLAND,T7030,2
2567,รถแทร็กเตอร์,NEWHOLLAND,T7040,3
2567,รถแทร็กเตอร์,NEWHOLLAND,T7050,1
2567,รถแทร็กเตอร์,NEWHOLLAND,T7050 (4WD),1
2567,รถแทร็กเตอร์,NEWHOLLAND,T7060,9
2567,รถแทร็กเตอร์,NEWHOLLAND,TB120,2
2567,รถแทร็กเตอร์,NEWHOLLAND,TC38R,3
2567,รถแทร็กเตอร์,NEWHOLLAND,TC48R,24
2567,รถแทร็กเตอร์,NEWHOLLAND,TD 95 D,1
2567,รถแทร็กเตอร์,NEWHOLLAND,TD5.100,8
2567,รถแทร็กเตอร์,NEWHOLLAND,TD5.110,33
2567,รถแทร็กเตอร์,NEWHOLLAND,TD5.90,16
2567,รถแทร็กเตอร์,NEWHOLLAND,TD90,1
2567,รถแทร็กเตอร์,NEWHOLLAND,TD95D PLUS,4
2567,รถแทร็กเตอร์,NEWHOLLAND,TL 5050,1
2567,รถแทร็กเตอร์,NEWHOLLAND,TM 120,1
2567,รถแทร็กเตอร์,NEWHOLLAND,TM 125 4WD,1
2567,รถแทร็กเตอร์,NEWHOLLAND,TM 150,1
2567,รถแทร็กเตอร์,NEWHOLLAND,TM 165,1
2567,รถแทร็กเตอร์,NEWHOLLAND,TM115,2
2567,รถแทร็กเตอร์,NEWHOLLAND,TM120,8
2567,รถแทร็กเตอร์,NEWHOLLAND,TM125,9
2567,รถแทร็กเตอร์,NEWHOLLAND,TM130,7
2567,รถแทร็กเตอร์,NEWHOLLAND,TM135,1
2567,รถแทร็กเตอร์,NEWHOLLAND,TM140,7
2567,รถแทร็กเตอร์,NEWHOLLAND,TM150,3
2567,รถแทร็กเตอร์,NEWHOLLAND,TM155,7
2567,รถแทร็กเตอร์,NEWHOLLAND,TM165,3
2567,รถแทร็กเตอร์,NEWHOLLAND,TS100,8
2567,รถแทร็กเตอร์,NEWHOLLAND,TS100(4WD),1
2567,รถแทร็กเตอร์,NEWHOLLAND,TS100A,5
2567,รถแทร็กเตอร์,NEWHOLLAND,TS110,10
2567,รถแทร็กเตอร์,NEWHOLLAND,TS110 4WD,3
2567,รถแทร็กเตอร์,NEWHOLLAND,TS110A,4
2567,รถแทร็กเตอร์,NEWHOLLAND,TS115,28
2567,รถแทร็กเตอร์,NEWHOLLAND,TS115A,12
2567,รถแทร็กเตอร์,NEWHOLLAND,TS120,1
2567,รถแทร็กเตอร์,NEWHOLLAND,TS125A,2
2567,รถแทร็กเตอร์,NEWHOLLAND,TS135A,2
2567,รถแทร็กเตอร์,NEWHOLLAND,TS6.125,2
2567,รถแทร็กเตอร์,NEWHOLLAND,TS6.140,1
2567,รถแทร็กเตอร์,NEWHOLLAND,TS6000,3
2567,รถแทร็กเตอร์,NEWHOLLAND,TS6020,3
2567,รถแทร็กเตอร์,NEWHOLLAND,TS90,15
2567,รถแทร็กเตอร์,NEWHOLLAND,TS90 4WD,1
2567,รถแทร็กเตอร์,NEWHOLLAND,TSA125,1
2567,รถแทร็กเตอร์,NEWHOLLAND,TT2.50,114
2567,รถแทร็กเตอร์,NEWHOLLAND,TT3.40,47
2567,รถแทร็กเตอร์,NEWHOLLAND,TT3.40 PLUS,35
2567,รถแทร็กเตอร์,NEWHOLLAND,TT3.50,616
2567,รถแทร็กเตอร์,NEWHOLLAND,TT4.55,5
2567,รถแทร็กเตอร์,NEWHOLLAND,TT4.65,72
2567,รถแทร็กเตอร์,NEWHOLLAND,TT4.75,69
2567,รถแทร็กเตอร์,NEWHOLLAND,TT4.90,54
2567,รถแทร็กเตอร์,NEWHOLLAND,TT45,8
2567,รถแทร็กเตอร์,NEWHOLLAND,TT55,4
2567,รถแทร็กเตอร์,NEWHOLLAND,TT75,5
2567,รถแทร็กเตอร์,NEWHOLLAND,TT7514 1 D ALL 02,1
2567,รถแทร็กเตอร์,NEWHOLLAND,,15
2567,รถแทร็กเตอร์,NIPPON SHARYO,ED5500,1
2567,รถแทร็กเตอร์,NIPPON SHARYO,ED6200H,2
2567,รถแทร็กเตอร์,NIPPON SHARYO,ED6500,2
2567,รถแทร็กเตอร์,Power Iron Bull,PB5090,1
2567,รถแทร็กเตอร์,POWERPLUS,PAT900S,2
2567,รถแทร็กเตอร์,POWERPLUS,PBL480T,1
2567,รถแทร็กเตอร์,POWERPLUS,PP150W-X,1
2567,รถแทร็กเตอร์,PROMACH,PRO16,1
2567,รถแทร็กเตอร์,PROMACH,PRO18,1
2567,รถแทร็กเตอร์,REDLINE,DYNAPAC DRF25-70C PAVER,1
2567,รถแทร็กเตอร์,ROADTEC,SX8E,1
2567,รถแทร็กเตอร์,SAKAI,ER550F,1
2567,รถแทร็กเตอร์,SANDVIK,DX800,1
2567,รถแทร็กเตอร์,SANGYOR,R360,1
2567,รถแทร็กเตอร์,SANY,STG190C-8,1
2567,รถแทร็กเตอร์,SANY,SW936K1,1
2567,รถแทร็กเตอร์,SANY,SW966K1,1
2567,รถแทร็กเตอร์,SANY,SY135C,57
2567,รถแทร็กเตอร์,SANY,SY140C,2
2567,รถแทร็กเตอร์,SANY,SY155W,9
2567,รถแทร็กเตอร์,SANY,SY200C,19
2567,รถแทร็กเตอร์,SANY,SY205C,39
2567,รถแทร็กเตอร์,SANY,SY205H DPC,13
2567,รถแทร็กเตอร์,SANY,SY215C,190
2567,รถแทร็กเตอร์,SANY,SY235C,3
2567,รถแทร็กเตอร์,SANY,SY245H,12
2567,รถแทร็กเตอร์,SANY,SY35C,1
2567,รถแทร็กเตอร์,SANY,SY35U,42
2567,รถแทร็กเตอร์,SANY,SY365H,2
2567,รถแทร็กเตอร์,SANY,SY500H,5
2567,รถแทร็กเตอร์,SANY,SY55C,24
2567,รถแทร็กเตอร์,SANY,SY60C,2
2567,รถแทร็กเตอร์,SANY,SY75C,9
2567,รถแทร็กเตอร์,SANY,SYL956H5,13
2567,รถแทร็กเตอร์,SDLG,B877,1
2567,รถแทร็กเตอร์,SDLG,E6135F,3
2567,รถแทร็กเตอร์,SDLG,E6205F,4
2567,รถแทร็กเตอร์,SDLG,E6210FLC,1
2567,รถแทร็กเตอร์,SDLG,G9190,1
2567,รถแทร็กเตอร์,SDLG,G9220F,5
2567,รถแทร็กเตอร์,SDLG,L958F,2
2567,รถแทร็กเตอร์,SDLG,L968F,1
2567,รถแทร็กเตอร์,SDLG,LG918,1
2567,รถแทร็กเตอร์,SDLG,LG936L,7
2567,รถแทร็กเตอร์,SDLG,LG936L SLR,3
2567,รถแทร็กเตอร์,SDLG,LG938L,1
2567,รถแทร็กเตอร์,SEM,919,1
2567,รถแทร็กเตอร์,SEM,SEM636D,4
2567,รถแทร็กเตอร์,SEM,SEM656D,5
2567,รถแทร็กเตอร์,SEM,SEM919,4
2567,รถแทร็กเตอร์,SENNEBOGEN,818M-SERIES E,1
2567,รถแทร็กเตอร์,SHANTUI,DH08-B3 XL,4
2567,รถแทร็กเตอร์,SHANTUI,L36-B3,2
2567,รถแทร็กเตอร์,SHANTUI,L36-B5,4
2567,รถแทร็กเตอร์,SHANTUI,L55-B5,3
2567,รถแทร็กเตอร์,SHANTUI,SE390LCW,1
2567,รถแทร็กเตอร์,SINOMACH CHANGLIN,937H,1
2567,รถแทร็กเตอร์,SOLIS,SOLIS 110-4WD,6
2567,รถแทร็กเตอร์,SOLIS,SOLIS 26-4WD,145
2567,รถแทร็กเตอร์,SOLIS,SOLIS 30-4WD,52
2567,รถแทร็กเตอร์,SOLIS,SOLIS 50-4WD,6
2567,รถแทร็กเตอร์,SOLIS,SOLIS 90-4WD,5
2567,รถแทร็กเตอร์,SOLIS,SOLIS WT-75-4WD,38
2567,รถแทร็กเตอร์,SONALIKA,DI-75RX,5
2567,รถแทร็กเตอร์,SONALIKA,DI-90RX,5
2567,รถแทร็กเตอร์,SOOSAN,JD-1300E,1
2567,รถแทร็กเตอร์,SUMITOMO,HA45W-5,2
2567,รถแทร็กเตอร์,SUMITOMO,HA50W,1
2567,รถแทร็กเตอร์,SUMITOMO,HA50W-7,1
2567,รถแทร็กเตอร์,SUMITOMO,HA50W-8,2
2567,รถแทร็กเตอร์,SUMITOMO,HA60C,1
2567,รถแทร็กเตอร์,SUMITOMO,HA60C-7,1
2567,รถแทร็กเตอร์,SUMITOMO,HA60C-8,2
2567,รถแทร็กเตอร์,SUMITOMO,HA60W-3,2
2567,รถแทร็กเตอร์,SUMITOMO,HA60W-5,5
2567,รถแทร็กเตอร์,SUMITOMO,HA60W-7,12
2567,รถแทร็กเตอร์,SUMITOMO,HA60W-7TV,1
2567,รถแทร็กเตอร์,SUMITOMO,HA60W-7V,1
2567,รถแทร็กเตอร์,SUMITOMO,HA60W-8,6
2567,รถแทร็กเตอร์,SUMITOMO,LS-78RH,1
2567,รถแทร็กเตอร์,SUMITOMO,SC800-2,1
2567,รถแทร็กเตอร์,SUMITOMO,SH120-5,7
2567,รถแทร็กเตอร์,SUMITOMO,SH120-6,6
2567,รถแทร็กเตอร์,SUMITOMO,SH120LC-5,2
2567,รถแทร็กเตอร์,SUMITOMO,SH130-6,136
2567,รถแทร็กเตอร์,SUMITOMO,SH200-5,2
2567,รถแทร็กเตอร์,SUMITOMO,SH200-6,2
2567,รถแทร็กเตอร์,SUMITOMO,SH210-5,4
2567,รถแทร็กเตอร์,SUMITOMO,SH210-6,85
2567,รถแทร็กเตอร์,SUMITOMO,SH210F-5,1
2567,รถแทร็กเตอร์,SUMITOMO,SH210F-6,48
2567,รถแทร็กเตอร์,SUMITOMO,SH210LC-6LR,3
2567,รถแทร็กเตอร์,SUMITOMO,SH250-6,2
2567,รถแทร็กเตอร์,SUMITOMO,SH250-6LR,1
2567,รถแทร็กเตอร์,SUMITOMO,SH75X-3B,1
2567,รถแทร็กเตอร์,SUMITOMO,SH80-6B,56
2567,รถแทร็กเตอร์,SUNWARD,SL31W,7
2567,รถแทร็กเตอร์,SUNWARD,SWE150E,7
2567,รถแทร็กเตอร์,SUNWARD,SWE210E,9
2567,รถแทร็กเตอร์,SUNWARD,SWE210ELR,1
2567,รถแทร็กเตอร์,SUNWARD,SWE235E-3,1
2567,รถแทร็กเตอร์,SUNWARD,SWE60E,1
2567,รถแทร็กเตอร์,SUNWARD,,1
2567,รถแทร็กเตอร์,SYZG,ZL930,1
2567,รถแทร็กเตอร์,SYZG,ZL932L,1
2567,รถแทร็กเตอร์,SYZG,ZL940G,1
2567,รถแทร็กเตอร์,TAKEUCHI,TB175C,1
2567,รถแทร็กเตอร์,TAKEUCHI,TB235,5
2567,รถแทร็กเตอร์,TAKEUCHI,TB290CH,2
2567,รถแทร็กเตอร์,TAKEUCHI,TB335R (CAB),4
2567,รถแทร็กเตอร์,TALAYTHONG,DF-554,1
2567,รถแทร็กเตอร์,TCM,830,1
2567,รถแทร็กเตอร์,TCM,850-2,1
2567,รถแทร็กเตอร์,TCM,860,1
2567,รถแทร็กเตอร์,TCM,860-2,1
2567,รถแทร็กเตอร์,TCM,E830,1
2567,รถแทร็กเตอร์,TCM,E835,1
2567,รถแทร็กเตอร์,TCM,L13,2
2567,รถแทร็กเตอร์,TCM,L13-2,1
2567,รถแทร็กเตอร์,TCM,L13-3,5
2567,รถแทร็กเตอร์,TCM,L16,2
2567,รถแทร็กเตอร์,TCM,L16-2,1
2567,รถแทร็กเตอร์,TCM,ZW220,1
2567,รถแทร็กเตอร์,TCM,ZW250,1
2567,รถแทร็กเตอร์,TCM,,2
2567,รถแทร็กเตอร์,TENAX,ELECTRA 2.0 EVOS+,1
2567,รถแทร็กเตอร์,TEREX,RS500C,1
2567,รถแทร็กเตอร์,THAISENGYONG,10HT,8
2567,รถแทร็กเตอร์,THAISENGYONG,11 HT,2
2567,รถแทร็กเตอร์,THAISENGYONG,12 HT,6
2567,รถแทร็กเตอร์,THAISENGYONG,12HT,3
2567,รถแทร็กเตอร์,THAISENGYONG,TT7C,12
2567,รถแทร็กเตอร์,THAISENGYONG,TT8C,1
2567,รถแทร็กเตอร์,TPM,SB1 3.0T,1
2567,รถแทร็กเตอร์,TPM,SB1 3.5T,3
2567,รถแทร็กเตอร์,TPM,SB1 4.5T,1
2567,รถแทร็กเตอร์,TPM,SB1 5.0T,2
2567,รถแทร็กเตอร์,TPM,SB1 5.5T,1
2567,รถแทร็กเตอร์,TPM,SB1 6.0T,7
2567,รถแทร็กเตอร์,TRACKLESS,MT7,1
2567,รถแทร็กเตอร์,TRHB,TRHB926H,1
2567,รถแทร็กเตอร์,VOGELE,09.11/S1303-2,1
2567,รถแทร็กเตอร์,VOGELE,6-69/SUPER 1804,1
2567,รถแทร็กเตอร์,VOGELE,S1800-2,1
2567,รถแทร็กเตอร์,VOGELE,SUPER 1603-2,1
2567,รถแทร็กเตอร์,VOGELE,SUPER 1800-3,1
2567,รถแทร็กเตอร์,VOGELE,SUPER 1803-3,1
2567,รถแทร็กเตอร์,VOGELE,SUPER1800-3,3
2567,รถแทร็กเตอร์,VOGELE,SUPER1803-3,1
2567,รถแทร็กเตอร์,VOLVO,EC 210B,3
2567,รถแทร็กเตอร์,VOLVO,EC140DL,2
2567,รถแทร็กเตอร์,VOLVO,EC200D,11
2567,รถแทร็กเตอร์,VOLVO,EC210BLR,1
2567,รถแทร็กเตอร์,VOLVO,EC210D,22
2567,รถแทร็กเตอร์,VOLVO,EC210DLR,1
2567,รถแทร็กเตอร์,VOLVO,EC220DL,1
2567,รถแทร็กเตอร์,VOLVO,EC300DL,16
2567,รถแทร็กเตอร์,VOLVO,EC300DLR,6
2567,รถแทร็กเตอร์,VOLVO,EC55D,5
2567,รถแทร็กเตอร์,VOLVO,EC55PRO,1
2567,รถแทร็กเตอร์,VOLVO,EW145B,2
2567,รถแทร็กเตอร์,VOLVO,EW205D,2
2567,รถแทร็กเตอร์,VOLVO,P4370B,1
2567,รถแทร็กเตอร์,WEICHAI LOVOL,FL946H,3
2567,รถแทร็กเตอร์,WEICHAI LOVOL,FLB468,1
2567,รถแทร็กเตอร์,WEICHAI LOVOL,FLB468-II,9
2567,รถแทร็กเตอร์,WEICHAI LOVOL,FP130W,1
2567,รถแทร็กเตอร์,WEICHAI LOVOL,FP160W,2
2567,รถแทร็กเตอร์,WEICHAI LOVOL,FR215E2,5
2567,รถแทร็กเตอร์,WEICHAI LOVOL,FR245E2,1
2567,รถแทร็กเตอร์,WEICHAI LOVOL,FR315F,2
2567,รถแทร็กเตอร์,WEICHAI LOVOL,FR60E2-H,13
2567,รถแทร็กเตอร์,WEICHAI LOVOL,P4000,6
2567,รถแทร็กเตอร์,WEICHAI LOVOL,P4090,2
2567,รถแทร็กเตอร์,WEICHAI LOVOL,P4100,3
2567,รถแทร็กเตอร์,WEICHAI LOVOL,P4110,2
2567,รถแทร็กเตอร์,WEICHAI LOVOL,,1
2567,รถแทร็กเตอร์,WIRTGEN,2100DC,1
2567,รถแทร็กเตอร์,WIRTGEN,4500RX,1
2567,รถแทร็กเตอร์,WIRTGEN,HM 4500,1
2567,รถแทร็กเตอร์,WIRTGEN,SP 64,1
2567,รถแทร็กเตอร์,WIRTGEN,W1000F,1
2567,รถแทร็กเตอร์,WIRTGEN,W185CF,1
2567,รถแทร็กเตอร์,WIRTGEN,W1900,2
2567,รถแทร็กเตอร์,WIRTGEN,W195,1
2567,รถแทร็กเตอร์,WIRTGEN,W2000,1
2567,รถแทร็กเตอร์,WIRTGEN,W200XP,3
2567,รถแทร็กเตอร์,WIRTGEN,W210,3
2567,รถแทร็กเตอร์,WIRTGEN,W2100,6
2567,รถแทร็กเตอร์,WIRTGEN,W220,1
2567,รถแทร็กเตอร์,WIRTGEN,W2200,3
2567,รถแทร็กเตอร์,WIRTGEN,WR2400,1
2567,รถแทร็กเตอร์,WIRTGEN,WR250,10
2567,รถแทร็กเตอร์,WIRTGEN,WR2500S,3
2567,รถแทร็กเตอร์,WIRTGEN,WR2500SK,1
2567,รถแทร็กเตอร์,WIRTGEN,,1
2567,รถแทร็กเตอร์,WORLD,110HP,5
2567,รถแทร็กเตอร์,WORLD,115HP,2
2567,รถแทร็กเตอร์,WORLD,45HP,5
2567,รถแทร็กเตอร์,WORLD,50HP,2
2567,รถแทร็กเตอร์,WORLD,W156,1
2567,รถแทร็กเตอร์,WORLD,WD105PLUS,1
2567,รถแทร็กเตอร์,WORLD,WD1104M,2
2567,รถแทร็กเตอร์,WORLD,WD504K,18
2567,รถแทร็กเตอร์,WORLD,WD704F,16
2567,รถแทร็กเตอร์,WORLD,WD90,1
2567,รถแทร็กเตอร์,XCMG,GR1605,1
2567,รถแทร็กเตอร์,XCMG,GR2205,3
2567,รถแทร็กเตอร์,XCMG,LW156FV,1
2567,รถแทร็กเตอร์,XCMG,LW186FV,5
2567,รถแทร็กเตอร์,XCMG,LW330K,1
2567,รถแทร็กเตอร์,XCMG,LW550K,1
2567,รถแทร็กเตอร์,XCMG,TY160,1
2567,รถแทร็กเตอร์,XCMG,XC870K,1
2567,รถแทร็กเตอร์,XCMG,XC938TH,13
2567,รถแทร็กเตอร์,XCMG,XC958TH,9
2567,รถแทร็กเตอร์,XCMG,XE135B,4
2567,รถแทร็กเตอร์,XCMG,XE135C,2
2567,รถแทร็กเตอร์,XCMG,XE215C,19
2567,รถแทร็กเตอร์,XCMG,XE215CLL,2
2567,รถแทร็กเตอร์,XCMG,XE235C,1
2567,รถแทร็กเตอร์,XCMG,XE260CLL,3
2567,รถแทร็กเตอร์,XCMG,XE35U,9
2567,รถแทร็กเตอร์,XCMG,XE370CA,1
2567,รถแทร็กเตอร์,XCMG,XE400DP,1
2567,รถแทร็กเตอร์,XCMG,XE55DA,3
2567,รถแทร็กเตอร์,XCMG,XE60CA,1
2567,รถแทร็กเตอร์,XCMG,XE60DA,1
2567,รถแทร็กเตอร์,XCMG,XE60GA,2
2567,รถแทร็กเตอร์,XCMG,XE75DA,2
2567,รถแทร็กเตอร์,XCMG,XR240E,1
2567,รถแทร็กเตอร์,XGMA,XG918N,1
2567,รถแทร็กเตอร์,XGMA,XG935H,1
2567,รถแทร็กเตอร์,YANMAR,AW82GV,4
2567,รถแทร็กเตอร์,YANMAR,AW82V,10
2567,รถแทร็กเตอร์,YANMAR,"AW82V,S-TH",2
2567,รถแทร็กเตอร์,YANMAR,B6-3A,1
2567,รถแทร็กเตอร์,YANMAR,EF352T,2
2567,รถแทร็กเตอร์,YANMAR,EF352TEX PQ,3
2567,รถแทร็กเตอร์,YANMAR,EF352TLX PQ-1,1
2567,รถแทร็กเตอร์,YANMAR,EF393T,885
2567,รถแทร็กเตอร์,YANMAR,EF453T,3
2567,รถแทร็กเตอร์,YANMAR,EF453TLX PQ-1,5
2567,รถแทร็กเตอร์,YANMAR,EF494T,44
2567,รถแทร็กเตอร์,YANMAR,EF514MU,8
2567,รถแทร็กเตอร์,YANMAR,EF514T,17
2567,รถแทร็กเตอร์,YANMAR,EF725T,50
2567,รถแทร็กเตอร์,YANMAR,SOLIS 105-4WD,79
2567,รถแทร็กเตอร์,YANMAR,SOLIS 110-4WD,11
2567,รถแทร็กเตอร์,YANMAR,SOLIS 22-4WD,62
2567,รถแทร็กเตอร์,YANMAR,SOLIS 26-4WD,169
2567,รถแทร็กเตอร์,YANMAR,SOLIS 30-4WD,111
2567,รถแทร็กเตอร์,YANMAR,SOLIS 50-4WD,225
2567,รถแทร็กเตอร์,YANMAR,SOLIS 90-4WD,56
2567,รถแทร็กเตอร์,YANMAR,SOLIS WT-75-4WD,431
2567,รถแทร็กเตอร์,YANMAR,SV100-2B,3
2567,รถแทร็กเตอร์,YANMAR,ViO27-5B,1
2567,รถแทร็กเตอร์,YANMAR,ViO30-6,1
2567,รถแทร็กเตอร์,YANMAR,VIO17-1,39
2567,รถแทร็กเตอร์,YANMAR,VIO23-6,7
2567,รถแทร็กเตอร์,YANMAR,VIO27-5B,1
2567,รถแทร็กเตอร์,YANMAR,VIO30-2,1
2567,รถแทร็กเตอร์,YANMAR,VIO30-6B,37
2567,รถแทร็กเตอร์,YANMAR,VIO30-7,2
2567,รถแทร็กเตอร์,YANMAR,VIO35-6B,269
2567,รถแทร็กเตอร์,YANMAR,VIO35-6B-CCTH-QM2JSA,1
2567,รถแทร็กเตอร์,YANMAR,VIO35-7,11
2567,รถแทร็กเตอร์,YANMAR,VIO40-5B,2
2567,รถแทร็กเตอร์,YANMAR,VIO50-6B,17
2567,รถแทร็กเตอร์,YANMAR,VIO55-5B,1
2567,รถแทร็กเตอร์,YANMAR,VIO55-6B,109
2567,รถแทร็กเตอร์,YANMAR,VIO55-6B-CCTH-QM2JSA,3
2567,รถแทร็กเตอร์,YANMAR,VIO70-2,1
2567,รถแทร็กเตอร์,YANMAR,VIO80-1,2
2567,รถแทร็กเตอร์,YANMAR,YH1180,30
2567,รถแทร็กเตอร์,YANMAR,YH700,60
2567,รถแทร็กเตอร์,YANMAR,YH850,31
2567,รถแทร็กเตอร์,YANMAR,YM351A,188
2567,รถแทร็กเตอร์,YANMAR,YM351R,1085
2567,รถแทร็กเตอร์,YANMAR,YM357A,395
2567,รถแทร็กเตอร์,YANMAR,YM358R,571
2567,รถแทร็กเตอร์,YANMAR,YR60D,2
2567,รถแทร็กเตอร์,YANMAR,YR80D,17
2567,รถแทร็กเตอร์,ZOOMLION,FH88,1
2567,รถแทร็กเตอร์,ZOOMLION,RC904-A,4
2567,รถแทร็กเตอร์,ZOOMLION,RD504,4
2567,รถแทร็กเตอร์,ZOOMLION,RK554-A,6
2567,รถแทร็กเตอร์,ZOOMLION,RK704-3,1
2567,รถแทร็กเตอร์,ZOOMLION,RS1304,8
2567,รถแทร็กเตอร์,ZOOMLION,ZE135E-10,3
2567,รถแทร็กเตอร์,ZOOMLION,ZE215E,6
2567,รถแทร็กเตอร์,ZOOMLION,ZE35GU,1
2567,รถแทร็กเตอร์,ZOOMLION,ZE370E,2
2567,รถแทร็กเตอร์,ZOOMLION,ZE60E-10,5
2567,รถแทร็กเตอร์,ZOOMLION,ZE75E-10,2
2567,รถแทร็กเตอร์,ไม่ระบุ,,1
2567,รถบดถนน,AMMANN,ASC120,4
2567,รถบดถนน,BOMAG,BW131ACW,1
2567,รถบดถนน,BOMAG,BW154 AP,1
2567,รถบดถนน,BOMAG,BW161 AD-4 TANDEM,1
2567,รถบดถนน,BOMAG,BW161AD-4,1
2567,รถบดถนน,BOMAG,BW211 D-40,1
2567,รถบดถนน,BOMAG,BW211 D-40 SL,26
2567,รถบดถนน,BOMAG,BW211 D-5 SL,2
2567,รถบดถนน,BOMAG,BW211D-40,1
2567,รถบดถนน,BOMAG,BW219 DH-4,1
2567,รถบดถนน,BOMAG,BW219D-4,1
2567,รถบดถนน,BOMAG,BW220 D-5,1
2567,รถบดถนน,BOMAG,BW226 DH-4 BVC,1
2567,รถบดถนน,BOMAG,BW226 DH-5,1
2567,รถบดถนน,BOMAG,,1
2567,รถบดถนน,CATERPILLAR,CB-335D,1
2567,รถบดถนน,CATERPILLAR,CB34B,2
2567,รถบดถนน,CATERPILLAR,CB434D,1
2567,รถบดถนน,CATERPILLAR,CB44B,1
2567,รถบดถนน,CATERPILLAR,CB7,1
2567,รถบดถนน,CATERPILLAR,CC34B,1
2567,รถบดถนน,CATERPILLAR,CS10GC,7
2567,รถบดถนน,CATERPILLAR,CS11,3
2567,รถบดถนน,CATERPILLAR,CS11GC,14
2567,รถบดถนน,CATERPILLAR,CS533E,5
2567,รถบดถนน,CATERPILLAR,CS54B,4
2567,รถบดถนน,CATERPILLAR,CS563,1
2567,รถบดถนน,CATERPILLAR,CS563E,1
2567,รถบดถนน,CATERPILLAR,CS79B,2
2567,รถบดถนน,CUMMINS,TUC-140,1
2567,รถบดถนน,DYNAPAC,CA25D,6
2567,รถบดถนน,DYNAPAC,CA30D,27
2567,รถบดถนน,DYNAPAC,CA602D,1
2567,รถบดถนน,DYNAPAC,CA610D,2
2567,รถบดถนน,DYNAPAC,CA612D,1
2567,รถบดถนน,DYNAPAC,CC1250,5
2567,รถบดถนน,DYNAPAC,CC1300C,37
2567,รถบดถนน,DYNAPAC,CC143C,1
2567,รถบดถนน,DYNAPAC,CC2200,4
2567,รถบดถนน,DYNAPAC,CC3800,5
2567,รถบดถนน,DYNAPAC,CP201,1
2567,รถบดถนน,DYNAPAC,CP201W,3
2567,รถบดถนน,DYNAPAC,CP201WT,2
2567,รถบดถนน,DYNAPAC,CP202W,1
2567,รถบดถนน,DYNAPAC,CP275,11
2567,รถบดถนน,DYNAPAC,DRS120D,3
2567,รถบดถนน,DYNAPAC,WP15WE,1
2567,รถบดถนน,DYNAPAC,WR20W,1
2567,รถบดถนน,DYNAPAC,,1
2567,รถบดถนน,DYNAPACK,CS12,1
2567,รถบดถนน,FURUKAWA,FR12,1
2567,รถบดถนน,FURUKAWA,FT20W,1
2567,รถบดถนน,FURUKAWA,FT20W-1,1
2567,รถบดถนน,FURUKAWA,P20WA,1
2567,รถบดถนน,HAMM,311D,2
2567,รถบดถนน,HAMM,3410,9
2567,รถบดถนน,HAMM,3410P,1
2567,รถบดถนน,HAMM,3520,1
2567,รถบดถนน,HAMM,3625HT,1
2567,รถบดถนน,HAMM,HC119,7
2567,รถบดถนน,HAMM,HC208D,1
2567,รถบดถนน,HAMM,HD75,1
2567,รถบดถนน,HAMM,HD90,1
2567,รถบดถนน,HAMM,,1
2567,รถบดถนน,HITACHI,CC150C-2,2
2567,รถบดถนน,HITACHI,CP210,1
2567,รถบดถนน,HITACHI,CP220-3,3
2567,รถบดถนน,HITACHI,RS120-C,1
2567,รถบดถนน,HITACHI,RT200-C,1
2567,รถบดถนน,IETL,YMR3000,1
2567,รถบดถนน,INGERSOLL,DD130,1
2567,รถบดถนน,INGERSOLL-RAND,DD70,1
2567,รถบดถนน,JCB,116D,6
2567,รถบดถนน,KAWASAKI,K20 II,1
2567,รถบดถนน,KAWASAKI,KR20D,2
2567,รถบดถนน,KING TONI,FHR-1200,1
2567,รถบดถนน,KING TONI,FHR-2000C,1
2567,รถบดถนน,KOBELCO,,1
2567,รถบดถนน,KOMATSU,JV25CW-1,1
2567,รถบดถนน,KOMATSU,JV25CW-2,1
2567,รถบดถนน,KOMATSU,JV40CW-3,1
2567,รถบดถนน,LIUGONG,CLG6611E,4
2567,รถบดถนน,LIUGONG,CLG6612E,4
2567,รถบดถนน,LIUGONG,CLG6620E,7
2567,รถบดถนน,LIUGONG,,1
2567,รถบดถนน,MAX,YZ12HD,1
2567,รถบดถนน,SAKAI,R2,1
2567,รถบดถนน,SAKAI,R2-1,1
2567,รถบดถนน,SAKAI,R2S,1
2567,รถบดถนน,SAKAI,SV520D,4
2567,รถบดถนน,SAKAI,SV520DF,9
2567,รถบดถนน,SAKAI,SV520TF,1
2567,รถบดถนน,SAKAI,SV521D,14
2567,รถบดถนน,SAKAI,SV521DF,20
2567,รถบดถนน,SAKAI,SV521TF,4
2567,รถบดถนน,SAKAI,SV900DV,3
2567,รถบดถนน,SAKAI,SW650N,1
2567,รถบดถนน,SAKAI,SW652,1
2567,รถบดถนน,SAKAI,SW652H-1K,12
2567,รถบดถนน,SAKAI,SW70,1
2567,รถบดถนน,SAKAI,SW770HF,2
2567,รถบดถนน,SAKAI,SW770ND,1
2567,รถบดถนน,SAKAI,SW800,1
2567,รถบดถนน,SAKAI,SW800-II,1
2567,รถบดถนน,SAKAI,SW850,1
2567,รถบดถนน,SAKAI,SW850-II,1
2567,รถบดถนน,SAKAI,SW900,1
2567,รถบดถนน,SAKAI,SW990-1,1
2567,รถบดถนน,SAKAI,T2,26
2567,รถบดถนน,SAKAI,T2-1,2
2567,รถบดถนน,SAKAI,T600C,6
2567,รถบดถนน,SAKAI,TA5210,1
2567,รถบดถนน,SAKAI,TS-150,2
2567,รถบดถนน,SAKAI,TS150,6
2567,รถบดถนน,SAKAI,TS160,1
2567,รถบดถนน,SAKAI,TS200,13
2567,รถบดถนน,SAKAI,TS600C,1
2567,รถบดถนน,SAKAI,TS7409,2
2567,รถบดถนน,SAKAI,TW350,1
2567,รถบดถนน,SAKAI,TW450,1
2567,รถบดถนน,SAKAI,TW500,6
2567,รถบดถนน,SAKAI,TW500W,2
2567,รถบดถนน,SAKAI,TW500W-1,1
2567,รถบดถนน,SAKAI,TW502,1
2567,รถบดถนน,SAKAI,TW502-1,3
2567,รถบดถนน,SAKAI,TW504,2
2567,รถบดถนน,SAKAI,TZ600,1
2567,รถบดถนน,SAKAI,TZ701,1
2567,รถบดถนน,SAKAI,TZ701-1,1
2567,รถบดถนน,SAKAI,,2
2567,รถบดถนน,SANY,SSR100C-10,2
2567,รถบดถนน,SANY,SSR100C-10S,2
2567,รถบดถนน,SANY,SSR120C-10,10
2567,รถบดถนน,SANY,SSR120C-10S,2
2567,รถบดถนน,SEM,SEM510,2
2567,รถบดถนน,SHANTUI,SR12-5,1
2567,รถบดถนน,STAVOSTROJ,VV1400D,1
2567,รถบดถนน,SUMITOMO,HW41VW-5,1
2567,รถบดถนน,TUFT,TUC-140,1
2567,รถบดถนน,TUFT,TUR-100C,1
2567,รถบดถนน,UNIVERSAL TRACTOR,LRS1016,2
2567,รถบดถนน,VOLVO,DD100,3
2567,รถบดถนน,VOLVO,SD110,6
2567,รถบดถนน,WATANABE,WP20,1
2567,รถบดถนน,XCMG,XS113,7
2567,รถบดถนน,XCMG,XS113E,4
2567,รถบดถนน,XCMG,XS113PD,1
2567,รถบดถนน,XCMG,XS123,2
2567,รถบดถนน,XCMG,XS123H,1
2567,รถบดถนน,XCMG,XS123PD,8
2567,รถบดถนน,XCMG,XS263T,12
2567,รถบดถนน,XCMG,XS265SPD,1
2567,รถใช้ในงานเกษตรกรรม,ETAN4U,PD-2000,1
2567,รถใช้ในงานเกษตรกรรม,ETAN4U,PS-2000,1
2567,รถใช้ในงานเกษตรกรรม,PDK,,2
2567,รถใช้ในงานเกษตรกรรม,THAILAND,,5
2567,รถใช้ในงานเกษตรกรรม,ไม่ระบุ,,9
2567,รถพ่วง,BAILEY,RANGER 460-2,1
2567,รถพ่วง,SWIFT,CHALLENGER 530 SE,1
2567,รถพ่วง,ไม่ระบุ,ABBEY EXPRESSION 470,1
2567,รถพ่วง,ไม่ระบุ,ABBEY GTS,1
2567,รถพ่วง,ไม่ระบุ,ABBEY VOGUE GTS418,1
2567,รถพ่วง,ไม่ระบุ,ACE JUBILEE,1
2567,รถพ่วง,ไม่ระบุ,ADRIA ADORA,1
2567,รถพ่วง,ไม่ระบุ,AIRSTREAM,6
2567,รถพ่วง,ไม่ระบุ,AVONDALE,1
2567,รถพ่วง,ไม่ระบุ,BAILEY PAGEANT,5
2567,รถพ่วง,ไม่ระบุ,BAILEY PEGASUS,1
2567,รถพ่วง,ไม่ระบุ,BAILEY SENATOR,1
2567,รถพ่วง,ไม่ระบุ,BEAT BOAT U 15-18 FT,1
2567,รถพ่วง,ไม่ระบุ,BEAT BOAT V 10-14 FT,2
2567,รถพ่วง,ไม่ระบุ,BEAT BOAT V 15-17 FT,1
2567,รถพ่วง,ไม่ระบุ,BEAT BOAT V 15-19 FT,6
2567,รถพ่วง,ไม่ระบุ,BEAT BOAT V 24-26 FT,6
2567,รถพ่วง,ไม่ระบุ,BEAT BOX 160X300 CM,2
2567,รถพ่วง,ไม่ระบุ,BEAT BOX 2.0X5.2,1
2567,รถพ่วง,ไม่ระบุ,BEAT DIRT BIKE JR,4
2567,รถพ่วง,ไม่ระบุ,BEAT DIRT BIKE SR,7
2567,รถพ่วง,ไม่ระบุ,BEAT DOUBLE BIKE,3
2567,รถพ่วง,ไม่ระบุ,BEAT DOUBLE JETSKI,7
2567,รถพ่วง,ไม่ระบุ,BEAT FARM 10X5 FT,6
2567,รถพ่วง,ไม่ระบุ,BEAT FARM 6X4 FT,17
2567,รถพ่วง,ไม่ระบุ,BEAT FARM 8X5 FT,10
2567,รถพ่วง,ไม่ระบุ,BEAT FLAT BED 175X250 CM,1
2567,รถพ่วง,ไม่ระบุ,BEAT FLAT BED 175X350 CM,1
2567,รถพ่วง,ไม่ระบุ,BEAT GENSET II,1
2567,รถพ่วง,ไม่ระบุ,BEAT SHELTER,1
2567,รถพ่วง,ไม่ระบุ,BEAT SINGLE ATV JR,2
2567,รถพ่วง,ไม่ระบุ,BEAT SINGLE ATV SR,3
2567,รถพ่วง,ไม่ระบุ,BEAT SINGLE BIKE,5
2567,รถพ่วง,ไม่ระบุ,BEAT SINGLE JETSKI,13
2567,รถพ่วง,ไม่ระบุ,BEAT TOY HAULER,1
2567,รถพ่วง,ไม่ระบุ,BEAT TRANSPORTER,2
2567,รถพ่วง,ไม่ระบุ,BEAT TRANSPORTER II,1
2567,รถพ่วง,ไม่ระบุ,BEAT TRANSPORTER III,1
2567,รถพ่วง,ไม่ระบุ,BEAT TRANSPORTER STD WIDE,2
2567,รถพ่วง,ไม่ระบุ,BEAT TRICYCLE,5
2567,รถพ่วง,ไม่ระบุ,BEAT WAGON 116X190 CM,1
2567,รถพ่วง,ไม่ระบุ,BESSACARR CAMEO,1
2567,รถพ่วง,ไม่ระบุ,BOAT TRAILER,59
2567,รถพ่วง,ไม่ระบุ,BOX VAN TRAILER,63
2567,รถพ่วง,ไม่ระบุ,CAMPER,19
2567,รถพ่วง,ไม่ระบุ,CARAVAN,49
2567,รถพ่วง,ไม่ระบุ,CARAVAN PERFECT,17
2567,รถพ่วง,ไม่ระบุ,CARAVELAIR ANTARES,1
2567,รถพ่วง,ไม่ระบุ,CCMC-F03-2A-FTL,5
2567,รถพ่วง,ไม่ระบุ,CCMC-F04-2A-FTL,5
2567,รถพ่วง,ไม่ระบุ,CCMC-F05-1A-FTL,5
2567,รถพ่วง,ไม่ระบุ,CCMC-F06-1A-FTL,1
2567,รถพ่วง,ไม่ระบุ,CCMC-F11-2A-FTL,1
2567,รถพ่วง,ไม่ระบุ,CHALLENGER 520,1
2567,รถพ่วง,ไม่ระบุ,CHALLENGER 530,1
2567,รถพ่วง,ไม่ระบุ,CHARISMA 220,1
2567,รถพ่วง,ไม่ระบุ,CONQUEROR 630,1
2567,รถพ่วง,ไม่ระบุ,CONQUEROR 645,1
2567,รถพ่วง,ไม่ระบุ,ELDDIS,1
2567,รถพ่วง,ไม่ระบุ,ELDDIS ODYSSEY,2
2567,รถพ่วง,ไม่ระบุ,FLEETWOOD,1
2567,รถพ่วง,ไม่ระบุ,HOBBY,1
2567,รถพ่วง,ไม่ระบุ,KEYSTONE,1
2567,รถพ่วง,ไม่ระบุ,LUNAR,2
2567,รถพ่วง,ไม่ระบุ,LUNAR CLUBMAN,1
2567,รถพ่วง,ไม่ระบุ,LUNAR QUASAR,1
2567,รถพ่วง,ไม่ระบุ,MCK-MFT1,5
2567,รถพ่วง,ไม่ระบุ,MCK-MFT2,4
2567,รถพ่วง,ไม่ระบุ,MOTERBIKE TRAILER,49
2567,รถพ่วง,ไม่ระบุ,MTV-STL580,1
2567,รถพ่วง,ไม่ระบุ,PEGASUS GT65,1
2567,รถพ่วง,ไม่ระบุ,ROCKWOOD,1
2567,รถพ่วง,ไม่ระบุ,SPRITE QUATTR,1
2567,รถพ่วง,ไม่ระบุ,STERLING,1
2567,รถพ่วง,ไม่ระบุ,STREAMLINER,1
2567,รถพ่วง,ไม่ระบุ,SV TRAILER,2
2567,รถพ่วง,ไม่ระบุ,SWIFT,9
2567,รถพ่วง,ไม่ระบุ,SWIFT CHALLENGER,1
2567,รถพ่วง,ไม่ระบุ,TR0204,1
2567,รถพ่วง,ไม่ระบุ,TR0505B,2
2567,รถพ่วง,ไม่ระบุ,U TRAILER 2 AXLES,1
2567,รถพ่วง,ไม่ระบุ,UTILITY TRAILER,405
2567,รถพ่วง,ไม่ระบุ,VOGUE 495,1
2567,รถพ่วง,ไม่ระบุ,WEINSBERG CARAONE,1
2567,รถพ่วง,ไม่ระบุ,,14
2567,รถจักรยานยนต์สาธารณะ,GPX,ROCK Classic,1
2567,รถจักรยานยนต์สาธารณะ,HONDA,CLICK125,125
2567,รถจักรยานยนต์สาธารณะ,HONDA,GIORNO +,60
2567,รถจักรยานยนต์สาธารณะ,HONDA,GIORNO+,5
2567,รถจักรยานยนต์สาธารณะ,HONDA,LEAD125,44
2567,รถจักรยานยนต์สาธารณะ,HONDA,SCOOPY,20
2567,รถจักรยานยนต์สาธารณะ,HONDA,SUPER CUB,2
2567,รถจักรยานยนต์สาธารณะ,HONDA,WAVE110I,170
2567,รถจักรยานยนต์สาธารณะ,HONDA,WAVE125I,427
2567,รถจักรยานยนต์สาธารณะ,RAPID,SR09,2
2567,รถจักรยานยนต์สาธารณะ,SUZUKI,FV115LE,1
2567,รถจักรยานยนต์สาธารณะ,SUZUKI,NEX CROSSOVER,1
2567,รถจักรยานยนต์สาธารณะ,TAILG,DRAGONS,9
2567,รถจักรยานยนต์สาธารณะ,YAMAHA,Fazzio,2
2567,รถจักรยานยนต์สาธารณะ,YAMAHA,FINN,47
2567,รถจักรยานยนต์สาธารณะ,YAMAHA,GRAND FILANO,25
2567,รถจักรยานยนต์สาธารณะ,YAMAHA,PG-1,1
